symbol,pass_strategy,strategy_score,research_priority,reject_reasons,price,company_name,sector,industry,exchange,is_etf,is_fund,is_adr,is_actively_trading,fair_value,upside,score,wacc,dcf_growth_rate,growth_estimate,revenue_growth,fcf_growth,eps_growth,momentum_3m,momentum_6m,momentum_12m,free_cash_flow,market_cap,beta,roic,debt_to_equity,strategy
AU,True,0.8582598657068621,EXTREME_RESEARCH,,86.23,AngloGold Ashanti Plc,Basic Materials,Gold,NYSE,False,False,False,True,389.5290869653718,3.5173267652252322,0.9774193548387098,0.07817632563839133,0.3,0.3,0.25179348067325136,1.5115115382871172,0.5261767530159123,0.07800975121890241,0.019990537023893973,0.7919783873649211,3105000000.0,43599967350.0,0.638,0.436246042417821,0.3010752688172043,medium_factor_quality_value_momentum
AEM,True,0.8133881137149408,EXTREME_RESEARCH,,166.85,Agnico Eagle Mines Limited,Basic Materials,Gold,NYSE,False,False,False,True,597.1225339796993,2.5787985255001455,0.9388160366480401,0.07404988566292454,0.3,0.3,0.3244669569308387,0.8086210236389151,0.41341659752444326,-0.06855356445039917,-0.003940063279804118,0.3603750509580106,4261981000.0,83431046143.0,0.566,0.1897904848679102,0.012992642931601316,medium_factor_quality_value_momentum
CDE,True,0.8097007531204508,EXTREME_RESEARCH,,17.47,"Coeur Mining, Inc.",Basic Materials,Gold,NYSE,False,False,False,True,35.29782061229257,1.0204820041380978,0.9479622322553913,0.1149912641593015,0.3,0.3,0.25562618950766836,0.05,5.0,-0.011318619128466434,0.01569767441860459,0.9368070953436807,665717000.0,11375918429.0,1.269,0.20623472036378454,0.11029984144524187,medium_factor_quality_value_momentum
CART,True,0.8032241786037828,EXTREME_RESEARCH,,44.27,Instacart (Maplebear Inc.),Consumer Cyclical,Specialty Retail,NASDAQ,False,False,False,True,157.72728996034004,2.5628482033056255,0.9633736248571196,0.09286,0.3,0.3,0.19516017433820698,0.5367912713652889,1.3904572186687871,0.19875440021662616,-0.030230010952902453,0.026193787668057578,911000000.0,10404769866.0,0.881,0.21444590444409337,0.014297061159650517,medium_factor_quality_value_momentum
ANET,True,0.7893783498669291,EXTREME_RESEARCH,,174.56,"Arista Networks, Inc.",Technology,Computer Hardware,NYSE,False,False,False,True,96.79914822036571,-0.44546775767434865,0.6218128969302605,0.13666,0.3,0.3,0.32204469075067665,0.4541181620823256,0.4287202148493998,0.3302850175278158,0.4266100032690423,0.9343971631205674,4252400000.0,219800617097.0,1.611,1.9577143426804464,0.0,medium_factor_quality_value_momentum
CHRW,True,0.7460248757093019,EXTREME_RESEARCH,,187.07,"C.H. Robinson Worldwide, Inc.",Industrials,Integrated Freight & Logistics,NASDAQ,False,False,False,True,344.88763867438183,0.8436287949664929,0.8787318563159084,0.09194243226544213,0.3,0.3,-0.0844436722565669,1.4702478983590073,-0.06463860178812897,0.10770961629559439,0.16845721424109938,1.0026763729793382,894891000.0,22050509967.0,0.925,0.19493441292613778,0.8827007548030582,medium_factor_quality_value_momentum
APH,True,0.7090068860552856,HIGH_RESEARCH,,165.96,Amphenol Corporation,Technology,"Hardware, Equipment & Parts",NYSE,False,False,False,True,115.15793440221614,-0.3061103012640628,0.5908756937058547,0.10960140527680501,0.28215321461803305,0.28215321461803305,0.2071404050332739,0.38796503086170353,0.2734611094220454,0.3094524222818369,0.31183305667536154,0.7755429549588104,4378100000.0,204168970800.0,1.275,0.26261354326352615,1.1557358105136024,medium_factor_quality_value_momentum
ADBE,True,0.7006084186068401,EXTREME_RESEARCH,,194.9,Adobe Inc.,Technology,Software - Application,NASDAQ,False,False,False,True,374.4776394660408,0.9213834759673718,0.8663952561691592,0.11750312306677876,0.10929295899975376,0.10929295899975376,0.10774954699996808,0.09339990335430426,0.13621936646749933,-0.21458795083618776,-0.4504595951051712,-0.48444609036080843,9852000000.0,77472751754.0,1.404,0.6086966600621168,0.5719693710745934,medium_factor_quality_value_momentum
ACN,True,0.6982765943232978,HIGH_RESEARCH,,124.83,Accenture plc,Technology,Information Technology Services,NYSE,False,False,False,True,311.89273044905786,1.4985398577990696,0.8560229471392257,0.10000643293456567,0.07569616963458604,0.07569616963458604,0.08360621097031795,0.06683079761139421,0.07317414499790997,-0.37581879093954706,-0.5439833418572368,-0.5925647888243357,10874360000.0,76638005370.0,1.072817,0.2795723096780551,0.2623096332714717,medium_factor_quality_value_momentum
AVGO,True,0.6586964187588105,HIGH_RESEARCH,,392.13,Broadcom Inc.,Technology,Semiconductors,NASDAQ,False,False,False,True,129.93147576125446,-0.668652039473505,0.48214260305013923,0.12304331518091566,0.24311551835382011,0.24311551835382011,0.23514383941859118,0.1922308487932538,0.3353858805651273,0.26285787897330204,0.20277897061529981,0.5606543023163257,26914000000.0,1865589845400.0,1.433,0.19223707729114697,0.8012596565467697,medium_factor_quality_value_momentum
BMRN,True,0.6541661457471117,HIGH_RESEARCH,,55.9,BioMarin Pharmaceutical Inc.,Healthcare,Biotechnology,NASDAQ,False,False,False,True,486.1240790150664,7.696316261450205,0.8167084847777842,0.05226610896203569,0.27711749084988296,0.27711749084988296,0.14929657307868505,0.40637977500184275,0.33886590016433904,0.032699057823757594,0.0791505791505791,0.011947863866763164,724956000.0,10804575600.0,0.24,0.07462954325011181,0.10561411296436882,medium_factor_quality_value_momentum
BSX,True,0.6502351278103439,HIGH_RESEARCH,,44.33,Boston Scientific Corporation,Healthcare,Medical - Devices,NYSE,False,False,False,True,152.95998018562244,2.4504845518976417,0.8096034395921125,0.06587933105515746,0.22511303938253954,0.22511303938253954,0.13993813039925906,0.29121021437864436,0.2963170948549432,-0.3619746689694877,-0.5308001693480102,-0.562691131498471,3658000000.0,65890125085.0,0.559,0.09803656797076966,0.5124417117154294,medium_factor_quality_value_momentum
AMAT,True,0.6354167561992513,HIGH_RESEARCH,,640.18,"Applied Materials, Inc.",Technology,Semiconductors,NASDAQ,False,False,False,True,75.87101862957051,-0.8814848657727975,0.4302367415041741,0.13894617772092593,0.056136814979559885,0.056136814979559885,0.05312089527295338,0.045225526578527964,0.07853558699432073,0.7929199574301236,1.5785636605308735,2.7038879888914598,5698000000.0,508276947897.0,1.672,0.33118568729168585,0.3453343130051433,medium_factor_quality_value_momentum
CF,True,0.6235106618960766,HIGH_RESEARCH,,103.6,"CF Industries Holdings, Inc.",Basic Materials,Agricultural Inputs,NYSE,False,False,False,True,410.8147430030292,2.965393272230012,0.7722009024756582,0.05748181906714192,0.03338837663853546,0.03338837663853546,0.02025424180109936,-0.06412479241482505,0.2059263998934484,-0.17053642914331468,0.3112264270345524,0.032798325191905064,1802000000.0,15915964400.0,0.382,0.27916840670809856,0.815832988838363,medium_factor_quality_value_momentum
CHKP,True,0.6198209362599962,HIGH_RESEARCH,,120.3,Check Point Software Technologies Ltd.,Technology,Software - Infrastructure,NASDAQ,False,False,False,True,432.5393150250956,2.5955055280556576,0.8032874512152737,0.059916644942790524,0.054606801688886646,0.054606801688886646,0.05901681574429074,0.004099303731465831,0.12154802051420965,-0.2123354940090355,-0.35785203373545427,-0.4492262613313799,1207600000.0,12539229900.0,0.489,0.3984045871167871,0.6842580063148399,medium_factor_quality_value_momentum
AIT,True,0.6190192577222647,HIGH_RESEARCH,,338.07,"Applied Industrial Technologies, Inc.",Industrials,Industrial - Distribution,NYSE,False,False,False,True,367.4709104968333,0.08696693139537182,0.7241466124744296,0.08926258303682935,0.16983042189729453,0.16983042189729453,0.0897410102605023,0.19800005971074897,0.28775478845069724,0.33219056626078736,0.31683091185291934,0.49469449111327246,465198000.0,12494912026.0,0.853,0.19279969971829017,0.31027042265738514,medium_factor_quality_value_momentum
CDNS,True,0.6176740900546698,HIGH_RESEARCH,,389.04,"Cadence Design Systems, Inc.",Technology,Software - Application,NASDAQ,False,False,False,True,120.55493093940126,-0.6901220158867951,0.49337780285545785,0.10731753416515012,0.13468675349761453,0.13468675349761453,0.15384783430991567,0.113012020072224,0.12887669201109797,0.3703416696019728,0.2428598811577536,0.3106050397520552,1586910000.0,107303456640.0,1.149,0.24267078988889268,0.45306320708065734,medium_factor_quality_value_momentum
BALL,True,0.6107491582201211,HIGH_RESEARCH,,58.2,Ball Corporation,Consumer Cyclical,Packaging & Containers,NYSE,False,False,False,True,151.73205061526525,1.6070799074787843,0.7511230217120509,0.08044550382395425,0.3,0.3,-0.014131805618441518,3.814194697790617,0.05637232868037745,0.019978969505783484,0.11772613789130015,0.04245029554003232,788000000.0,15495546940.0,1.014,0.09813464318410402,1.2934882862940418,medium_factor_quality_value_momentum
CCK,True,0.6090610449205606,HIGH_RESEARCH,,103.22,"Crown Holdings, Inc.",Consumer Cyclical,Packaging & Containers,NYSE,False,False,False,True,712.1498799577995,5.899340049968994,0.7496328650612334,0.06885739345263983,0.3,0.3,0.02065619612095415,1.3106674390314574,0.021248156186912004,0.04855749695245826,-0.01035474592521568,0.006631558416227756,1098000000.0,11534525340.0,0.625,0.14963286506123336,2.058686228742914,medium_factor_quality_value_momentum
APP,True,0.6061073196065981,HIGH_RESEARCH,,469.39,AppLovin Corporation,Technology,Software - Application,NASDAQ,False,False,False,True,196.57898418254976,-0.5812032975083624,0.47545829076237045,0.18423274862537084,0.3,0.3,0.1835526106181118,0.818594843228607,3.7152771284692196,0.06103212097922639,-0.2856968940696666,0.3630397537532304,3942776000.0,157686655517.0,2.455,1.1295982725695892,1.6605561231683945,medium_factor_quality_value_momentum
ALKS,False,0.9015266567309344,IGNORE,market_cap_too_small,46.02,Alkermes plc,Healthcare,Biotechnology,NASDAQ,False,False,False,True,272.2474297300315,4.915850276619546,0.997114308014918,0.06125057684406616,0.27951281128338334,0.27951281128338334,0.05893710406275465,0.8764900358698118,-0.1748016111550018,0.6348134991119008,0.6412268188302426,0.569041936583703,480334000.0,7670420638.0,0.334,0.3695117873953007,0.038475893134428445,medium_factor_quality_value_momentum
BWAY,False,0.8946959110223128,IGNORE,excluded_adr;market_cap_too_small,14.38,BrainsWay Ltd.,Healthcare,Medical - Devices,NASDAQ,False,False,True,True,132.78421955348782,8.233951290228637,0.9930173720653912,0.04906,0.3,0.3,0.15196108410399156,1.5218465559655598,3.0,0.05270863836017581,0.7687576875768758,1.6050724637681162,16402090.0,564026740.0,0.151,0.3924285778506245,0.09310170579478565,medium_factor_quality_value_momentum
ARGX,False,0.8937090705021272,IGNORE,excluded_adr,903.75,argenx SE,Healthcare,Biotechnology,NASDAQ,False,False,True,True,5240.856140526278,4.799010943874166,0.9991449615818019,0.038045578832450515,0.3,0.3,0.700017883424298,0.05,0.5359937402190924,0.3612127784555601,0.04837306420741272,0.68008254015467,844301380.0,55927122750.0,-0.033,0.35176986527126763,0.011400512242642862,medium_factor_quality_value_momentum
BLBD,False,0.8718916053560462,IGNORE,market_cap_too_small,75.91,Blue Bird Corporation,Consumer Cyclical,Auto - Manufacturers,NASDAQ,False,False,False,True,153.62282732869093,1.0237495366709384,0.9734772820703562,0.12017010990364632,0.3,0.3,0.2128566103180094,0.17320086025763848,1.289812927564879,0.4207374134381434,0.4668599033816425,0.8142925430210324,153342000.0,2402292571.0,1.372,1.0683737196405492,0.3536362390619188,medium_factor_quality_value_momentum
ALL,False,0.8501988112587014,IGNORE,excluded_sector_or_industry,222.56,The Allstate Corporation,Financial Services,Insurance - Property & Casualty,NYSE,False,False,False,True,4117.079016683044,17.498737494082693,0.9816481541979746,0.050429030023581185,0.2109554350715894,0.2109554350715894,0.08094212485766072,0.1996618776592134,0.48792239161801065,0.08238498200564148,0.06447292902238377,0.13742525680993523,9882000000.0,57291617760.0,0.192,0.31553711387736283,0.24469127736033977,medium_factor_quality_value_momentum
BKTI,False,0.8487677706636527,IGNORE,market_cap_too_small,81.16,BK Technologies Corporation,Technology,Communication Equipment,AMEX,False,False,False,True,304.9723144973048,2.757667748857871,0.9973572643071279,0.07780000000000001,0.3,0.3,0.17387572282148445,0.8025271818983251,0.528888888888889,0.05635819341403092,0.11560137457044672,0.5713455953533397,18402000.0,303879110.0,0.63,0.5717189010227519,0.03523647590496219,medium_factor_quality_value_momentum
AUPH,False,0.839532183275514,IGNORE,market_cap_too_small,17.53,Aurinia Pharmaceuticals Inc.,Healthcare,Biotechnology,NASDAQ,False,False,False,True,31.470130222530187,0.7952156430422239,0.9903481837369761,0.12604,0.3,0.3,0.5783909883533556,2.0699435463758586,51.671755725190835,0.25035663338088465,0.11019632678910707,1.2133838383838387,135406000.0,2254393060.0,1.434,0.26416872622469456,0.12869088350698654,medium_factor_quality_value_momentum
AERO,False,0.8391302300302983,IGNORE,excluded_adr;market_cap_too_small;debt_too_high_or_invalid,17.39,"Grupo Aeroméxico, S.A.B. de C.V.",Industrials,"Airlines, Airports & Air Services",NYSE,False,False,True,True,138.56429613845893,6.968044631308736,1.0,0.10482578657448777,0.3,0.3,1.6485959491452564,-0.239669539407956,-0.6445906733445446,0.4069579288025891,-0.17111534795042893,0.0,589892120.0,2537260126.0,1.9126009,0.29294178477076327,-6.849662169269742,medium_factor_quality_value_momentum
ACGL,False,0.833019214640909,IGNORE,excluded_sector_or_industry,92.04,Arch Capital Group Ltd.,Financial Services,Insurance - Diversified,NASDAQ,False,False,False,True,1316.0732921992444,13.29892755540248,0.9915444517888128,0.05714623380359868,0.20123773326424468,0.20123773326424468,0.22245107387421936,0.15985256775970602,0.22088880030110314,-0.0028169014084505895,-0.04015017207216598,0.01926910299003337,6128000000.0,32157817680.0,0.306,0.27582619327022306,0.11274064281583078,medium_factor_quality_value_momentum
BCRX,False,0.8328332753715758,IGNORE,market_cap_too_small;debt_too_high_or_invalid,9.14,"BioCryst Pharmaceuticals, Inc.",Healthcare,Biotechnology,NASDAQ,False,False,False,True,69.35769597636744,6.5883693628410755,1.0,0.08700349380466967,0.26599710247865355,0.26599710247865355,0.5359934805769704,0.05,0.05,-0.057731958762886504,0.28190743338008417,-0.08232931726907633,327412000.0,1918428528.0,0.565,7.481820287778556,-3.683281159517595,medium_factor_quality_value_momentum
BAP,False,0.8281544949995917,IGNORE,excluded_sector_or_industry,380.57,Credicorp Ltd.,Financial Services,Banks - Diversified,NYSE,False,False,False,True,2763.53665694605,6.261572527908268,0.9246984338014763,0.10373773474699594,0.19545920980208314,0.19545920980208314,0.10752132907036982,0.32397723981807425,0.1785579262415231,0.18321726153463502,0.3808780841799708,0.7475777196124351,7735202000.0,30235646001.0,0.862,0.26604513064043794,0.9434770133414256,medium_factor_quality_value_momentum
AAUC,False,0.8267793112489865,IGNORE,market_cap_too_small,25.81,Allied Gold Corporation,Basic Materials,Gold,NYSE,False,False,False,True,57.969592954774086,1.246012900223715,0.9687616073246667,0.06986579738624307,0.3,0.3,0.25763435125924117,12.35594325778575,0.05,-0.1565359477124184,0.13201754385964892,0.8702898550724636,81912000.0,3248994520.0,0.508,2.4301779603712887,0.41651190233777957,medium_factor_quality_value_momentum
BGNE,False,0.8213382208149028,IGNORE,excluded_adr;not_actively_trading,184.71,"BeiGene, Ltd.",Healthcare,Biotechnology,NASDAQ,False,False,True,False,460.2640177502966,1.4918197052151836,0.9812062247173596,0.07596831907212168,0.23217165297183678,0.23217165297183678,0.45988621918663264,0.05,0.05,-0.21232876712328763,0.24341127179348576,0.039548022598870025,941741000.0,20209121100.0,0.63,0.3395193432287901,0.2505836704352065,medium_factor_quality_value_momentum
ANDG,False,0.8198262380669158,IGNORE,market_cap_too_small;debt_too_high_or_invalid,35.93,Andersen,Consumer Cyclical,Specialty Business Services,NYSE,False,False,False,True,434.77009012538673,11.100475650581318,0.9552657694455231,0.09042473341129834,0.15526576944552303,0.15526576944552303,0.14554750563659158,0.2384006341544469,0.05,0.28781362007168454,0.528936170212766,0.0,173557000.0,4057660342.0,0.9672497,0.6792959985735725,-3.417854836674559,medium_factor_quality_value_momentum
ABMD,False,0.8175444651129563,IGNORE,not_actively_trading,381.02,"Abiomed, Inc.",Healthcare,Medical - Devices,NASDAQ,False,False,False,False,904.7711866312803,1.3746028728971718,0.931156374365917,0.04,0.13115637436591698,0.13115637436591698,0.14813567681524975,0.1625034856801184,0.0501771024959492,0.5712812445874056,0.49548625873302465,0.08179775985917503,249627000.0,17180649405.0,0.0,0.35848785873375855,0.0,medium_factor_quality_value_momentum
AXL,False,0.8154639332169821,IGNORE,not_actively_trading;market_cap_too_small;wacc_out_of_range,8.62,"American Axle & Manufacturing Holdings, Inc.",Consumer Cyclical,Auto - Parts,NYSE,False,False,False,False,17.582377245519883,1.0397189379953464,0.9841562500000001,0.2567428135242579,0.2641922321710888,0.2641922321710888,0.03145665391134922,-0.18824478587417182,1.4083189157584588,-0.10703363914373087,-0.020134228187919434,0.2835164835164836,155100000.0,1023195095.0,1.59,1.1009803921568628,0.21125,medium_factor_quality_value_momentum
BBSI,False,0.814942488273329,IGNORE,market_cap_too_small,32.34,"Barrett Business Services, Inc.",Industrials,Staffing & Employment Services,NASDAQ,False,False,False,True,85.79004325435949,1.6527533473827916,0.9923901452282159,0.0976,0.3,0.3,0.06748503921492466,0.9991103485087092,0.13712725322171804,0.15748031496063009,-0.12333965844402273,-0.2190292199951701,47178000.0,794259049.0,0.96,0.43785435776991766,0.10146473029045643,medium_factor_quality_value_momentum
CALM,False,0.81121696802281,IGNORE,market_cap_too_small,75.97,"Cal-Maine Foods, Inc.",Consumer Defensive,Agricultural Farm Products,NASDAQ,False,False,False,True,2868.150018532272,36.753718817062946,1.0,0.054400000000000004,0.3,0.3,0.33320977921056016,1.7071078811637919,3.928134425602944,-0.030376515634971235,-0.13365263998175392,-0.2629281071116717,1067529000.0,3599200302.0,0.24,1.0000823946588546,0.0,medium_factor_quality_value_momentum
BZ,False,0.8056127723185083,IGNORE,excluded_adr;market_cap_too_small,13.58,Kanzhun Limited,Industrials,Staffing & Employment Services,NASDAQ,False,False,True,True,828.7577586404557,60.02781727838407,0.9994097304874254,0.06783309297818657,0.3,0.3,0.18035763686285633,0.3384235522481347,1.8811567284200033,-0.003668378576669129,-0.33136386016740516,-0.2349295774647887,4433248000.0,6214250071.0,0.481,7.047504322452875,0.007870260167662192,medium_factor_quality_value_momentum
BDSI,False,0.8036360899412226,IGNORE,not_actively_trading;market_cap_too_small,5.59,"BioDelivery Sciences International, Inc.",Healthcare,Drug Manufacturers - Specialty & Generic,NASDAQ,False,False,False,False,81.56141526918766,13.590593071411032,0.9089096701535024,0.04561485303324752,0.3,0.3,0.28060207883013466,0.922306068344684,2.018461712712472,0.8149350649350648,0.5484764542936289,0.0,40622000.0,577050110.0,0.0,0.18238615320660595,0.3130197740413796,medium_factor_quality_value_momentum
ARCH,False,0.8024241906218433,IGNORE,not_actively_trading;market_cap_too_small,134.83,"Arch Resources, Inc.",Energy,Coal,NYSE,False,False,False,False,1570.650686978726,10.64911879387915,0.9922004270488612,0.07702038470876049,0.3,0.3,0.08210461453490536,0.7377538494227613,0.21400290392999666,-0.07524005486968444,-0.17129686539643507,-0.20162245381335853,459337000.0,2441582538.0,0.611,0.3502101591079726,0.10399430601518396,medium_factor_quality_value_momentum
AZN,False,0.7977303757446796,IGNORE,excluded_adr,176.43,AstraZeneca PLC,Healthcare,Drug Manufacturers - General,NYSE,False,False,True,True,773.8097255716114,3.3859305422638517,0.8603538370631808,0.05238902950074148,0.3,0.3,0.1193461147663093,0.23202982053153498,2.006920461204879,-0.03905228758169932,-0.04503382949932333,0.22862116991643466,8670000000.0,273618614241.0,0.214,0.15612869476963476,0.6103314360860542,medium_factor_quality_value_momentum
APPF,False,0.7946881081576908,IGNORE,market_cap_too_small,144.38,"AppFolio, Inc.",Technology,Software - Application,NASDAQ,False,False,False,True,354.24424028767544,1.4535547879739261,0.9901239727302384,0.08693927146867562,0.3,0.3,0.2753792607682577,2.074871838849074,4.126406955025558,-0.13076459963877185,-0.3825428730274131,-0.35466857372726057,238950000.0,5177859947.0,0.793,0.3689251454596439,0.13168036359682184,medium_factor_quality_value_momentum
CHA,False,0.7925123700947354,IGNORE,market_cap_too_small,11.22,Chagee Holdings Limited American Depositary Shares,Consumer Defensive,Beverages - Non-Alcoholic,NASDAQ,False,False,False,True,261.11341648001525,22.272140506240216,0.9869824295532678,0.12435814534409287,0.3,0.3,1.9720773204970468,2.3291249608741578,0.17407000088260371,0.060491493383743045,-0.1670378619153675,-0.6035335689045936,1191771000.0,2140364540.0,1.8171759,1.582968543246667,0.17356760595643098,medium_factor_quality_value_momentum
BOX,False,0.7873451981177023,IGNORE,market_cap_too_small;debt_too_high_or_invalid,24.36,"Box, Inc.",Technology,Software - Application,NYSE,False,False,False,True,61.47300646024099,1.5235224326864119,0.9791351968319062,0.09943062776466834,0.17913519683190618,0.17913519683190618,0.07720499374508538,0.11082816695578357,0.4854561478197317,-0.010560519902518384,-0.19284294234592447,-0.3043974871502,350376000.0,3374654964.0,1.414,0.2799659494896793,-3.422760777604769,medium_factor_quality_value_momentum
CEO,False,0.7863749750417219,IGNORE,not_actively_trading;market_cap_too_small,121.76,CNOOC Limited,Energy,Oil & Gas Exploration & Production,NYSE,False,False,False,False,23610.77684831073,192.9124248382944,0.9565437698448942,0.057692518137784345,0.3,0.3,0.28262547127466897,0.9375827478744228,0.5085249333643773,0.0,0.0,0.0,97532000000.0,5974874610.0,0.0,0.21576260930403265,0.1229178594551788,medium_factor_quality_value_momentum
AIZ,False,0.7844576867832372,IGNORE,excluded_sector_or_industry,261.58,"Assurant, Inc.",Financial Services,Insurance - Specialty,NYSE,False,False,False,True,1463.77361061836,4.595892692936616,0.9207589494563303,0.06906624319487885,0.15147929281353215,0.15147929281353215,0.059023873806267835,0.28061898283031317,0.14268059580288917,0.2291715614867722,0.10352683091461357,0.3389639639639639,1598400000.0,12960670886.0,0.569,0.24746916205869843,0.3758600722120035,medium_factor_quality_value_momentum
CIB,False,0.7774360095702608,IGNORE,excluded_adr;excluded_sector_or_industry;wacc_out_of_range,81.28,Grupo Cibest S.A.,Financial Services,Banks - Regional,NYSE,False,False,True,True,149640.0035331614,1840.0433505556273,0.8852785874580847,0.5421822113463772,0.2178172123882853,0.2178172123882853,0.1860431402564744,0.3137276937409226,0.13749963462295112,0.17814175967531543,0.31457221413553293,0.881046054154131,10014723000000.0,19284918220.0,0.468,0.17184184474640504,0.48751009717760374,medium_factor_quality_value_momentum
BY,False,0.7713680694211477,IGNORE,excluded_sector_or_industry;market_cap_too_small,35.48,"Byline Bancorp, Inc.",Financial Services,Banks - Regional,NYSE,False,False,False,True,69.33177358978747,0.9541086130154306,0.9180711915613957,0.13064119276069047,0.15148930378738093,0.15148930378738093,0.18788977848406607,0.17225320922443665,0.04754249623842699,0.17250495703899515,0.15344603381014288,0.41976790716286505,136321000.0,1611121964.0,0.747,0.37363317279520264,0.4455748296798028,medium_factor_quality_value_momentum
BSMX,False,0.7640942626450025,IGNORE,excluded_adr;not_actively_trading;excluded_sector_or_industry;market_cap_too_small;wacc_out_of_range,5.46,"Banco Santander México, S.A., Institución de Banca Múltiple, Grupo Financiero Santander México",Financial Services,Banks - Regional,NYSE,False,False,True,False,101.13056054220462,17.52208068538546,0.9324835783547076,0.3253291503897786,0.20552848263583925,0.20552848263583925,0.0462617366717073,0.5173982907992942,0.05625726231892059,-0.17021276595744683,-0.06506849315068497,0.024390243902439046,32433000000.0,7405179425.0,0.811263,0.3320481617910756,0.9002189552705662,medium_factor_quality_value_momentum
BCAL,False,0.7613069793961399,IGNORE,excluded_sector_or_industry;market_cap_too_small,19.7,Southern California Bancorp,Financial Services,Banks - Regional,NASDAQ,False,False,False,True,62.89688553896688,2.1927353065465423,0.9151618749317125,0.11929100921060394,0.3,0.3,0.3490938082834787,0.33553354455270545,0.2795468828322425,0.13741339491916849,0.010774756285274467,0.3718662952646239,56944000.0,633647033.0,0.305,0.1744888443690559,0.12435959249791011,medium_factor_quality_value_momentum
ANF,False,0.7590689565406897,IGNORE,market_cap_too_small,86.07,Abercrombie & Fitch Co.,Consumer Cyclical,Apparel - Retail,NYSE,False,False,False,True,231.62675469145415,1.691143890919649,0.9281561000265713,0.09472,0.1905590040899093,0.1905590040899093,0.09131916202409007,0.2790953566175498,0.256234159430087,-0.02170947942714263,-0.26536360532604986,0.1348892405063289,378368000.0,3824237280.0,0.912,0.27947692996273005,0.8320387208445076,medium_factor_quality_value_momentum
AIZN,False,0.7524292001057075,IGNORE,excluded_sector_or_industry,18.93,"Assurant, Inc. 5.25% Subordinat",Financial Services,Insurance - Diversified,NYSE,False,False,False,True,1482.4481067052986,77.31210283704695,0.9207589494563303,0.06857367800971802,0.15147929281353215,0.15147929281353215,0.059023873806267835,0.28061898283031317,0.14268059580288917,-0.046347607052896755,-0.03908629441624367,-0.04442200908631999,1598400000.0,12895886167.0,0.5598105,0.24746916205869843,0.3758600722120035,medium_factor_quality_value_momentum
BMI,False,0.7522110798501116,IGNORE,market_cap_too_small,134.82,"Badger Meter, Inc.",Technology,"Hardware, Equipment & Parts",NYSE,False,False,False,True,236.76402873207627,0.7561491524408566,0.9908854885031355,0.08050000000000002,0.19088548850313544,0.19088548850313544,0.16061190179545837,0.2039212767276226,0.23187897958175885,-0.08868460186562122,-0.25460275335876603,-0.4420625724217845,169672000.0,3934798547.0,0.675,0.28259654599079176,0.0,medium_factor_quality_value_momentum
CAAP,False,0.7477235654740462,IGNORE,market_cap_too_small,26.59,Corporación América Airports S.A.,Industrials,"Airlines, Airports & Air Services",NYSE,False,False,False,True,168.17920089430683,5.324904132918648,0.8918427871423996,0.07926037112013888,0.3,0.3,0.2907456608853034,0.4617533216328773,0.13123134304820194,0.09423868312757189,0.061900958466453604,0.3470111448834854,446505000.0,4340091779.0,0.679,0.19407545251865874,0.6964355383501232,medium_factor_quality_value_momentum
AMRX,False,0.7429383727182636,IGNORE,market_cap_too_small;debt_too_high_or_invalid,16.11,"Amneal Pharmaceuticals, Inc.",Healthcare,Drug Manufacturers - Specialty & Generic,NASDAQ,False,False,False,True,26.09119489773597,0.619565170560892,0.9151172108709184,0.10319061201350069,0.3,0.3,0.0957970855260426,0.11621358419221339,2.142857142857143,0.36179205409974635,0.3065693430656933,1.0289672544080601,269929000.0,5139457179.0,1.317,0.16511721087091827,-38.654038477837105,medium_factor_quality_value_momentum
APXT,False,0.7401713000183038,IGNORE,excluded_sector_or_industry;market_cap_too_small,10.05,Apex Treasury Corporation Class A,Financial Services,Shell Companies,NASDAQ,False,False,False,True,43.680603291428845,3.3463286857143126,0.9126604214160059,0.04292884370730169,0.11421917754459611,0.11421917754459611,0.269349011443891,-0.04980781595806638,0.05,0.01106639839034207,0.016177957532861553,0.0,81573999.0,1876043630.0,0.052608386,3.775163364052381,0.02078341504786933,medium_factor_quality_value_momentum
CHWY,False,0.7365278127101175,IGNORE,market_cap_too_small,17.51,"Chewy, Inc.",Consumer Cyclical,Specialty Retail,NYSE,False,False,False,True,40.36592710834824,1.3053070878554105,0.9161277364932718,0.12564100359125843,0.3,0.3,0.08877675586065914,1.8476178722397245,0.6303244155029162,-0.2507488232777064,-0.4659957304056114,-0.5785800240673886,562400000.0,7251247031.0,1.43,1.2233334420106718,1.1182968467563768,medium_factor_quality_value_momentum
ALAB,False,0.7361341365499509,IGNORE,wacc_out_of_range,439.66,"Astera Labs, Inc. Common Stock",Technology,Semiconductors,NASDAQ,False,False,False,True,21.80106856526331,-0.9504138002882607,0.5980669116493136,0.27778,0.3,0.3,1.2017644470675775,1.750749284884459,0.05,2.7888659083074803,2.135054192812322,3.4173615995177338,281762000.0,75361214461.0,3.963,0.8222472499237853,0.025774511342486327,medium_factor_quality_value_momentum
CBT,False,0.7325451172034441,IGNORE,market_cap_too_small,90.7,Cabot Corporation,Basic Materials,Chemicals - Specialty,NYSE,False,False,False,True,399.41702924543563,3.4037158681966444,0.8540376751097379,0.08262269872469208,0.3,0.3,0.021584951711544065,0.8475449892786806,0.0852422433167952,0.3373636095547039,0.34310676736265355,0.24093583253523043,391000000.0,4682062522.0,0.829,0.162827997690383,0.7838709677419354,medium_factor_quality_value_momentum
CB,False,0.7322989233648101,IGNORE,excluded_sector_or_industry,325.2,Chubb Limited,Financial Services,Insurance - Property & Casualty,NYSE,False,False,False,True,1593.0862904618464,3.8987893310634885,0.8337583260963963,0.06144716427035862,0.08413445044011854,0.08413445044011854,0.10042195938895349,0.06853866980894319,0.07495310348921169,0.008122016244032526,0.03911042944785281,0.1525784157363106,14537000000.0,126132106471.0,0.421,0.21757030785932283,0.23928576270726845,medium_factor_quality_value_momentum
ABEV,False,0.7308740888606677,IGNORE,excluded_adr,3.14,Ambev S.A.,Consumer Defensive,Beverages - Alcoholic,NYSE,False,False,True,True,24.019864331160125,6.649638322025517,0.8523112356171753,0.0934453834319919,0.056874999886952465,0.056874999886952465,0.04907286408147282,0.06871593808501042,0.054717864200824806,0.15867158671586723,0.24603174603174605,0.30290456431535273,19859809000.0,48973729060.0,0.267,0.25192700416796826,0.06085019026369611,medium_factor_quality_value_momentum
BFST,False,0.7278410535863319,IGNORE,excluded_sector_or_industry;market_cap_too_small,29.0,"Business First Bancshares, Inc.",Financial Services,Banks - Regional,NASDAQ,False,False,False,True,58.28913619942113,1.0099702137731423,0.8775360763411435,0.1563977658108565,0.17117083643612915,0.17117083643612915,0.2599901631129564,0.15096723474719087,0.023837585615882118,0.12359550561797761,0.03349964362081259,0.25486802250108176,92083000.0,947661971.0,0.791,0.202470919241115,0.6147423911480093,medium_factor_quality_value_momentum
AZZ,False,0.7204460945271208,IGNORE,market_cap_too_small,158.24,AZZ Inc.,Industrials,Manufacturing - Metal Fabrication,NYSE,False,False,False,True,549.4512977065292,2.472265531512444,0.8263422199303931,0.10635828541368489,0.3,0.3,0.3311065611066679,0.6668419131616115,0.46346215919759604,0.3299714237687006,0.4600479793319803,0.7700223713646532,444670000.0,4749826784.0,1.13,0.10654267900725826,0.4026727876915345,medium_factor_quality_value_momentum
AVPT,False,0.7191773807714594,IGNORE,market_cap_too_small,9.97,"AvePoint, Inc.",Technology,Software - Infrastructure,NASDAQ,False,False,False,True,15.116562650748472,0.5162048797139891,0.9984412438714099,0.10978000000000002,0.3,0.3,0.21592945550065012,2.1666195214770436,0.05,-0.03203883495145632,-0.27226277372262764,-0.4587404994571118,81574000.0,2113811444.0,1.163,3.775163364052381,0.02078341504786933,medium_factor_quality_value_momentum
CAH,False,0.7180451944343268,IGNORE,debt_too_high_or_invalid,222.74,"Cardinal Health, Inc.",Healthcare,Medical - Distribution,NYSE,False,False,False,True,333.9769903370868,0.49940284788132705,0.9303776056331161,0.06429747191556562,0.1306164664805852,0.1306164664805852,0.08188043912791954,-0.02282483604304597,0.4582504749713632,0.07174132704614355,0.12245515017133646,0.3466747279322855,1850000000.0,52167044440.0,0.526,0.6315765726711834,-3.360302049622438,medium_factor_quality_value_momentum
CLBT,False,0.7176486863774005,IGNORE,market_cap_too_small,12.42,Cellebrite DI Ltd.,Technology,Software - Infrastructure,NASDAQ,False,False,False,True,18.797035371378747,0.5134489026874998,0.99648939333248,0.11032,0.22266269413703207,0.22266269413703207,0.17892257921555088,0.5365099370140167,-0.16062794033548233,-0.12964260686755424,-0.324265505984766,-0.2038461538461538,155734000.0,3098042527.0,1.172,0.821073087890077,0.046808088900268004,medium_factor_quality_value_momentum
CHX,False,0.7172912431465462,IGNORE,not_actively_trading;market_cap_too_small,25.81,ChampionX Corporation,Energy,Oil & Gas Equipment & Services,NASDAQ,False,False,False,False,52.87427686469577,1.04859654648182,0.8916722157063186,0.12452961713437666,0.2253462410769226,0.2253462410769226,0.17600062125437166,0.14063926253898207,0.45109794852893526,0.05433006535947715,-0.08345170454545459,-0.21022031823745413,448371000.0,4940988764.0,1.511,0.1699343497515093,0.3768284539358776,medium_factor_quality_value_momentum
BILI,False,0.7131591482097563,IGNORE,excluded_adr;market_cap_too_small,16.76,Bilibili Inc.,Technology,Electronic Gaming & Multimedia,NASDAQ,False,False,True,True,1833.0568564996959,108.37093415869306,0.9003620961468811,0.04160842444200822,0.1467719539687571,0.1467719539687571,0.11859429850771619,0.2488567972293163,0.05,-0.3039867109634551,-0.3094355170992995,-0.17234567901234565,5319809000.0,7030160997.0,0.696,1.101030154696246,0.6187981042916798,medium_factor_quality_value_momentum
BWLP,False,0.7075028647341545,IGNORE,market_cap_too_small,18.93,BW LPG Limited,Industrials,Marine Shipping,NYSE,False,False,False,True,383.5667065994991,19.262372245087118,0.8235756105967846,0.046688662463907085,0.26087435645710016,0.26087435645710016,0.32154397276554736,0.31402913921122466,0.05980294970901889,0.19734345351043636,0.5144,0.5440456769983686,356253233.0,2873850454.0,0.083,0.11415925474002905,0.5411152552432594,medium_factor_quality_value_momentum
AOMN,False,0.7064260512563929,IGNORE,excluded_sector_or_industry;market_cap_too_small,25.095,"Angel Oak Mortgage REIT, Inc. 9",Financial Services,REIT - Industrial,NYSE,False,False,False,True,182.0904397450836,6.256044620246407,0.8629093397610826,0.03700790427061108,0.14919537871848065,0.14919537871848065,0.24299008591388205,-0.06922197132259955,0.28923198938929806,0.020951993490642806,-0.007318037974683667,0.007022471910112182,18587000.0,625231887.0,0.071377784,0.2723648534496716,1.150480519431974,medium_factor_quality_value_momentum
AMK,False,0.7033792813700137,IGNORE,not_actively_trading;excluded_sector_or_industry;market_cap_too_small,35.24,"AssetMark Financial Holdings, Inc.",Financial Services,Asset Management,NYSE,False,False,False,False,70.41279144103957,0.998092833173654,0.8680906414740077,0.10517763678077997,0.3,0.3,0.14105706666594986,0.43063656018041385,1.1712405933672376,0.029807130333138643,-0.020022246941045596,0.2321678321678322,130347000.0,2637079680.0,1.103,0.12518230760150506,0.09455554836663295,medium_factor_quality_value_momentum
AGYS,False,0.7027162994957937,IGNORE,market_cap_too_small,84.44,"Agilysys, Inc.",Technology,Software - Application,NASDAQ,False,False,False,True,225.659944385123,1.6724294692695763,0.8861580049738145,0.06376000000000001,0.3,0.3,0.1837199274633352,0.25722132991496593,0.6579315678715776,0.19248693687332286,-0.3018602728400166,-0.2215359085461418,68149000.0,2378390153.0,0.396,0.1405286883769681,0.05827577870871597,medium_factor_quality_value_momentum
AVT,False,0.6968836098082228,IGNORE,market_cap_too_small,92.45,"Avnet, Inc.",Technology,Technology Distributors,NASDAQ,False,False,False,True,256.2356371138082,1.7716131651033877,0.7844787216983196,0.09843788764965397,0.3,0.3,0.03250071565858703,2.7706052763713647,0.09255635173234977,0.5816937553464498,0.897967563128721,0.8145240431795877,577030000.0,7583126288.0,1.115,0.07754534652783648,0.5742216643935593,medium_factor_quality_value_momentum
CDEV,False,0.6966053158672841,IGNORE,not_actively_trading;market_cap_too_small;wacc_out_of_range,7.62,Permian Resources Corporation,Energy,Oil & Gas Exploration & Production,NASDAQ,False,False,False,False,31.910768926889805,3.1877649510354074,0.8623008899855054,0.3764331627565487,0.3,0.3,0.04432085019090071,3.2623686314381484,1.7734450974025386,-0.099290780141844,-0.09177592371871279,0.5119047619047619,3607541000.0,4181414109.0,4.917852,0.11328304342321016,0.013095379169398154,medium_factor_quality_value_momentum
ASML,False,0.6908523053937701,IGNORE,excluded_adr,1929.25,ASML Holding N.V.,Technology,Semiconductors,NASDAQ,False,False,True,True,426.64848270053056,-0.7788526719188645,0.4887803808083327,0.12331093910765648,0.09914000373551952,0.09914000373551952,0.15102798542295992,0.006685597425163392,0.13404564982617284,0.4646042892389448,0.8999340181007063,1.5330208497452866,10647408853.0,743567659137.0,1.396,1.038708998429042,0.13812830569582418,medium_factor_quality_value_momentum
BCML,False,0.6864994108154329,IGNORE,excluded_sector_or_industry;market_cap_too_small,31.58,BayCom Corp,Financial Services,Banks - Regional,NASDAQ,False,False,False,True,58.780459297305846,0.8613191671091149,0.8745803533471189,0.14735474009667726,0.17340432359482558,0.17340432359482558,0.11191247631122847,0.34768624052970876,0.03496514275969487,0.09576682859125607,-0.03982973548190949,0.1863260706235912,30085000.0,344515694.0,0.287,0.15613498755518437,0.06611943737188158,medium_factor_quality_value_momentum
AVID,False,0.6837875682879716,IGNORE,not_actively_trading;market_cap_too_small;debt_too_high_or_invalid,27.045,"Avid Technology, Inc.",Technology,Electronic Gaming & Multimedia,NASDAQ,False,False,False,False,28.525843059557218,0.05475478127406963,0.821901912509628,0.09744292367128325,0.3,0.3,0.002489586554833334,0.5360573094993817,0.9341288217271755,0.018455743879472575,0.2641421224871434,0.1041241322988975,32768000.0,1191107777.0,1.131,0.8570774813951718,-1.7101749423313297,medium_factor_quality_value_momentum
AFYA,False,0.6824170650395357,IGNORE,market_cap_too_small,14.2,Afya Limited,Consumer Defensive,Education & Training Services,NASDAQ,False,False,False,True,247.84156111073628,16.45363106413636,0.8569047997964107,0.1384490073846757,0.2737931103323704,0.2737931103323704,0.20496239459336252,0.3080351369832359,0.3600915018340878,-0.03335602450646702,-0.024054982817869552,-0.22573609596510358,1036485170.0,1281544448.0,0.365,0.15513456350460886,0.6430635161093105,medium_factor_quality_value_momentum
BNRE,False,0.6815916893089061,IGNORE,not_actively_trading;excluded_sector_or_industry;market_cap_too_small,47.12,Brookfield Reinsurance Ltd.,Financial Services,Insurance - Reinsurance,NYSE,False,False,False,False,240.67850846605137,4.107778193252364,0.7898295117504979,0.15496607123937323,0.3,0.3,1.0798954828538183,0.45164762087647237,1.9676662291028078,0.2737269901984223,0.2957198443579767,0.6603303209722653,1372000000.0,6868729850.0,1.744,0.12017149876270937,1.0712264934961544,medium_factor_quality_value_momentum
CDXC,False,0.6814643734640136,IGNORE,not_actively_trading;market_cap_too_small,7.87,ChromaDex Corporation,Healthcare,Biotechnology,NASDAQ,False,False,False,False,3.6756866836814956,-0.5329495954661378,0.5972394261299048,0.1719882133634576,0.3,0.3,0.13873738960240045,0.3768893801047346,0.8181818181818183,0.16730038022813676,0.7848837209302324,0.5012224938875305,13212000.0,611895648.0,2.213,1.068134627879916,0.03680765160127004,medium_factor_quality_value_momentum
CEPU,False,0.6814561259290314,IGNORE,excluded_adr;market_cap_too_small,15.55,Central Puerto S.A.,Utilities,Regulated Electric,NYSE,False,False,True,True,31815.879031142642,2045.0372367294303,0.8444398704504357,0.10460643882970315,0.3,0.3,0.3862987706947274,4.17180840567237,0.895761370230383,0.0264026402640265,-0.04307692307692301,0.2725040916530279,124778847000.0,2332674393.0,-0.19,0.10893311439719984,0.1932432526235246,medium_factor_quality_value_momentum
CHKEL,False,0.6797679972947235,IGNORE,not_actively_trading;market_cap_too_small,62.5,Chesapeake Energy Corporation,Energy,Oil & Gas Exploration & Production,NASDAQ,False,False,False,False,640795.6724293758,10251.730758870013,0.859656684903303,0.0673,0.3,0.3,5.836877535226967,0.14957772365204303,8.81752383149173,-0.20178799489144317,0.05645706558485464,-0.04390393146703386,1839000000.0,8205426750.0,0.455,0.10965668490330302,0.0,medium_factor_quality_value_momentum
ATSG,False,0.6757758004612407,IGNORE,not_actively_trading;market_cap_too_small,22.48,"Air Transport Services Group, Inc.",Industrials,"Airlines, Airports & Air Services",NASDAQ,False,False,False,False,269.2349470871535,10.976643553698999,0.8034505371618201,0.13262716160273644,0.3,0.3,0.031319470082347145,7.299572383864787,-0.43262764432004164,0.019963702359346636,0.5046854082998662,0.7345679012345678,654081000.0,1481218440.0,0.89,0.056206714335589575,0.03674902898359313,medium_factor_quality_value_momentum
CCBG,False,0.6718691804502791,IGNORE,excluded_sector_or_industry;market_cap_too_small,46.86,"Capital City Bank Group, Inc.",Financial Services,Banks - Regional,NASDAQ,False,False,False,True,117.23378956131462,1.5017880828278836,0.8273549567924722,0.08300494029710946,0.04001939983408726,0.04001939983408726,0.07734918919762235,-0.09054482003895048,0.16120615091657364,0.11891117478510016,0.04435034544238925,0.2782324058919805,80025000.0,801372026.0,0.34,0.374495642996047,0.16885924055486923,medium_factor_quality_value_momentum
ARM,False,0.6712855364383387,IGNORE,excluded_adr;wacc_out_of_range,407.72,Arm Holdings plc American Depositary Shares,Technology,Semiconductors,NASDAQ,False,False,True,True,9.590776349156915,-0.9764770520230626,0.4704582373796855,0.26716,0.18662340363794314,0.18662340363794314,0.16152821616759527,0.2644334589678541,0.1200986955837724,2.0806195693237632,2.558387153080817,1.791646696336871,979000000.0,433814080000.0,3.786,0.13797132903500817,0.05515327057687666,medium_factor_quality_value_momentum
BMNR,False,0.6712512158864431,IGNORE,excluded_sector_or_industry;negative_or_zero_fcf;market_cap_too_small,15.86,"Bitmine Immersion Technologies, Inc.",Financial Services,Financial - Capital Markets,NYSE,False,False,False,True,-0.5607215222720184,-1.0353544465493076,0.6,0.13684000000000002,0.3,0.3,1.4244988340827431,0.05,0.05,-0.24259789875835724,-0.4590723055934516,2.3744680851063826,-5214000.0,8526793069.0,1.614,42.93187438601432,0.0,medium_factor_quality_value_momentum
ABL,False,0.6696189873352107,IGNORE,not_actively_trading;excluded_sector_or_industry;negative_or_zero_fcf;market_cap_too_small,8.09,"Abacus Global Management, Inc.",Financial Services,Insurance - Life,NASDAQ,False,False,False,False,-5.216025983284898,-1.6447498125197648,0.6,0.03604,0.3,0.3,0.7047275571339291,8.510047943775596,1.6773560837809751,0.4654895666131622,0.3212735166425471,0.22058823529411775,-931443.0,790820597.0,-0.066,163.24227689794898,0.0,medium_factor_quality_value_momentum
ATGE,False,0.6695965221184579,IGNORE,not_actively_trading;market_cap_too_small,106.64,Adtalem Global Education Inc.,Consumer Defensive,Education & Training Services,NYSE,False,False,False,False,427.7502464255688,3.0111613505773516,0.8420839520768326,0.08162428555299243,0.3,0.3,0.1875164020922102,0.2606550312135798,0.5971074696933816,-0.0038742625693404253,-0.21213176405042133,0.06245304282494346,287572000.0,3874076359.0,0.71,0.1325757124744261,0.5398901386345801,medium_factor_quality_value_momentum
CIG-C,False,0.6695882419867233,IGNORE,market_cap_too_small,3.0068,Companhia Energética de Minas Gerais,Utilities,Diversified Utilities,NYSE,False,False,False,True,92.98915289218843,29.92628471870042,0.8172618111102811,0.056115225691902776,0.21006147399127198,0.21006147399127198,0.0617034028801684,0.5030336131654971,0.06731940745214127,0.027303754266211566,0.18039215686274512,0.10661764705882337,3311009988.0,8601498938.0,0.093,0.11944448791427245,0.6957690240532197,medium_factor_quality_value_momentum
CECE,False,0.668026172375823,IGNORE,not_actively_trading;market_cap_too_small,11.65,CECO Environmental Corp.,Industrials,Industrial - Pollution & Treatment Controls,NASDAQ,False,False,False,False,4.081793387205201,-0.6496314689094249,0.5666522366356932,0.14608004104853645,0.3,0.3,0.24324154743822324,-0.13934363102976266,1.2269801345738274,0.2915742793791576,1.72196261682243,0.631652661064426,5861000.0,400991835.0,1.232136,0.22251943574884225,0.07822932150865436,medium_factor_quality_value_momentum
CELH,False,0.6660313518715663,IGNORE,market_cap_too_small,29.12,"Celsius Holdings, Inc.",Consumer Defensive,Beverages - Non-Alcoholic,NASDAQ,False,False,False,True,65.84451331753365,1.2611440012889301,0.85889291405491,0.09117269416255577,0.3,0.3,0.6819755842174089,0.4791795810815356,1.3207944168063892,-0.2984822934232715,-0.286798922361009,-0.3392330383480826,323375000.0,7444247283.0,0.903,0.12597448493069136,0.22775427834375112,medium_factor_quality_value_momentum
CARG,False,0.6655601374225546,IGNORE,market_cap_too_small,30.08,"CarGurus, Inc.",Consumer Cyclical,Auto - Dealerships,NASDAQ,False,False,False,True,53.907195568923875,0.7921275122647566,0.8822848037651129,0.11248,0.12053320434448526,0.12053320434448526,-0.003272373988115973,0.3601273247790753,0.008753180357802703,-0.10476190476190483,-0.21256544502617813,-0.05259842519685043,288897000.0,2905204819.0,1.208,0.40912609057987054,0.5099786743916322,medium_factor_quality_value_momentum
ANIP,False,0.6650098349347465,IGNORE,market_cap_too_small,80.58,"ANI Pharmaceuticals, Inc.",Healthcare,Drug Manufacturers - Specialty & Generic,NASDAQ,False,False,False,True,658.3627934227808,7.170300241037239,0.8193615989807426,0.06368555551306226,0.3,0.3,0.42184872362009385,0.22568742049335522,2.5319148936170213,0.07914825231016476,-0.021493624772313202,0.24621094958243117,150904000.0,1831955518.0,0.439,0.11446709642491006,0.6014066325888994,medium_factor_quality_value_momentum
AX,False,0.6649641587544995,IGNORE,excluded_sector_or_industry;market_cap_too_small,88.52,"Axos Financial, Inc.",Financial Services,Banks - Regional,NYSE,False,False,False,True,100.93121889776776,0.1402080761157678,0.8231606588951759,0.20764343222547713,0.17750402031353557,0.17750402031353557,0.28304992004645646,0.020481966843047372,0.201945301053426,0.0674062462317615,0.012698775883766222,0.2450070323488045,436118000.0,5035424792.0,1.252,0.41094465212265274,0.13902122486222696,medium_factor_quality_value_momentum
CHS,False,0.6606181901415041,IGNORE,not_actively_trading;market_cap_too_small,7.59,"Chico's FAS, Inc.",Consumer Cyclical,Apparel - Retail,NYSE,False,False,False,False,45.86293150668659,5.042546970577944,0.7745969885494679,0.07002490502053192,0.18977555836912444,0.18977555836912444,0.0012738760005388539,0.07297705282480749,0.7419766814227708,0.016064257028112428,0.40555555555555545,0.555327868852459,119603000.0,937038630.0,1.132,0.1580835200225222,1.6434945312290508,medium_factor_quality_value_momentum
ALG,False,0.6603397794401632,IGNORE,market_cap_too_small,161.05,Alamo Group Inc.,Industrials,Agricultural - Machinery,NYSE,False,False,False,True,512.2475022980118,2.1806737180876237,0.8421032818771088,0.1013939897625243,0.3,0.3,0.0470675298472778,0.8202481731737661,0.06211696976670367,0.007822277847309156,-0.07234606301480329,-0.2510695684523808,146916000.0,1959711640.0,1.106,0.10648624248572566,0.1917728081148913,medium_factor_quality_value_momentum
AMAL,False,0.6595028615067372,IGNORE,excluded_sector_or_industry;market_cap_too_small,44.25,Amalgamated Financial Corp.,Financial Services,Banks - Regional,NASDAQ,False,False,False,True,69.02707056063063,0.5599337979803534,0.8661066381125377,0.15326065315511547,0.2002971021965444,0.2002971021965444,0.2150533483513568,0.1850823271152624,0.1936067725088424,0.1822067860005343,0.34662203286670734,0.48092369477911645,134403000.0,1321628025.0,0.806,0.12498592653844494,0.11839051234543038,medium_factor_quality_value_momentum
APEI,False,0.6589688911765094,IGNORE,market_cap_too_small,53.97,"American Public Education, Inc.",Consumer Defensive,Education & Training Services,NASDAQ,False,False,False,True,86.24085892875209,0.5979406879516787,0.8468156180236874,0.11413087349253989,0.3,0.3,0.11566970204626048,0.795375230824706,0.18408692910195712,0.0014845054741139396,0.43270507034775685,0.8438674410659379,46101000.0,989998695.0,1.383,0.1382767655835791,0.5528153007985562,medium_factor_quality_value_momentum
BRBR,False,0.657752093458042,IGNORE,market_cap_too_small;debt_too_high_or_invalid,10.17,"BellRing Brands, Inc.",Consumer Defensive,Packaged Foods,NYSE,False,False,False,True,60.13256454810896,4.912739876903536,0.857160819828042,0.06403702391920754,0.057160819828042005,0.057160819828042005,0.1674477249941717,0.03326920270208,-0.12757556481527443,-0.40940766550522645,-0.660547396528705,-0.8325925925925926,255900000.0,1182547260.0,0.62,0.46841245092785455,-2.4538444591319672,medium_factor_quality_value_momentum
AGX,False,0.6547085921769517,IGNORE,roic_too_low,790.0,"Argan, Inc.",Industrials,Engineering & Construction,NYSE,False,False,False,True,2025.2383148789359,1.5635928036442226,0.7489637370149397,0.07538287496157614,0.3,0.3,0.16695560469939008,1.4782258019961247,0.41897714226956784,0.6671942597868523,1.663879147558673,2.8308602463388612,410841000.0,11075205130.0,0.59,0.0,0.013816839800805603,medium_factor_quality_value_momentum
ASA,False,0.6535176581658275,IGNORE,excluded_sector_or_industry;negative_or_zero_fcf;market_cap_too_small,58.44,ASA Gold and Precious Metals Limited,Financial Services,Asset Management,NYSE,False,False,False,True,0.2201171324863652,-0.9962334508472559,0.6,0.08230000000000001,0.3,0.3,0.5020595168893178,0.05,2.3385299061752107,0.0652570178636529,0.014055179593961409,0.7709090909090908,0.0,1097968149.0,0.705,0.48412910977872664,0.0,medium_factor_quality_value_momentum
BPRN,False,0.6515129688989446,IGNORE,excluded_sector_or_industry;market_cap_too_small,36.94,"Princeton Bancorp, Inc.",Financial Services,Banks - Regional,NASDAQ,False,False,False,True,137.03583001694892,2.7096867898470203,0.8102281682947965,0.06892000000000001,0.11583791083725539,0.11583791083725539,0.17091702621905314,0.15165813660284977,-0.048050658574731786,0.11298583910816506,0.028969359331476374,0.25817438692098094,20601000.0,251603881.0,0.482,0.15026199568857634,0.07828984308046928,medium_factor_quality_value_momentum
CIX,False,0.6513906510975718,IGNORE,market_cap_too_small,25.76,CompX International Inc.,Industrials,Security & Protection Services,AMEX,False,False,False,True,41.40083427260505,0.6071752435017488,0.8798460907325022,0.09508,0.12823083237961194,0.12823083237961194,0.029669171949754825,0.3157988850994864,0.044002074159514404,0.13480176211453765,0.058775174681463316,0.0814441645675903,19124000.0,317441948.0,0.918,0.20161525835289018,0.0,medium_factor_quality_value_momentum
BLKB,False,0.6506095190465,IGNORE,market_cap_too_small;debt_too_high_or_invalid,26.54,"Blackbaud, Inc.",Technology,Software - Application,NASDAQ,False,False,False,True,351.29970959998866,12.236613021853378,0.8500000000000001,0.07557043771064197,0.3,0.3,0.05016086798601127,0.12399675805542243,3.4440972086577943,-0.3987313094698687,-0.5820472440944882,-0.5578877228052641,257783000.0,1219038093.0,1.01,0.37398350497980404,13.155254309027207,medium_factor_quality_value_momentum
APLE,False,0.6446134812986346,IGNORE,excluded_sector_or_industry;market_cap_too_small,16.61,"Apple Hospitality REIT, Inc.",Real Estate,REIT - Hotel & Motel,NYSE,False,False,False,True,50.65817796071953,2.0498602023310974,0.7587352063871241,0.08016820856805587,0.24047049755612887,0.24047049755612887,0.10896250171017163,0.09150188947300109,0.7269394013727348,0.43313201035375326,0.3482142857142856,0.434369602763385,282811000.0,3921082072.0,0.899,0.05099874774445964,0.5635138847644743,medium_factor_quality_value_momentum
ATR,False,0.6444732832092107,IGNORE,market_cap_too_small,120.0,"AptarGroup, Inc.",Healthcare,Medical - Instruments & Supplies,NYSE,False,False,False,True,354.26120087011384,1.9521766739176152,0.8149596206756713,0.058225397790539334,0.2215616808562743,0.2215616808562743,0.040123173509256205,0.5241907063073477,0.13049515737370032,-0.008755988765901224,-0.029361805387041917,-0.19839679358717432,299580000.0,7658437920.0,0.401,0.10799322966125494,0.5737814531411164,medium_factor_quality_value_momentum
APOG,False,0.6395999204480782,IGNORE,market_cap_too_small,41.42,"Apogee Enterprises, Inc.",Industrials,Construction,NASDAQ,False,False,False,True,163.42067568827557,2.9454533000549388,0.785850166362889,0.09528967745160474,0.2592702114714439,0.2592702114714439,0.01683738574477589,0.048849357483218725,1.0597671439071177,0.3053892215568863,0.033175355450236976,0.10218201170835561,95157000.0,884358627.0,1.157,0.07781768649794328,0.5595669351340579,medium_factor_quality_value_momentum
CCB,False,0.6380814044488343,IGNORE,excluded_sector_or_industry;market_cap_too_small,72.06,Coastal Financial Corporation,Financial Services,Banks - Regional,NASDAQ,False,False,False,True,329.1374133617212,3.5675466744618536,0.832442149525165,0.1620523580421331,0.3,0.3,0.5824079756468061,0.7335705276448241,0.0891932923055847,-0.030930607853684733,-0.3652779001145071,-0.13295632294549387,246148000.0,1098828528.0,0.732,0.09130297089721445,0.11814428496065862,medium_factor_quality_value_momentum
ADUS,False,0.6346526774665359,IGNORE,market_cap_too_small,95.03,Addus HomeCare Corporation,Healthcare,Medical - Care Facilities,NASDAQ,False,False,False,True,189.378905189508,0.9928328442545302,0.8216308085475863,0.08950130423920685,0.20059752370931014,0.20059752370931014,0.13259394293767812,0.31373539383402593,0.16689788006550055,-0.042808219178082196,-0.15887767746503811,-0.1748002778742619,103788000.0,1773713663.0,0.898,0.08604758893057618,0.19222373843986426,medium_factor_quality_value_momentum
CALY,False,0.6323899089612287,IGNORE,market_cap_too_small;roic_too_low,18.02,Callaway Golf Company,Consumer Cyclical,Leisure,NYSE,False,False,False,True,100.64518712735091,4.585193514281404,0.718632680023599,0.07744275973490479,0.3,0.3,-0.09953234857576543,2.6115107913669067,-0.5131640559162809,0.3713850837138508,0.5428082191780821,1.1555023923444976,301200000.0,3239239160.0,0.969,0.029320726811747307,0.8091739571753106,medium_factor_quality_value_momentum
CCNE,False,0.6285208730981904,IGNORE,excluded_sector_or_industry;market_cap_too_small,32.32,CNB Financial Corporation,Financial Services,Banks - Regional,NASDAQ,False,False,False,True,48.40828586889218,0.49778112218106996,0.8489734497624323,0.15813703178305144,0.07679867739812754,0.07679867739812754,0.17947128451457028,0.028398575995703057,-0.055946384731121235,0.17741347905282345,0.17101449275362324,0.48461185117133665,58651000.0,957609700.0,0.644,0.2727557691117939,0.3591690201083099,medium_factor_quality_value_momentum
CAPL,False,0.6283689367677683,IGNORE,market_cap_too_small;debt_too_high_or_invalid,21.64,CrossAmerica Partners LP,Energy,Oil & Gas Refining & Marketing,NYSE,False,False,False,True,47.153236249290735,1.1789850392463372,0.8018060624597889,0.052727742410031114,0.04496734284551061,0.04496734284551061,0.005766427661691109,0.009915165772699908,0.17594743882236563,-0.01903898458748854,0.043394406943105146,0.006511627906976791,55767000.0,825659723.0,0.273,0.20683871961427822,-12.602909535112925,medium_factor_quality_value_momentum
ASB,False,0.6274642999979166,IGNORE,excluded_sector_or_industry;market_cap_too_small,29.38,Associated Banc-Corp,Financial Services,Banks - Regional,NYSE,False,False,False,True,62.30231278138804,1.1205688489240315,0.7634152163495611,0.13189773924198694,0.12666345147235664,0.12666345147235664,0.21691177374564297,0.049634801189913036,0.06170978234944924,0.20261972984036025,0.11456752655538693,0.2846523830345429,579318000.0,4875375960.0,0.788,0.1496152294757541,0.8381795279806614,medium_factor_quality_value_momentum
BNY,False,0.6244675900457163,IGNORE,excluded_sector_or_industry;roic_too_low,146.44,Bank of New York Mellon Corp,Financial Services,Asset Management,NYSE,False,False,False,True,336.4845108643151,1.2977636633728156,0.6926646807934467,0.19928750266580297,0.3,0.3,0.2636583625613904,0.4720409165099255,0.15595925867263016,0.27405602923264305,0.2895385699189854,0.5986899563318777,5177000000.0,100513340760.0,1.065,0.0,0.764470922754045,medium_factor_quality_value_momentum
BKNG,False,0.6226514733507801,IGNORE,roic_too_low;debt_too_high_or_invalid,167.77,Booking Holdings Inc.,Consumer Cyclical,Travel Services,NASDAQ,False,False,False,True,465.9749168563249,1.7774626980766817,0.7500000000000001,0.1006066879122064,0.3,0.3,0.2519121074991648,0.3785657132648639,0.5568715689593882,-0.03000693802035148,-0.21470698371091546,-0.206573658075195,9087000000.0,130001355208.0,1.088,0.0,-3.458766583004661,medium_factor_quality_value_momentum
BMBL,False,0.6226232292648883,IGNORE,market_cap_too_small,2.79,Bumble Inc.,Technology,Software - Application,NASDAQ,False,False,False,True,54.17289743911463,18.41680911796223,0.806704354544753,0.09098026693596503,0.12904751267789316,0.12904751267789316,0.06138394198467911,0.2719639487207739,0.05,-0.2184873949579832,-0.19130434782608696,-0.4685714285714285,238681000.0,324543631.0,1.877,0.20643985639003692,1.0504401936423615,medium_factor_quality_value_momentum
AXP,False,0.6209513625023209,IGNORE,excluded_sector_or_industry,338.07,American Express Company,Financial Services,Financial - Credit Services,NYSE,False,False,False,True,430.40860420074307,0.2731345703574499,0.6932456704108583,0.10531043721032433,0.11340347517700179,0.11340347517700179,0.16006233485730514,0.05141453283809572,0.11306916932475408,0.14406091370558372,-0.09994409094539558,0.1405100870386613,16003000000.0,230674100585.0,1.058,0.25370617578866017,1.7254884387883134,medium_factor_quality_value_momentum
BK,False,0.6202876947837721,IGNORE,not_actively_trading;excluded_sector_or_industry;roic_too_low,141.91,The Bank of New York Mellon Corporation,Financial Services,Asset Management,NYSE,False,False,False,False,334.6026495439535,1.357851099598009,0.6926646807934467,0.20168025621819588,0.3,0.3,0.2636583625613904,0.4720409165099255,0.15595925867263016,0.2500435161009573,0.25605596851770884,0.5999777208421522,5177000000.0,97404043890.0,1.068,0.0,0.764470922754045,medium_factor_quality_value_momentum
ARLP,False,0.6202314250171077,IGNORE,market_cap_too_small,24.41,"Alliance Resource Partners, L.P.",Energy,Coal,NASDAQ,False,False,False,True,182.73400302218272,6.486030439253696,0.7961687555878614,0.05336718975440573,0.10411973482693909,0.10411973482693909,0.0873666995640956,0.09255975613608647,0.15496577338890494,-0.1266547406082289,0.04539614561027827,-0.06618209640397854,387856000.0,3140561332.0,0.188,0.16158519544008504,0.2604823290555036,medium_factor_quality_value_momentum
CIVI,False,0.6198284519371654,IGNORE,not_actively_trading;market_cap_too_small,27.38,"Civitas Resources, Inc.",Energy,Oil & Gas Exploration & Production,NYSE,False,False,False,False,448.49213046575596,15.380282339874213,0.8051091408665244,0.0853653847849992,0.3,0.3,1.2099994422832472,0.7511743857411048,0.14338184227945794,-0.030109812256464807,-0.126634768740032,-0.4662768031189084,893362000.0,2335879906.0,0.921,0.105950555668057,0.6778855306871013,medium_factor_quality_value_momentum
CADE,False,0.6195966665825826,IGNORE,not_actively_trading;excluded_sector_or_industry;market_cap_too_small,42.11,Cadence Bank,Financial Services,Banks - Regional,NYSE,False,False,False,False,77.71140385033274,0.8454382296445677,0.7882424566849858,0.1573591549159375,0.3,0.3,0.267638270632768,0.49146908846753856,0.16430410503396686,0.12653825575173872,0.2407189157336478,0.19427112875779917,776588000.0,7845388444.0,0.952,0.06455481973608672,0.35083150734801266,medium_factor_quality_value_momentum
ASR,False,0.6165915902609591,IGNORE,excluded_adr;market_cap_too_small,300.24,"Grupo Aeroportuario del Sureste, S. A. B. de C. V.",Industrials,"Airlines, Airports & Air Services",NYSE,False,False,True,True,13996.438144330716,45.61749981458405,0.779268661473562,0.045816473882841206,0.09496119883433354,0.09496119883433354,0.18657197673918047,-0.06424859212820666,0.15055432946844993,-0.05433241991873761,-0.0394164320450473,-0.021062927942614884,5050023000.0,9016827796.0,0.183,0.1988765690667854,0.8609214190340926,medium_factor_quality_value_momentum
BVS,False,0.6157508165280953,IGNORE,market_cap_too_small,8.79,Bioventus Inc.,Healthcare,Medical - Devices,NASDAQ,False,False,False,True,64.13804933597494,6.296706409098401,0.7469413200373872,0.07681584824404185,0.3,0.3,0.07154420808671436,2.239309432266545,0.05,0.01736111111111094,0.13273195876288657,0.36702954898911355,71414000.0,595505342.0,0.669,0.12377627834921999,1.6911327774911056,medium_factor_quality_value_momentum
BNL,False,0.6088773143372492,IGNORE,excluded_sector_or_industry;market_cap_too_small,20.75,"Broadstone Net Lease, Inc.",Real Estate,REIT - Diversified,NYSE,False,False,False,True,42.8665891484659,1.0658597179983564,0.7459847925884997,0.07139452932841363,0.013576759494024988,0.013576759494024988,0.0462255632266666,0.02613271109539217,-0.07055477537330901,0.1131974248927039,0.18503712164477437,0.2761377613776137,269790000.0,3979156016.0,0.978,0.33929889817855763,0.9012262254070045,medium_factor_quality_value_momentum
ALV,False,0.6078623580330462,IGNORE,market_cap_too_small,118.34,"Autoliv, Inc.",Consumer Cyclical,Auto - Parts,NYSE,False,False,False,True,191.7625814835552,0.620437565350306,0.8166800796309375,0.10348944995430231,0.15325043779972342,0.15325043779972342,0.07067255937804551,0.24667595353783822,0.17826792103590705,0.17939007374925264,-0.010617841317615562,0.07289211242067095,715000000.0,8859322922.0,1.348,0.18458049719668831,0.9486780715396579,medium_factor_quality_value_momentum
AMC,False,0.6072220991043868,IGNORE,negative_or_zero_fcf;market_cap_too_small;debt_too_high_or_invalid,2.76,"AMC Entertainment Holdings, Inc.",Communication Services,Entertainment,NYSE,False,False,False,True,-25.435083496699686,-10.215609962572351,0.5063774438843869,0.12583718846617417,0.10637744388438691,0.10637744388438691,0.1768492487398705,0.05,0.05,1.8143163046803301,0.5164835164835164,-0.08609271523178819,-365900000.0,1689310440.0,2.312,0.2512419357613501,-4.293856871437619,medium_factor_quality_value_momentum
ACMR,False,0.6055362968834415,IGNORE,negative_or_zero_fcf;market_cap_too_small,103.17,"ACM Research, Inc.",Technology,Semiconductors,NASDAQ,False,False,False,True,-4.8159867448606,-1.0466801080242376,0.4991252833875767,0.15263660048142877,0.23208493191665272,0.23208493191665272,0.36483175934748635,0.05,0.23971867492996446,1.369001148105626,1.761509635974304,3.0956728860658993,-66608000.0,6615020942.0,1.978,0.1646427985119004,0.2069002016576491,medium_factor_quality_value_momentum
ARMN,False,0.6024913479597683,IGNORE,not_actively_trading;market_cap_too_small,19.23,Aris Mining Corporation,Basic Materials,Gold,AMEX,False,False,False,False,18.304646301399362,-0.04812031713991882,0.6505121745320526,0.13111950609689252,0.3,0.3,0.2478383043773249,16.995265416501272,-0.36350414838836365,0.15082872928176783,0.9005474452554743,2.773550724637681,129068000.0,3933287470.0,1.678,0.1470159131883603,0.3634081573378698,medium_factor_quality_value_momentum
AIG,False,0.6020636170154597,IGNORE,excluded_sector_or_industry,76.37,"American International Group, Inc.",Financial Services,Insurance - Diversified,NYSE,False,False,False,True,142.09859247184966,0.8606598464298763,0.7832440020418581,0.06535211737226608,-0.1,-0.1,-0.15285295031209756,-0.14574372863638074,-0.17897197598243542,0.02661648070977285,-0.11342001393081025,-0.09353115727002959,3314000000.0,40491849098.0,0.541,0.25977185036067774,0.22341330610855878,medium_factor_quality_value_momentum
BCEI,False,0.6015054496077438,IGNORE,not_actively_trading;market_cap_too_small;roic_too_low,54.58,"Civitas Resources, Inc.",Energy,Oil & Gas Exploration & Production,NYSE,False,False,False,False,622.0564897272134,10.39715078283645,0.750520151951264,0.15806344,0.3,0.3,1.2104665776461245,1.3434857875693447,0.14338184227945794,0.4759273875295975,0.0,0.0,2865228000.0,4377856560.0,1.967724,0.0005201519512639285,0.0,medium_factor_quality_value_momentum
ALC,False,0.6006092107339311,IGNORE,roic_too_low,65.18,Alcon Inc.,Healthcare,Medical - Instruments & Supplies,NYSE,False,False,False,True,210.73839862364207,2.2331757996876656,0.776897352616562,0.07566986401368422,0.3,0.3,0.05832010200854976,0.7668534345279567,0.2704655684224233,-0.11500339443312968,-0.1776431995962654,-0.23109590657072066,1608000000.0,31768732000.0,0.698,0.04475384712504885,0.23808659344649177,medium_factor_quality_value_momentum
CATY,False,0.6002158410289423,IGNORE,excluded_sector_or_industry;market_cap_too_small,59.95,Cathay General Bancorp,Financial Services,Banks - Regional,NASDAQ,False,False,False,True,66.10825056094441,0.10272311194235884,0.7300439681487247,0.1948220168335631,0.09688814984303275,0.09688814984303275,0.17716492678828688,0.02412079997421679,0.04548562075574836,0.25339744929960295,0.1759513534719499,0.3954841713221602,363658000.0,4018776726.0,0.863,0.24742283738161167,0.07141685137151038,medium_factor_quality_value_momentum
ASTH,False,0.5999872260424564,IGNORE,market_cap_too_small;roic_too_low,39.59,"Astrana Health, Inc.",Healthcare,Medical - Care Facilities,NASDAQ,False,False,False,True,82.52841738771798,1.0845773525566549,0.6782535898959533,0.07578722755540347,0.19626975291049042,0.19626975291049042,0.42394706734881127,0.19574618128308585,-0.2582995185250445,0.6339248865043337,0.7486749116607776,0.6319043693322342,104491000.0,1963007519.0,0.935,0.03574449892047814,1.3834754924668706,medium_factor_quality_value_momentum
BGIN,False,0.599975622945492,IGNORE,negative_or_zero_fcf;market_cap_too_small,1.89,BGIN BLOCKCHAIN Ltd,Technology,Computer Hardware,NASDAQ,False,False,False,True,-109.96401409958689,-59.18201804210947,0.59984070762874,0.08111017840000001,0.3,0.3,1.412737555216486,0.05,1.9313124351717597,-0.3025830258302583,-0.3942307692307693,0.0,-212305786.0,206113685.0,0.68516964,0.7009330892684535,0.0021238982834673368,medium_factor_quality_value_momentum
ADSK,False,0.5979334915223371,WATCH,,187.72,"Autodesk, Inc.",Technology,Software - Application,NASDAQ,False,False,False,True,236.48830234420294,0.25979278896336533,0.7919324020592226,0.11076137833704114,0.15535518795170888,0.15535518795170888,0.13215635222408295,0.13243847740660897,0.23612792522461046,-0.2430339933061817,-0.3592518005256512,-0.36407059859751345,2409000000.0,39636186518.0,1.295,0.395325703338296,0.8978653530377668,medium_factor_quality_value_momentum
CDRO,False,0.5977310061374977,IGNORE,market_cap_too_small;roic_too_low,9.845,"Codere Online Luxembourg, S.A.",Consumer Cyclical,"Gambling, Resorts & Casinos",NASDAQ,False,False,False,True,31.874767894211264,2.2376605275989094,0.7396824423737127,0.06637193319947962,0.3,0.3,0.2724763724434862,3.4542988879848116,-0.625,0.2056303549571603,0.27922077922077904,0.2644415917843388,16423000.0,447651313.0,0.444,0.0,0.13756743501716528,medium_factor_quality_value_momentum
BMA,False,0.5974252195790798,IGNORE,excluded_adr;excluded_sector_or_industry;market_cap_too_small;wacc_out_of_range,97.28,Banco Macro S.A.,Financial Services,Banks - Regional,NYSE,False,False,True,True,32106.599803872374,329.04317232599067,0.7266811871656746,1.1596140448338457,0.07698731750171502,0.07698731750171502,0.35961971239224644,-0.8105227772392094,0.8429876698320387,0.437139902496676,0.1337995337995339,0.33663094256663917,1564301000.0,6219988936.0,0.504,0.1217118509721312,0.2935730841089555,medium_factor_quality_value_momentum
ABC,False,0.5955670006948235,IGNORE,not_actively_trading;debt_too_high_or_invalid,179.98,AmerisourceBergen Corporation,Healthcare,Medical - Distribution,NYSE,False,False,False,False,577.6252008553655,2.209385492028923,0.7334807808660544,0.0660951183554972,0.08348078086605432,0.08348078086605432,0.10698309409816065,0.09529894339968159,0.018748910601400715,-0.0028760119301235454,0.19698229013490187,0.3371902006999501,3207139000.0,36149702920.0,0.562175,0.379180512855307,5.080024190676642,medium_factor_quality_value_momentum
CAE,False,0.595462275216726,IGNORE,market_cap_too_small,24.93,CAE Inc.,Industrials,Aerospace & Defense,NYSE,False,False,False,True,75.30374048254939,2.020607319797408,0.7668420311292723,0.09489404225772788,0.3,0.3,0.09948588643301948,1.1941531491816377,0.29619752333825655,-0.039676425269645654,-0.12953910614525144,-0.061370481927710774,585208435.0,8015842620.0,1.04,0.06274856860443066,0.6120871663354456,medium_factor_quality_value_momentum
AMOT,False,0.5953970109489422,IGNORE,not_actively_trading;market_cap_too_small,34.08,Allied Motion Technologies Inc.,Technology,"Hardware, Equipment & Parts",NASDAQ,False,False,False,False,94.58477971947634,1.7753749917686723,0.7747455305307608,0.11113234146724557,0.25527220668049366,0.25527220668049366,0.08269439848237758,0.6926813751114267,-0.055685929569673887,-0.19810110341288167,-0.169324827219564,0.09265734265734271,56675000.0,550906608.0,1.532386,0.07371303811895796,0.6529001011759632,medium_factor_quality_value_momentum
ADP,False,0.5936128576890508,WATCH,,214.6,"Automatic Data Processing, Inc.",Industrials,Staffing & Employment Services,NASDAQ,False,False,False,True,312.0958188657376,0.45431416060455554,0.7927763858767813,0.08611996329394093,0.12092547923030483,0.12092547923030483,0.08192868663008301,0.1652965500307404,0.13236245823009507,0.02831951698691837,-0.19162240554488275,-0.30045310819180493,4771000000.0,85782976917.0,0.845,0.5613641497959153,1.4649967679379443,medium_factor_quality_value_momentum
AMRK,False,0.5914042476351492,IGNORE,not_actively_trading;excluded_sector_or_industry;market_cap_too_small;roic_too_low,46.72,"A-Mark Precious Metals, Inc.",Financial Services,Financial - Capital Markets,NASDAQ,False,False,False,False,698.7852134339669,13.956875287542099,0.6698886780083699,0.05507672661940416,0.3,0.3,0.09584140982637246,2.136837676859376,-0.468544280195373,0.9130921298023127,1.493437044239183,0.8168614948636201,141669000.0,1151385714.0,0.427,0.02458806185726662,1.3959917846519563,medium_factor_quality_value_momentum
ADMA,False,0.5909514561963098,IGNORE,market_cap_too_small,8.57,"ADMA Biologics, Inc.",Healthcare,Biotechnology,NASDAQ,False,False,False,True,6.456584733142097,-0.24660621550267248,0.6888053999130683,0.08370753761694044,0.3,0.3,0.5844719070781441,1.6990537847196814,-0.2592592592592593,-0.401536312849162,-0.544875199150292,-0.5273028130170987,27821000.0,1986294610.0,0.732,0.3279525860927188,0.16736151847816977,medium_factor_quality_value_momentum
BBAR,False,0.5888783662697368,IGNORE,excluded_adr;excluded_sector_or_industry;market_cap_too_small;roic_too_low;wacc_out_of_range,20.99,Banco BBVA Argentina S.A.,Financial Services,Banks - Regional,NYSE,False,False,True,True,31365.766806445798,1493.3195238897474,0.7071612552166788,1.516012505811114,0.3,0.3,0.400639882525766,1.4664718843630076,1.0368893002725548,0.5664179104477611,0.23761792452830166,0.2332549941245592,1630553037000.0,4286927619.0,0.036,0.0,0.5711832637776169,medium_factor_quality_value_momentum
CAMT,False,0.5879638812854863,IGNORE,market_cap_too_small,195.72,Camtek Ltd.,Technology,Semiconductors,NASDAQ,False,False,False,True,44.264783306097264,-0.7738361776716878,0.4708202749708321,0.12620033171593315,0.13400874394910292,0.13400874394910292,0.16461518589235036,0.22347036646421792,-0.06139657371006457,0.17939138294667067,0.8981670061099796,1.6102960789543879,127475000.0,9011825038.0,1.558,0.2651121400116168,0.842512919710277,medium_factor_quality_value_momentum
BRFS,False,0.5878573266853232,IGNORE,excluded_adr;not_actively_trading;market_cap_too_small,3.38,BRF S.A.,Consumer Defensive,Packaged Foods,NYSE,False,False,True,False,96.53150332651708,27.55961636879204,0.7504557272564208,0.11367800042212226,0.14878441019449368,0.14878441019449368,0.11670654873780095,0.2473241837676743,0.06513047274810813,-0.12886597938144329,-0.020289855072463836,-0.24215246636771304,8512752000.0,5413590162.0,0.714,0.17463656231385566,1.6395366033590464,medium_factor_quality_value_momentum
APO,False,0.5871375669956237,IGNORE,excluded_sector_or_industry;roic_too_low,135.21,"Apollo Global Management, Inc.",Financial Services,Asset Management,NYSE,False,False,False,True,815.7672584386657,5.033335244720551,0.7070583950987533,0.11318013689131556,0.3,0.3,0.502137147362347,0.6525072385058244,-0.0027397397561019776,0.20723214285714286,-0.07643442622950813,0.015929070553760694,7452000000.0,77950932933.0,1.488,0.0,0.5725547320166231,medium_factor_quality_value_momentum
BWMN,False,0.586368203668363,IGNORE,market_cap_too_small;roic_too_low,29.65,Bowman Consulting Group Ltd.,Industrials,Engineering & Construction,NASDAQ,False,False,False,True,72.08295042858806,1.431128176343611,0.7509200293315124,0.1035445815073158,0.3,0.3,0.3444717736547924,0.7209127869082408,2.2533366053140282,0.09571322985957131,-0.14676258992805757,0.108411214953271,33434000.0,519103305.0,1.334,0.04309989949868645,0.562398268895655,medium_factor_quality_value_momentum
CI,False,0.5857200127669758,WATCH,,282.08,Cigna Corporation,Healthcare,Medical - Healthcare Plans,NYSE,False,False,False,True,2038.5130533689994,6.226719559589476,0.7103323056257128,0.05116652754735904,0.10221703100713998,0.10221703100713998,0.12107292013826765,0.08573104142840204,0.0892342371129915,0.07320042611474675,0.030090563832895212,-0.1027989821882952,8389000000.0,74619186278.0,0.302,0.1146857682296772,0.7542732481480594,medium_factor_quality_value_momentum
CBTX,False,0.5800415185330541,IGNORE,not_actively_trading;excluded_sector_or_industry;market_cap_too_small;roic_too_low,29.25,"CBTX, Inc.",Financial Services,Banks - Regional,NASDAQ,False,False,False,False,268.17451226380916,8.168359393634502,0.7500000000000001,0.09768964,0.3,0.3,0.41714962958686375,0.29201717225957124,0.30535465849709387,0.06673960612691454,-0.056451612903225756,0.10879454131918131,97004000.0,1548933750.0,0.961494,0.0,0.0,medium_factor_quality_value_momentum
ALDF,False,0.5772909591648665,IGNORE,excluded_sector_or_industry;market_cap_too_small;roic_too_low,10.68,Aldel Financial II Inc.,Financial Services,Shell Companies,NASDAQ,False,False,False,True,75.07176688521315,6.029191655918835,0.7500000000000001,0.0417706474,0.3,0.3,0.05,2974.254028436019,3.27892234548336,0.014245014245014342,0.018112488083889433,0.02005730659025784,9416679.0,318992536.0,0.02951079,0.0,0.0,medium_factor_quality_value_momentum
ALLT,False,0.5770250297215781,IGNORE,market_cap_too_small,7.01,Allot Ltd.,Technology,Software - Infrastructure,NASDAQ,False,False,False,True,11.359423655304084,0.6204598652359608,0.8242490396831881,0.12922,0.3,0.3,-0.08514503829711684,4.72093023255814,0.05,0.09702660406885766,-0.19517795637198632,-0.19794050343249436,15498000.0,292862217.0,1.487,0.0780470105698224,0.050639611821790914,medium_factor_quality_value_momentum
AHL,False,0.5751606920263125,IGNORE,not_actively_trading;excluded_sector_or_industry;market_cap_too_small;roic_too_low,37.5,Aspen Insurance Holdings Limited,Financial Services,Insurance - Property & Casualty,NYSE,False,False,False,False,604.5100447175105,15.120267859133612,0.7416456597170735,0.06324168736526727,0.2934578891460239,0.2934578891460239,0.04085464667421701,0.08062627712081771,1.1179117921274466,0.013787510137875048,0.10132158590308382,0.0,537400000.0,3443938725.0,0.24176027,0.0,0.11139120377235387,medium_factor_quality_value_momentum
ATAX,False,0.5739419752973671,IGNORE,not_actively_trading;excluded_sector_or_industry;market_cap_too_small;roic_too_low,18.6,"America First Multifamily Investors, L.P.",Financial Services,Financial - Mortgages,NASDAQ,False,False,False,False,103136.9047139213,5543.994877092543,0.7500000000000001,0.07808188,0.3,0.3,0.08324923959042874,4.773405307655064,6.963632742543879,-0.005347593582887611,0.0005379236148468358,-0.032761310452418035,37534563000.0,419223540.0,0.634698,0.0,0.0,medium_factor_quality_value_momentum
BORR,False,0.5727055741350825,IGNORE,market_cap_too_small,4.34,Borr Drilling Limited,Energy,Oil & Gas Drilling,NYSE,False,False,False,True,17.288285778321928,2.9834759857884627,0.6879956312991016,0.08877533745289992,0.29174120207689364,0.29174120207689364,0.4282715263307204,0.05,0.3812923566845803,-0.07659574468085117,0.16666666666666652,0.9374999999999998,127400000.0,1138594703.0,0.966,0.06990508655838513,1.7587927367904466,medium_factor_quality_value_momentum
BWMX,False,0.5712923828030831,IGNORE,market_cap_too_small;debt_too_high_or_invalid,17.46,"Betterware de México, S.A.P.I. de C.V.",Consumer Cyclical,Specialty Retail,NYSE,False,False,False,True,565.2418285217354,31.373529697693897,0.7021805894120778,0.10355270314168735,0.05218058941207786,0.05218058941207786,0.09060654530462964,0.11392557317577179,-0.11728879801856662,0.04739052189562076,0.24536376604850219,0.981838819523269,1637983740.0,650278843.0,1.043,0.26762656377119376,3.3144541250761983,medium_factor_quality_value_momentum
BNT,False,0.5701484554072946,IGNORE,excluded_sector_or_industry;roic_too_low,44.12,Brookfield Wealth Solutions Ltd.,Financial Services,Insurance - Diversified,NYSE,False,False,False,True,356.84362367956254,7.088024108784284,0.7256892960440461,0.11503725942197801,0.3,0.3,0.8399275040151619,0.11308254147318997,-0.4334836650572952,0.0842958957974933,-0.010540479928235147,0.11217544744139141,2589551583.0,14675774093.0,1.648,0.0,0.3241427194127195,medium_factor_quality_value_momentum
ARDT,False,0.5700741067018124,IGNORE,market_cap_too_small,9.03,"Ardent Health Partners, LLC",Healthcare,Medical - Care Facilities,NYSE,False,False,False,True,142.21424700288242,14.749086046830833,0.7300130664202833,0.06714050523009236,0.3,0.3,0.0674872997035234,2.1981139145915565,-0.029016456585353123,0.06611570247933862,0.010067114093959662,-0.3032407407407408,258606000.0,1294450780.0,0.84109104,0.08073239979078078,1.3429244449399662,medium_factor_quality_value_momentum
AMD,False,0.5693499437423238,WATCH,,551.63,"Advanced Micro Devices, Inc.",Technology,Semiconductors,NASDAQ,False,False,False,True,46.511177384403744,-0.915684104591114,0.36828516493631114,0.18882746232074527,0.16031438219494298,0.16031438219494298,0.20491251645171027,0.20259787495136128,0.0076928745467808035,1.739929469030944,1.7844631770228658,3.350737439861187,6735000000.0,899487878000.0,2.492,0.0632946767714321,0.07098525373418625,medium_factor_quality_value_momentum
AEBIV,False,0.5686621377736097,IGNORE,not_actively_trading;market_cap_too_small,83.26,Aebi Schmidt Holding AG Common Stock When-Issued,Industrials,Industrial - Machinery,NASDAQ,False,False,False,False,193.3439074423151,1.3221703992591292,0.7214566490705783,0.04159597317824293,0.3,0.3,0.06930675520790253,2.034606073943662,1.8571428571428572,0.0,0.0,0.0,55157000.0,6460926460.0,0.0,0.06633177643573558,1.265001698202097,medium_factor_quality_value_momentum
AII,False,0.5658851194273739,IGNORE,excluded_sector_or_industry;market_cap_too_small;roic_too_low,17.29,"American Integrity Insurance Group, Inc.",Financial Services,Insurance - Property & Casualty,NYSE,False,False,False,True,804.8257462825046,45.548626158617964,0.7497605497563958,0.060993088855546634,0.3,0.3,0.17321381024219762,0.4461155814121245,0.7523276445668041,-0.07933972310969128,-0.14150943396226423,0.03409090909090917,133175000.0,338725209.0,0.3517395,0.0,0.003192669914723668,medium_factor_quality_value_momentum
ACM,False,0.5654100327054016,IGNORE,market_cap_too_small,67.86,Aecom,Industrials,Engineering & Construction,NYSE,False,False,False,True,128.8014841472845,0.8980472170245284,0.7578099392720306,0.08505293904120771,0.12207862440860501,0.12207862440860501,0.04876321978213016,0.04772191052090924,0.3802445044930982,-0.23391284714382476,-0.29816940738442443,-0.3853260869565218,684927000.0,8721570780.0,0.928,0.18688850755984027,1.3487625692855285,medium_factor_quality_value_momentum
AFG,False,0.5644793808947899,IGNORE,excluded_sector_or_industry,134.32,"American Financial Group, Inc.",Financial Services,Insurance - Property & Casualty,NYSE,False,False,False,True,336.32332071051866,1.5038960743784893,0.7223478001178756,0.07170871753627168,-0.020013528142995576,-0.020013528142995576,0.07021053188995041,-0.027661223330442075,-0.18899010542771777,0.08165566113705891,-0.02645502645502651,0.09479175156899489,1398000000.0,11160124952.0,0.629,0.20066730219256435,0.3775933609958506,medium_factor_quality_value_momentum
AHL-PC,False,0.5633988889930793,IGNORE,not_actively_trading;excluded_sector_or_industry;market_cap_too_small;roic_too_low,25.01,Aspen Insurance Holdings Limited,Financial Services,Insurance - Property & Casualty,NYSE,False,False,False,False,179.32278324435163,6.170043312449085,0.7416456597170735,0.16353,0.2934578891460239,0.2934578891460239,0.04085464667421701,0.08062627712081771,1.1179117921274466,-0.04868771395968041,-0.04941087039148606,-0.010288880094974195,537400000.0,0.0,-0.582,0.0,0.11139120377235387,medium_factor_quality_value_momentum
AMEH,False,0.5618600821403309,IGNORE,not_actively_trading;market_cap_too_small,40.82,"Apollo Medical Holdings, Inc.",Healthcare,Medical - Care Facilities,NASDAQ,False,False,False,False,47.99953744712699,0.17588283799919124,0.7231943287158384,0.13018643263064855,0.19444823212157522,0.19444823212157522,0.42394706734881127,0.19574618128308585,-0.26649636207516303,0.09828349944629022,0.3079459281239698,0.01250638080653399,104491000.0,1830332062.0,1.036,0.11678770738806021,0.1119299465796474,medium_factor_quality_value_momentum
AHL-PD,False,0.5611468679240368,IGNORE,excluded_sector_or_industry;market_cap_too_small;roic_too_low,18.71,Aspen Insurance Holdings Limited,Financial Services,Insurance - Property & Casualty,NYSE,False,False,False,True,339.34633661365814,17.13716390238686,0.7416456597170735,0.09223471598209602,0.2934578891460239,0.2934578891460239,0.04085464667421701,0.08062627712081771,1.1179117921274466,-0.08642578125,-0.050735667174023336,-0.0588531187122735,537400000.0,2420949223.0,0.72333205,0.0,0.11139120377235387,medium_factor_quality_value_momentum
CL,False,0.5609454188664066,IGNORE,debt_too_high_or_invalid,88.67,Colgate-Palmolive Company,Consumer Defensive,Household & Personal Products,NYSE,False,False,False,True,180.50071859798555,1.0356458621629137,0.6933080281785331,0.05598942561723426,0.04330802817853306,0.04330802817853306,0.040024162271868224,0.07139018943439135,0.0077525181080753125,0.04170582706766912,0.11212843346293733,0.005442793967570081,3634000000.0,70952786118.0,0.322,0.47582752893615377,147.92592592592592,medium_factor_quality_value_momentum
BOW,False,0.5607729077396579,IGNORE,excluded_sector_or_industry;market_cap_too_small;roic_too_low,27.54,Bowhead Specialty Holdings Inc.,Financial Services,Insurance - Property & Casualty,NYSE,False,False,False,True,5938.685179657888,214.63853230420798,0.7250292794903027,0.035373962835375826,0.3,0.3,0.432560331535748,0.22426025870159072,0.6407089274273914,0.2708814028610982,-0.019579921680313306,-0.23648461325200998,326017000.0,904359484.0,-0.01,0.0,0.3329429401292982,medium_factor_quality_value_momentum
BSVN,False,0.5606253981588294,IGNORE,excluded_sector_or_industry;market_cap_too_small;roic_too_low,45.65,Bank7 Corp.,Financial Services,Banks - Regional,NASDAQ,False,False,False,True,145.3898768489801,2.1848822968013164,0.7187939494337122,0.09634000000000001,0.16879394943371215,0.16879394943371215,0.2374437452321303,0.08807548860794934,0.15257204907552002,0.19221728910942804,0.019428316212594776,0.19690613529103307,41396000.0,434557415.0,0.939,0.0,0.0,medium_factor_quality_value_momentum
AHL-PE,False,0.5601208129215791,IGNORE,excluded_sector_or_industry;market_cap_too_small;roic_too_low,18.6607,Aspen Insurance Holdings Limited,Financial Services,Insurance - Property & Casualty,NYSE,False,False,False,True,319.78198827593206,16.136655552896304,0.7416456597170735,0.0965391263915408,0.2934578891460239,0.2934578891460239,0.04085464667421701,0.08062627712081771,1.1179117921274466,-0.08753056234718826,-0.06372303060712492,-0.06042296072507547,537400000.0,1713826754.0,0.7468764,0.0,0.11139120377235387,medium_factor_quality_value_momentum
ACT,False,0.5594345600221206,IGNORE,excluded_sector_or_industry;market_cap_too_small,42.72,"Enact Holdings, Inc.",Financial Services,Insurance - Specialty,NASDAQ,False,False,False,True,150.72164464553313,2.528128385897311,0.7177890419454749,0.06699350294339389,0.056007266067457546,0.056007266067457546,0.02373500608683865,0.08506809942717775,0.07696053598911501,0.06242228301417563,0.05690252350321612,0.19096738221354892,724519000.0,5963754720.0,0.479,0.12220832822050584,0.1390206978998469,medium_factor_quality_value_momentum
CBNK,False,0.556081043581509,IGNORE,excluded_sector_or_industry;market_cap_too_small,33.46,"Capital Bancorp, Inc.",Financial Services,Banks - Regional,NASDAQ,False,False,False,True,46.3293909039718,0.38462017047136277,0.769182560645091,0.15253378012407048,0.02504808374761148,0.02504808374761148,0.14954457640955798,-0.1549287676112865,0.04602037546206539,0.1650417827298052,0.1284991568296796,0.07106274007682467,67347000.0,544999826.0,0.551,0.27900817969588587,0.1295145505475424,medium_factor_quality_value_momentum
CECO,False,0.5557965642114728,IGNORE,negative_or_zero_fcf;market_cap_too_small,99.67,CECO Environmental Corp.,Industrials,Industrial - Pollution & Treatment Controls,NASDAQ,False,False,False,True,-3.86497701714572,-1.0387777367025757,0.45283539188884303,0.13387068698346388,0.3,0.3,0.24324154743822324,-0.11278525427749864,1.4176534503206333,0.8030028943560057,0.7618879264627896,2.394754768392371,-5482000.0,3575465000.0,1.503,0.10870259100199209,0.07822932150865436,medium_factor_quality_value_momentum
BSM,False,0.5551359428790408,IGNORE,market_cap_too_small,13.86,"Black Stone Minerals, L.P.",Energy,Oil & Gas Exploration & Production,NYSE,False,False,False,True,124.68579953606022,7.996089432616177,0.7293492623587589,0.04148607506119234,0.028363061083692073,0.028363061083692073,-0.044057146137141956,0.05351148346576018,0.13548084195225796,-0.09352517985611508,0.008000000000000007,0.05079605761940864,298409000.0,2945236140.0,0.021,0.16125092448747197,0.13686297616540158,medium_factor_quality_value_momentum
APPN,False,0.5542956240069743,IGNORE,market_cap_too_small;roic_too_low;debt_too_high_or_invalid,19.87,Appian Corporation,Technology,Software - Application,NASDAQ,False,False,False,True,41.69362515348905,1.0983203398836965,0.7535606026534744,0.08519577513451507,0.3,0.3,0.18451733616390764,18.336363636363636,0.05,-0.2152448657187993,-0.45412087912087906,-0.3403054448871182,59556000.0,1470042707.0,0.856,0.003560602653474252,-7.349881897303853,medium_factor_quality_value_momentum
ASM,False,0.5536560733736872,IGNORE,market_cap_too_small,6.42,Avino Silver & Gold Mines Ltd.,Basic Materials,Other Precious Metals,AMEX,False,False,False,True,0.7076560536928891,-0.889773200359363,0.490070248178853,0.21332209620121861,0.3,0.3,0.6667680085690735,-0.4649520157670064,0.887018393406741,0.19999999999999996,0.047308319738988525,0.8186968838526913,1143674.0,1092690420.0,2.891,0.1419975650581372,0.025697558390456333,medium_factor_quality_value_momentum
BBU,False,0.5536060416170767,IGNORE,not_actively_trading;market_cap_too_small;debt_too_high_or_invalid,31.46,Brookfield Business Partners L.P.,Industrials,Conglomerates,NYSE,False,False,False,False,713.671186766371,21.685034544385598,0.7137744496545155,0.06147538320175537,0.23032144466167423,0.23032144466167423,-0.12000282146136698,1.1942686286812778,-0.5149507991216487,-0.037377803335250315,-0.02984642132715154,0.5315645013723695,1170000000.0,2789744789.0,1.322,0.11377444965451558,19.071056958501195,medium_factor_quality_value_momentum
BAH,False,0.5523841432730974,IGNORE,market_cap_too_small;debt_too_high_or_invalid,63.33,Booz Allen Hamilton Holding Corporation,Industrials,Consulting Services,NYSE,False,False,False,True,454.9011750479445,6.183028186451042,0.7485864331630974,0.05344687061724212,0.10852432088137866,0.10852432088137866,0.07614196733254852,0.09704942312331943,0.1905013746161277,-0.2078799249530957,-0.2682842287694974,-0.37911764705882356,951000000.0,7595420220.0,0.322,0.24006211228171873,3.730316742081448,medium_factor_quality_value_momentum
BHB,False,0.5522167153376916,IGNORE,excluded_sector_or_industry;market_cap_too_small,36.29,Bar Harbor Bankshares,Financial Services,Banks - Regional,AMEX,False,False,False,True,53.34074305771959,0.4698468740071533,0.775205974471762,0.12046833907003718,0.0252421882989464,0.0252421882989464,0.12288157524659904,-0.06737160693543909,-0.03111589274478066,0.15831471433131195,0.09604349139232848,0.26534170153417014,43465000.0,607570954.0,0.606,0.30061690423129134,0.5063328457339434,medium_factor_quality_value_momentum
ANTM,False,0.5522149383977132,IGNORE,not_actively_trading,482.58,Elevance Health Inc.,Healthcare,Medical - Healthcare Plans,NYSE,False,False,False,False,232.2552392760561,-0.5187217885613657,0.45837244325589394,0.10692103591769726,0.06050714541167536,0.06050714541167536,0.17571205893746344,-0.10667966073073032,0.0808775275737077,0.0037856726849154754,0.05896293695552002,0.2672128564676224,3174000000.0,114592481640.0,0.973684,3.7156109154134493,0.02846269541041885,medium_factor_quality_value_momentum
APA,False,0.5521021900068337,WATCH,,34.2,APA Corporation,Energy,Oil & Gas Exploration & Production,NASDAQ,False,False,False,True,167.28045183998154,3.891241281870805,0.6771226149296171,0.056464822349710946,0.014239789339530075,0.014239789339530075,0.02806952002640517,-0.07076325002853157,0.11408488701787234,-0.12554333929941186,0.3885505481120586,0.683899556868538,1779000000.0,12088674000.0,0.327,0.172090112640801,0.7894304940095191,medium_factor_quality_value_momentum
ATI,False,0.5516548381808981,WATCH,,204.09,ATI Inc.,Industrials,Manufacturing - Metal Fabrication,NYSE,False,False,False,True,96.62330043563779,-0.5265652386905886,0.42153669350777345,0.09544656219307236,0.3,0.3,0.1313836550684302,0.8841443681416772,0.21448845599770405,0.43928067700987294,0.8916489016590972,1.4834509613044533,333700000.0,27852249446.0,0.978,0.15249679325839685,1.0794679966749792,medium_factor_quality_value_momentum
CCEP,False,0.5503299402993492,WATCH,,96.98,Coca-Cola Europacific Partners PLC,Consumer Defensive,Beverages - Non-Alcoholic,NASDAQ,False,False,False,True,212.15086959018572,1.187573412973662,0.6767172124450938,0.05995955071354406,0.10653789751238245,0.10653789751238245,0.11010354324859972,0.05653298214926461,0.17441397908462464,0.058502510368915184,0.0521861777150916,0.04605759896451311,2203000000.0,42983281640.0,0.475,0.12254689629837826,1.3649010848755585,medium_factor_quality_value_momentum
ARIS,False,0.5498442441439477,IGNORE,market_cap_too_small,16.44,Aris Mining Corporation,Basic Materials,Other Precious Metals,NYSE,False,False,False,True,8.372793230679873,-0.4907060078661878,0.4737459332139261,0.14217679852093787,0.3,0.3,0.2478383043773249,8.662735448210631,-0.3583708956468854,0.020484171322160183,0.06614785992217898,1.4000000000000004,69304337.0,3393216000.0,1.917,0.14728394808961687,0.36340815638954177,medium_factor_quality_value_momentum
ADTN,False,0.5498130365032584,IGNORE,market_cap_too_small;roic_too_low,15.58,"ADTRAN Holdings, Inc.",Technology,Communication Equipment,NASDAQ,False,False,False,True,39.67725571908565,1.5466788009682704,0.623977576630323,0.11677683007761629,0.3,0.3,0.17790460001084574,1.552931065913175,0.05,0.3595113438045374,0.8437869822485209,0.9622166246851385,98030000.0,1261950398.0,1.425,0.0,1.6802989782623603,medium_factor_quality_value_momentum
AFGD,False,0.5494773345372101,IGNORE,excluded_sector_or_industry;market_cap_too_small,19.6285,"American Financial Group, Inc.",Financial Services,Insurance - Property & Casualty,NYSE,False,False,False,True,516.77143558779,25.32760708091755,0.7223478001178756,0.05674991325992476,-0.020013528142995576,-0.020013528142995576,0.07021053188995041,-0.027661223330442075,-0.18899010542771777,-0.021998006975585516,-0.057228626320845355,-0.023943311785181498,1398000000.0,1635030496.0,0.68776965,0.20066730219256435,0.3775933609958506,medium_factor_quality_value_momentum
BLLN,False,0.5493265283882414,IGNORE,market_cap_too_small,100.72,"BillionToOne, Inc.",Healthcare,Medical - Diagnostics & Research,NASDAQ,False,False,False,True,24.84825535187683,-0.7532937316136137,0.4984621250481015,0.0927398682579951,0.3,0.3,1.0624444318316413,0.05,0.05,0.3252631578947369,0.08874716246892222,0.0,15714000.0,4632665148.0,0.8996887,0.16547324761504,0.22681496755917976,medium_factor_quality_value_momentum
BBW,False,0.549303890963237,IGNORE,market_cap_too_small,31.81,"Build-A-Bear Workshop, Inc.",Consumer Cyclical,Specialty Retail,NYSE,False,False,False,True,52.75868285961062,0.6585565186925693,0.7936947935214298,0.10144,0.10892200197741456,0.10892200197741456,0.06521256775802087,0.18631252637631301,0.08025508381785418,-0.22262952101661782,-0.4012798795407492,-0.39409523809523817,39507000.0,398816062.0,1.024,0.19635747302090975,0.8211290863585933,medium_factor_quality_value_momentum
BRO,False,0.549160351326138,IGNORE,excluded_sector_or_industry,58.24,"Brown & Brown, Inc.",Financial Services,Insurance - Brokers,NYSE,False,False,False,True,208.8796722464543,2.586532833902031,0.729824177755506,0.0644645889521541,0.15910729896929052,0.15910729896929052,0.18236820793835196,0.15979731033859612,0.11155046397720914,-0.13139448173005208,-0.27759861076655923,-0.46218487394957986,1382000000.0,19740331520.0,0.624,0.06804691783937561,0.6310671873754682,medium_factor_quality_value_momentum
BFH,False,0.5489633340201164,IGNORE,excluded_sector_or_industry;market_cap_too_small,103.68,"Bread Financial Holdings, Inc.",Financial Services,Financial - Credit Services,NYSE,False,False,False,True,482.97487457016945,3.6583224784931465,0.6367619562643823,0.13369740444434966,0.05347322288007765,0.05347322288007765,0.09487470690393218,0.09427530162487452,-0.09053286328482679,0.38943982846421865,0.3581346607283207,0.9651250947687644,2092000000.0,4189408128.0,1.169,0.13231939163498097,1.3204087766756838,medium_factor_quality_value_momentum
ALSN,False,0.5488409810523793,WATCH,,121.12,"Allison Transmission Holdings, Inc.",Consumer Cyclical,Auto - Parts,NYSE,False,False,False,True,183.42443192582613,0.5144025092951299,0.751632665186783,0.08092118011143855,0.09001675013271584,0.09001675013271584,0.05803095260210189,0.08986251668617773,0.1542196953637509,0.09412827461607942,0.2320211575628115,0.31338104532639344,649000000.0,10045206503.0,0.944,0.2289565685088073,1.564542046063203,medium_factor_quality_value_momentum
AFGC,False,0.5487293880457123,IGNORE,excluded_sector_or_industry;market_cap_too_small,17.76,"American Financial Group, Inc.",Financial Services,Insurance - Property & Casualty,NYSE,False,False,False,True,542.6887065691899,29.556796541057988,0.7223478001178756,0.05543901530136745,-0.020013528142995576,-0.020013528142995576,0.07021053188995041,-0.027661223330442075,-0.18899010542771777,-0.026849315068493085,-0.06378492356352117,-0.02844638949671774,1398000000.0,1479386688.0,0.6820313,0.20066730219256435,0.3775933609958506,medium_factor_quality_value_momentum
CBL,False,0.5482101637769612,IGNORE,excluded_sector_or_industry;market_cap_too_small;debt_too_high_or_invalid,49.6,"CBL & Associates Properties, Inc.",Real Estate,REIT - Retail,NYSE,False,False,False,True,344.5627079460076,5.946828789234024,0.6630105729394329,0.09028977171008268,0.3,0.3,0.0006485562216838048,0.5929817026417941,4.05266382858645,0.3351278600269181,0.3159989387105333,0.9232260566110897,249680000.0,1534859997.0,1.457,0.06301057293943284,5.78974811701197,medium_factor_quality_value_momentum
CHE,False,0.5479964664884535,IGNORE,market_cap_too_small,436.07,Chemed Corporation,Healthcare,Medical - Care Facilities,NYSE,False,False,False,True,592.0207077848702,0.3576276923082766,0.7659678593639877,0.07199343383265787,0.04679499439801536,0.04679499439801536,0.04282934283622297,0.06826488811215681,0.022521456950387986,0.15365485859414263,0.011200259716167338,-0.20145399941400532,325477000.0,5788438531.0,0.54,0.23797278431080413,0.1580132835752319,medium_factor_quality_value_momentum
AFGE,False,0.5467368176982472,IGNORE,excluded_sector_or_industry;market_cap_too_small,15.87,"American Financial Group, Inc.",Financial Services,Insurance - Property & Casualty,NYSE,False,False,False,True,567.3173236689454,34.747783470002865,0.7223478001178756,0.05430699981260189,-0.020013528142995576,-0.020013528142995576,0.07021053188995041,-0.027661223330442075,-0.18899010542771777,-0.055357142857142994,-0.06426886792452835,-0.04339963833634719,1398000000.0,1321951956.0,0.68776965,0.20066730219256435,0.3775933609958506,medium_factor_quality_value_momentum
BELFB,False,0.5466233048562663,IGNORE,market_cap_too_small,304.33,Bel Fuse Inc.,Technology,"Hardware, Equipment & Parts",NASDAQ,False,False,False,True,99.84281262410715,-0.6719258284621721,0.43697640138569127,0.1206716287584902,0.18342404576242316,0.18342404576242316,0.05584560555045215,0.292984479012969,0.27424027631054626,0.49115586260963284,0.8536362528931658,2.4133019291161957,67929000.0,3684658433.0,1.404,0.1425752268936436,0.5203049502716727,medium_factor_quality_value_momentum
APOS,False,0.5459234138124122,IGNORE,excluded_sector_or_industry;roic_too_low,25.45,"Apollo Global Management, Inc.",Financial Services,Asset Management,NYSE,False,False,False,True,1126.258180985367,43.253759567204995,0.7070583950987533,0.08053662393654873,0.3,0.3,0.502137147362347,0.6525072385058244,-0.0027397397561019776,-0.004303599374021916,-0.02115384615384619,-0.0301067073170731,7452000000.0,14716386150.0,1.6028664,0.0,0.5725547320166231,medium_factor_quality_value_momentum
BHRB,False,0.5446013898959061,IGNORE,excluded_sector_or_industry;market_cap_too_small;roic_too_low,65.48,Burke & Herbert Financial Services Corp.,Financial Services,Banks - Regional,NASDAQ,False,False,False,True,279.6012032113258,3.270024483984817,0.7028323908411525,0.11299168532853818,0.2729434072468937,0.2729434072468937,0.42490596834783867,0.15608731635309603,0.14430242138570004,0.084465054653859,-0.05716342692584586,0.16388197653750458,96228000.0,983625303.0,0.25,0.0,0.6289014554513023,medium_factor_quality_value_momentum
ABBV,False,0.5441518893293972,IGNORE,debt_too_high_or_invalid,230.06,AbbVie Inc.,Healthcare,Drug Manufacturers - General,NYSE,False,False,False,True,237.49690315087207,0.03232592867457207,0.5786379085108424,0.05492572633733169,-0.056790725326517626,-0.056790725326517626,0.02138290840395274,-0.05126211392375979,-0.22143090989159508,0.1218608280099478,0.025634167001025387,0.2402824950132083,17816000000.0,406468356399.0,0.309,0.21570753704101353,-21.1217125382263,medium_factor_quality_value_momentum
ATS,False,0.5440565026279668,IGNORE,excluded_adr;market_cap_too_small,27.87,ATS Corporation,Industrials,Industrial - Machinery,NYSE,False,False,True,True,86.91556227463562,2.118606468411755,0.7101968896370373,0.0990194618056849,0.16600031459325523,0.16600031459325523,0.0803062438334794,0.5103771268051414,-0.17917676220502232,-0.07592838196286467,0.047744360902255645,-0.09336369551073509,371607000.0,2734230942.0,1.273,0.05478515661032916,0.8078477542206275,medium_factor_quality_value_momentum
ATNI,False,0.5439779123382741,IGNORE,market_cap_too_small;roic_too_low,26.1,"ATN International, Inc.",Communication Services,Telecommunications Services,NASDAQ,False,False,False,True,212.6838937640453,7.148808190193307,0.6666001763715291,0.06583247506401141,0.3,0.3,0.04834132686870696,1.587989156058463,0.05,-0.0026748184944592746,0.16621983914209126,0.69151004536617,43913000.0,401440263.0,0.553,0.03374492577057285,1.5619299919872516,medium_factor_quality_value_momentum
AWI,False,0.5436753979449916,IGNORE,market_cap_too_small,156.84,"Armstrong World Industries, Inc.",Industrials,Construction,NYSE,False,False,False,True,117.86308267051686,-0.24851388248841588,0.6146498602212437,0.10679341030366243,0.15833763815277077,0.15833763815277077,0.10010639819398981,0.2303447858839489,0.1667893964735654,-0.042841450018308413,-0.15037919826652213,0.036410493623207474,246100000.0,6693748481.0,1.171,0.2517789450002209,0.5904296658154768,medium_factor_quality_value_momentum
AG,False,0.5434913955155108,IGNORE,market_cap_too_small,17.72,First Majestic Silver Corp.,Basic Materials,Silver,NYSE,False,False,False,True,16.67147714319165,-0.0591717187815094,0.628128001886088,0.160162339416921,0.3,0.3,0.21487176944571051,8.540981763412846,0.05,-0.030103995621237,0.08180708180708174,1.1221556886227546,351575637.0,8749596745.0,2.074,0.11033320051758336,0.11382014825188969,medium_factor_quality_value_momentum
CHT,False,0.5406014512061766,IGNORE,excluded_adr,45.57,"Chunghwa Telecom Co., Ltd.",Communication Services,Telecommunications Services,NYSE,False,False,True,True,67601.06751012275,1482.4555082317918,0.6872450115235249,0.03101098124639133,0.03747505037952048,0.03747505037952048,0.028931438402598042,0.06014772009859626,0.02055326975475169,0.09149700598802402,0.11527165932452288,-0.013209181463837094,49603849000.0,35350683928.0,0.109,0.10714945736674249,0.09839328296984143,medium_factor_quality_value_momentum
AXS,False,0.5399391343054092,IGNORE,excluded_sector_or_industry;negative_or_zero_fcf;market_cap_too_small,103.39,AXIS Capital Holdings Limited,Financial Services,Insurance - Property & Casualty,NYSE,False,False,False,True,31.19690580778769,-0.6982599302854464,0.5067413667622837,0.06631555568960448,0.12435955604605668,0.12435955604605668,0.05385378803350682,0.19683583722196074,0.15665667030730024,0.03836496936828371,-0.03427984307864751,0.014224053364724432,-40932000.0,7622245370.0,0.524,0.47371819041076785,0.23490919045030745,medium_factor_quality_value_momentum
ASUR,False,0.5378574660101826,IGNORE,market_cap_too_small;roic_too_low,7.84,"Asure Software, Inc.",Technology,Software - Application,NASDAQ,False,False,False,True,68.17803118095415,7.696177446550275,0.7196566159072986,0.06477494976432888,0.3,0.3,0.16588568462685416,1.104473236911565,0.05,-0.06332138590203096,-0.12206047032474798,-0.1431693989071039,21431000.0,224863744.0,0.476,0.0,0.40457845456935426,medium_factor_quality_value_momentum
ADC,False,0.5372818018896036,IGNORE,excluded_sector_or_industry;market_cap_too_small;roic_too_low,73.39,Agree Realty Corporation,Real Estate,REIT - Retail,NYSE,False,False,False,True,251.89679726908884,2.4323040914169347,0.7017191173896999,0.05881883718255594,0.15671832977772737,0.15671832977772737,0.20625174370295274,0.1960909730779976,-0.0014074630231287744,-0.03624425476034154,0.016904530968546494,-0.02549462222812382,504136000.0,8814348822.0,0.479,0.03512507032035088,0.5349904361117113,medium_factor_quality_value_momentum
ATAT,False,0.5365189887023284,IGNORE,excluded_adr;market_cap_too_small;roic_too_low,31.81,Atour Lifestyle Holdings Limited,Consumer Cyclical,Travel Lodging,NASDAQ,False,False,True,True,1042.5068349303092,31.772927850685612,0.7181731825872156,0.07063135848875524,0.3,0.3,0.46120197402310126,0.5152477222116958,0.8893210441641366,-0.13747288503253807,-0.21534287123828322,0.03447154471544711,1855089782.0,4396203457.0,0.627,0.0,0.42435756550379256,medium_factor_quality_value_momentum
AMRZ,False,0.536356734534015,WATCH,,53.64,Amrize Ltd,Basic Materials,Construction Materials,NYSE,False,False,False,True,387.9200942684853,6.231918237667511,0.68874035603614,0.038657424575845166,0.08548309003838442,0.08548309003838442,0.09789065631750216,0.0664033508997004,0.0892875661881749,0.020547945205479312,0.0018677624206200338,0.0,1420000000.0,29648756894.0,-0.09128529,0.0866717069212503,0.44552587897993057,medium_factor_quality_value_momentum
BB,False,0.5359852196367604,IGNORE,market_cap_too_small,8.79,BlackBerry Limited,Technology,Software - Infrastructure,NYSE,False,False,False,True,2.521379279589054,-0.7131536655757618,0.4290803912809106,0.1290718038015734,0.3,0.3,-0.061049809361251484,6.3844171875,0.05,1.7298136645962727,1.0633802816901405,1.0347222222222219,47260270.0,5151479768.0,1.551,0.10072583364015994,0.2886058981233244,medium_factor_quality_value_momentum
CINT,False,0.5356341155798712,IGNORE,market_cap_too_small,3.47,CI&T Inc,Technology,Software - Infrastructure,NYSE,False,False,False,True,7.531059444608505,1.1703341338929407,0.7290537275370171,0.08735036481630291,0.09612189973293474,0.09612189973293474,0.17240383475544108,0.23299786936144806,-0.261755924754848,-0.3087649402390438,-0.26483050847457623,-0.4168067226890756,45674179.0,446436320.0,0.801,0.11471767721835213,0.42381132552359607,medium_factor_quality_value_momentum
CAI,False,0.5348538609880008,IGNORE,market_cap_too_small,17.31,"Caris Life Sciences, Inc.",Healthcare,Biotechnology,NASDAQ,False,False,False,True,1.6007179032222434,-0.9075264065151795,0.5225600205823079,0.08989849240992744,0.19363917830905153,0.19363917830905153,0.28914505283869696,0.16205746447555858,0.05,-0.05975013579576327,-0.36336888561971326,-0.3817857142857143,66895000.0,4893202830.0,0.79470915,0.2281570372267213,0.6564825993795329,medium_factor_quality_value_momentum
AGI,False,0.5346874104325195,WATCH,,32.04,Alamos Gold Inc.,Basic Materials,Gold,NYSE,False,False,False,True,23.147347667046997,-0.2775484498424782,0.599548568548089,0.11450899527405312,0.3,0.3,0.21798375838150896,0.4799828132871009,1.8543716208189442,-0.16279069767441867,-0.14877789585547296,0.19999999999999996,271165222.0,13455691576.0,1.273,0.16451886841926588,0.052678932455807924,medium_factor_quality_value_momentum
AMPH,False,0.5325658785277975,IGNORE,market_cap_too_small,18.33,"Amphastar Pharmaceuticals, Inc.",Healthcare,Drug Manufacturers - Specialty & Generic,NASDAQ,False,False,False,True,100.69766442670415,4.493598713950036,0.719321159795911,0.06781697875333664,0.1358177660188454,0.1358177660188454,0.13241360828691495,0.1449840256665842,0.12887669201109797,-0.06000000000000005,-0.2968929804372843,-0.27663772691397004,121233000.0,808223205.0,0.902,0.09587641372496149,0.831640265971945,medium_factor_quality_value_momentum
BSY,False,0.5317616101363628,IGNORE,market_cap_too_small,28.87,"Bentley Systems, Incorporated",Technology,Software - Application,NASDAQ,False,False,False,True,47.856206043909324,0.6576448231350649,0.7683996417955963,0.0877298114670416,0.17725486144979735,0.17725486144979735,0.11690054546411544,0.17762947983305977,0.2974015658462674,-0.23725231175693529,-0.27969061876247503,-0.4307965299684542,520209000.0,8438168262.0,0.988,0.12215518211541122,1.0801386902614987,medium_factor_quality_value_momentum
AON,False,0.5312106281292586,IGNORE,excluded_sector_or_industry,313.63,Aon plc,Financial Services,Insurance - Brokers,NYSE,False,False,False,True,512.0718889018763,0.6327261068835133,0.7173446984060855,0.07472555546941483,0.1516403609414398,0.1516403609414398,0.0895181413859969,0.12001330507630414,0.32332538385002896,-0.036851641433528814,-0.10908161236258263,-0.1060342616081863,3218000000.0,66984138515.0,0.714,0.1482775838290597,1.7676432848588537,medium_factor_quality_value_momentum
BBDC,False,0.5292825325081559,IGNORE,excluded_sector_or_industry;market_cap_too_small,8.07,"Barings BDC, Inc.",Financial Services,Financial - Credit Services,NYSE,False,False,False,True,80.743128519198,9.005344302255018,0.6932045724421753,0.05895106803500533,0.1547165143001441,0.1547165143001441,0.20050154170862666,0.23002703753742648,-0.04981932537274458,-0.00492004920049216,-0.09608938547486023,-0.10804851157662632,160542000.0,844984554.0,0.653,0.0808975423935315,1.232126456686672,medium_factor_quality_value_momentum
AIRC,False,0.5262763300901236,IGNORE,not_actively_trading;excluded_sector_or_industry;market_cap_too_small;roic_too_low,39.08,Apartment Income REIT Corp.,Real Estate,REIT - Residential,NYSE,False,False,False,False,118.80578965031691,2.040066265361231,0.656258062444912,0.06649666607514225,0.1831427165493945,0.1831427165493945,-0.02683437007426781,0.5647583422796458,0.030673451201342017,0.2239273410585656,0.13836294785901537,0.11497860199714705,387977000.0,5670664320.0,0.768,0.029815886650720918,1.422673876736046,medium_factor_quality_value_momentum
ADRA,False,0.525564612097989,IGNORE,not_actively_trading;excluded_sector_or_industry;market_cap_too_small,3.85,Adara Acquisition Corp.,Financial Services,Shell Companies,AMEX,False,False,False,False,0.06317524654125883,-0.9835908450542185,0.5216209134694045,0.056164328904594385,0.3,0.3,10.336152806392736,9.144153299011514,-0.5256069568313919,-0.6023856858846919,-0.5971802618328298,-0.5914198161389173,26755000.0,427650304.0,0.0,0.19027028085232683,0.2486582317722966,medium_factor_quality_value_momentum
BR,False,0.5249721231568764,WATCH,,136.22,"Broadridge Financial Solutions, Inc.",Technology,Information Technology Services,NYSE,False,False,False,True,233.61294825009097,0.7149680535170384,0.7450590600884464,0.08296328903566158,0.12302547748234044,0.12302547748234044,0.08376472229739451,0.18298533968418185,0.1116071945494701,-0.21874283092452407,-0.4045547930235608,-0.4271415955254636,1056400000.0,15754973217.0,0.888,0.16973808697489154,1.3027267249171437,medium_factor_quality_value_momentum
BILL,False,0.5244148989211491,IGNORE,market_cap_too_small;roic_too_low,31.96,"Bill.com Holdings, Inc.",Technology,Software - Application,NYSE,False,False,False,True,209.14990478441686,5.544114667847836,0.7160291795689365,0.07496812516194476,0.3,0.3,0.5740339757857178,0.4063876069492447,0.05,-0.19799247176913426,-0.4000375445841937,-0.250996015936255,309674000.0,3183110532.0,1.179,0.0,0.4529442724141807,medium_factor_quality_value_momentum
AAON,False,0.5235846543822394,IGNORE,negative_or_zero_fcf,136.16,"AAON, Inc.",Industrials,Construction,NASDAQ,False,False,False,True,-78.48832611683645,-1.5764418780613723,0.4108910144983398,0.12062605891482583,0.3,0.3,0.281612270199747,2.062679127142732,0.1529665629272552,0.7017872765904261,0.8527690842291469,0.8969072164948453,-191424000.0,11153097072.0,1.396,0.09647647123783826,0.4744727565266457,medium_factor_quality_value_momentum
BBWI,False,0.5222276801831136,IGNORE,market_cap_too_small;debt_too_high_or_invalid,19.63,"Bath & Body Works, Inc.",Consumer Cyclical,Specialty Retail,NYSE,False,False,False,True,27.934724763882716,0.4230629018788954,0.7692251607515582,0.08989809609351107,-0.06047316872947234,-0.06047316872947234,-0.019296631685199794,-0.082753157584735,-0.1094062595351234,0.011334363730036046,-0.0020335536349772587,-0.2903109182935647,865000000.0,3956658370.0,1.387,0.3043871969556865,-3.8733385457388585,medium_factor_quality_value_momentum
BSAC,False,0.5215350491223856,IGNORE,excluded_adr;excluded_sector_or_industry;debt_too_high_or_invalid,32.88,Banco Santander-Chile,Financial Services,Banks - Regional,NYSE,False,False,True,True,40268.830659941494,1223.7211271271742,0.6698641454042273,0.09020037946570261,0.2723431940897094,0.2723431940897094,0.08411166171445617,0.6665543547887729,0.05748951779162059,0.05859626529298145,0.1078167115902966,0.360927152317881,624404587000.0,15490271623.0,0.254,0.06986414540422722,2.8270489831579497,medium_factor_quality_value_momentum
AUNA,False,0.5204475886239571,IGNORE,market_cap_too_small,5.26,Auna S.A.,Healthcare,Medical - Care Facilities,NYSE,False,False,False,True,132.0228755617136,24.09940600032578,0.6838999691000912,0.09643843132989266,0.3,0.3,0.22875237175640128,1.4747951816151166,0.8773006134969328,-0.06737588652482263,0.14847161572052392,-0.15161290322580656,161757193.0,389358939.0,0.813,0.08389996910009118,2.283933259689324,medium_factor_quality_value_momentum
AMH,False,0.5188622591343114,IGNORE,excluded_sector_or_industry;roic_too_low,31.64,American Homes 4 Rent,Real Estate,REIT - Residential,NYSE,False,False,False,True,72.13625561607317,1.279906941089544,0.6741645303139586,0.0704004755220218,0.14919809850161972,0.14919809850161972,0.09377544721364295,0.12090008596622859,0.30249041988065994,0.15558802045288544,-0.011867582760774598,-0.13362541073384449,746116000.0,11364455200.0,0.82,0.029621936956964422,0.728740068595008,medium_factor_quality_value_momentum
BHP,False,0.5155836047004588,IGNORE,excluded_adr,85.78,BHP Group Limited,Basic Materials,Industrial Materials,NYSE,False,False,True,True,35.29486237428424,-0.588542056723196,0.3223370830736698,0.08446813152309547,-0.08839754531066772,-0.08839754531066772,-0.027262784147510155,-0.18883278447981577,-0.0600142088832607,0.31383060192985135,0.45266723116003393,0.8013439731205376,9278200000.0,217910816317.0,0.825,0.21088108810881087,0.5139200671352145,medium_factor_quality_value_momentum
AHCO,False,0.5155508439567903,IGNORE,market_cap_too_small;roic_too_low,9.66,AdaptHealth Corp.,Healthcare,Medical - Devices,NASDAQ,False,False,False,True,44.296771474909,3.5855871092038303,0.6714343623191799,0.0824380847291597,0.1710252709844782,0.1710252709844782,0.07227599427978548,0.4472585784540346,-0.045826136810471096,-0.025227043390514625,-0.0782442748091603,0.13915094339622636,219383000.0,1314281640.0,1.463,0.04438615647922645,1.2530275352603317,medium_factor_quality_value_momentum
CAT,False,0.5153051526975839,WATCH,,1022.28,Caterpillar Inc.,Industrials,Agricultural - Machinery,NYSE,False,False,False,True,279.47331002440376,-0.7266176487611968,0.2872584316168071,0.1262875793408045,0.1312896265073505,0.1312896265073505,0.073095112192894,0.2142593632105858,0.12322405008141035,0.5014099400775467,0.8193596611436402,1.84124513618677,10274000000.0,470899992360.0,1.603,0.1559688051094566,2.03255464865372,medium_factor_quality_value_momentum
AXIA,False,0.5152682890853623,IGNORE,excluded_adr,10.31,AXIA Energia S.A.,Utilities,Renewable Utilities,NYSE,False,False,True,True,215.54295318560867,19.906203024792305,0.6521190585240183,0.060078030342338155,0.08860667594950251,0.08860667594950251,0.044926914802333906,0.27601004830934106,-0.10513886029591812,-0.018095238095238053,0.12309368191721148,0.39324324324324333,12001106000.0,23187468380.0,0.234,0.06244267427889844,0.6524038893917686,medium_factor_quality_value_momentum
AGTI,False,0.5144066735338665,IGNORE,not_actively_trading;market_cap_too_small;roic_too_low,10.05,"Agiliti, Inc.",Healthcare,Medical - Healthcare Information Services,NYSE,False,False,False,False,16.527817323220738,0.6445589376339043,0.6823857696276625,0.1027087914684224,0.2985766482532174,0.2985766482532174,0.17650782858943037,0.5551230154123414,0.1578947368421053,0.4866863905325445,0.7724867724867726,-0.3582375478927202,83379000.0,1367613970.0,1.594,0.025593677282381985,1.2427721020629265,medium_factor_quality_value_momentum
BF-B,False,0.5137482108892907,WATCH,,27.26,Brown-Forman Corporation,Consumer Defensive,Beverages - Wineries & Distilleries,NYSE,False,False,False,True,59.946538841134654,1.1990659883028116,0.665020489803955,0.057107911812213655,0.0023331179612256694,0.0023331179612256694,-0.0003179751745382431,0.028518580787390446,-0.031642890006493674,0.19561403508771935,-0.054785020804438256,0.06276803118908392,893000000.0,12712487227.0,0.354,0.15281796885765467,0.5350746268656716,medium_factor_quality_value_momentum
ADI,False,0.5137136678302986,WATCH,,445.48,"Analog Devices, Inc.",Technology,Semiconductors,NASDAQ,False,False,False,True,152.09329447127695,-0.6585855830311642,0.3098702182311399,0.10786574275624344,0.11594793867179135,0.11594793867179135,0.10774594104804702,0.15654877270833922,0.0714506828644581,0.43967941052903736,0.6435950413223139,0.9398214674504681,4278650000.0,216987534579.0,1.183,0.06313952755514224,0.256229973277249,medium_factor_quality_value_momentum
ALRM,False,0.5136762607628822,IGNORE,market_cap_too_small,43.7,"Alarm.com Holdings, Inc.",Technology,Software - Application,NASDAQ,False,False,False,True,110.98337512114288,1.5396653345799285,0.6826236268589465,0.06253134299635507,0.1293502182376261,0.1293502182376261,0.07793335018486958,0.1179650395126528,0.24926172243059908,-0.015100292990759434,-0.16714312940728027,-0.22407670454545447,137049000.0,2161428220.0,0.784,0.10348262548175877,1.3361228914725118,medium_factor_quality_value_momentum
CENT,False,0.5136479388950486,IGNORE,market_cap_too_small,42.96,Central Garden & Pet Company,Consumer Defensive,Packaged Foods,NASDAQ,False,False,False,True,162.80648842967847,2.78972272881002,0.642828747341995,0.06240880461793962,0.06741362900037823,0.06741362900037823,-0.013484333531447845,0.19515426853640383,0.03759859475999194,0.22080136402387063,0.2725118483412323,0.25174825174825166,291088000.0,2688040752.0,0.552,0.09364300206060808,0.909705116253218,medium_factor_quality_value_momentum
ALB,False,0.5133585560899698,IGNORE,roic_too_low,156.69,Albemarle Corporation,Basic Materials,Chemicals - Specialty,NYSE,False,False,False,True,205.2072393834517,0.30963839034687424,0.6545285652374276,0.10864193249212231,0.3,0.3,0.11494660068682139,0.07159205389018619,2.550179373624051,-6.3816209317058e-05,0.16316531809071333,1.6378787878787877,692466000.0,18479180465.0,1.309,0.006608314384167342,0.3458014038065258,medium_factor_quality_value_momentum
CCJ,False,0.5129510090378427,WATCH,,107.07,Cameco Corporation,Energy,Uranium,NYSE,False,False,False,True,102.95549445619021,-0.038428182906601105,0.5891619146605326,0.09811534855444941,0.3,0.3,0.23928090689346848,0.2984628129955258,0.8307836667054274,0.05435745937961589,0.2618738951090158,0.5368164202669727,1021931514.0,46632515954.0,0.983,0.06564597803364003,0.14817053613955936,medium_factor_quality_value_momentum
AMBP,False,0.5114272750838014,IGNORE,market_cap_too_small;debt_too_high_or_invalid,4.5,Ardagh Metal Packaging S.A.,Consumer Cyclical,Packaging & Containers,NYSE,False,False,False,True,15.953786185772037,2.5452858190604526,0.6711950808536092,0.05388652145176593,0.06537678589405724,0.06537678589405724,0.07903049734286771,0.05742302789168141,0.05,0.1479591836734695,0.0843373493975903,0.08958837772397099,265000000.0,2689678413.0,0.561,0.05581829495955196,-6.4699853587115665,medium_factor_quality_value_momentum
AGS,False,0.5090931991522291,IGNORE,not_actively_trading;market_cap_too_small;debt_too_high_or_invalid,12.49,"PlayAGS, Inc.",Consumer Cyclical,"Gambling, Resorts & Casinos",NYSE,False,False,False,False,41.65876681125196,2.3353696406126465,0.6758090080570598,0.10333525965105758,0.3,0.3,0.24001943348128152,2.296787646065205,134.2941176470588,0.03137902559867878,0.0785837651122625,0.09657594381035994,54104000.0,518403695.0,1.475,0.07580900805705984,4.846720184503481,medium_factor_quality_value_momentum
APE,False,0.5075069615798868,IGNORE,not_actively_trading;negative_or_zero_fcf;market_cap_too_small;debt_too_high_or_invalid,1.42,"AMC Entertainment Holdings, Inc.",Communication Services,Entertainment,NYSE,False,False,False,False,-52.16567548732502,-37.73639118825706,0.5063774438843869,0.05530035793634607,0.10637744388438691,0.10637744388438691,0.1768492487398705,0.05,0.05,-0.1234567901234569,-0.36036036036036045,-0.7977207977207977,-365900000.0,2259035391.0,1.93488,0.8139981048993925,-2.172999788895926,medium_factor_quality_value_momentum
ARW,False,0.5074158441617127,IGNORE,negative_or_zero_fcf,234.83,"Arrow Electronics, Inc.",Technology,Technology Distributors,NYSE,False,False,False,True,-75.75209111858837,-1.3225826815934436,0.39438418211275994,0.10050894168431523,0.22310407228070261,0.22310407228070261,-0.02738335611788245,0.7575687137292784,-0.07761803309499093,0.718603629976581,1.1008230452674899,0.9016114665155075,-37205000.0,12007784539.0,1.203,0.0795230310100238,0.46851798529685124,medium_factor_quality_value_momentum
BCE,False,0.5060309623189978,WATCH,,22.65,BCE Inc.,Communication Services,Telecommunications Services,NYSE,False,False,False,True,301.8517638321126,12.326788690159498,0.6495298553608159,0.04891765308608477,0.1614526654581332,0.1614526654581332,0.010691320885151123,0.31868468606450384,0.22712732369454125,-0.1217526172935246,-0.021598272138228958,0.03899082568807333,3293000000.0,21121709755.0,0.591,0.07184891014594941,1.7836229365768896,medium_factor_quality_value_momentum
CBZ,False,0.5007498865514857,IGNORE,market_cap_too_small;roic_too_low,28.66,"CBIZ, Inc.",Industrials,Specialty Business Services,NYSE,False,False,False,True,77.9630122815188,1.7202725848401537,0.6844155485233273,0.07770227800810324,0.16471492595267515,0.16471492595267515,0.256941342940747,0.09482377655739382,0.08509881606945324,0.060695780903034846,-0.4557538928978351,-0.5815447510585486,175526000.0,1537572659.0,0.991,0.04752838106394435,1.0377034465772301,medium_factor_quality_value_momentum
AAPL,False,0.4995186959663921,WATCH,,297.01,Apple Inc.,Technology,Consumer Electronics,NASDAQ,False,False,False,True,91.67069128315875,-0.6913548658861359,0.3217575655393613,0.10283431301336465,0.03606560942744394,0.03606560942744394,0.03275991627577457,0.015282996532510085,0.07385091507318342,0.19766926085729253,0.09259123013537374,0.510886153220063,98767000000.0,4362291605560.0,1.086,0.8544123632555589,1.5241072518411023,medium_factor_quality_value_momentum
ANSC,False,0.4976270550436905,IGNORE,excluded_sector_or_industry;market_cap_too_small;roic_too_low,11.4,Agriculture & Natural Solutions Acquisition Corporation Class A Ordinary Shares,Financial Services,Shell Companies,NASDAQ,False,False,False,True,17.313238246850702,0.5187051093728685,0.749372683606303,0.037198766221928276,0.3,0.3,0.05,1316888.0,0.4770978917519928,0.010638297872340496,0.020590868397493356,0.05360443622920519,1316889.0,473638490.0,-0.043,0.0,0.008364218582627904,medium_factor_quality_value_momentum
BIRK,False,0.49711759995591187,IGNORE,market_cap_too_small,43.3,Birkenstock Holding plc,Consumer Cyclical,Apparel - Footwear & Accessories,NYSE,False,False,False,True,42.471496498617356,-0.01913403005502634,0.6166157876552394,0.1072233757820649,0.24199507750177696,0.24199507750177696,0.21510537572457067,0.1592159937533597,0.4199431066788153,0.29874025194960985,-0.06681034482758619,-0.17617960426179613,288279656.0,7963132225.0,1.246,0.11033869199678559,0.48092389759380855,medium_factor_quality_value_momentum
CHDN,False,0.4960467665115647,IGNORE,market_cap_too_small;debt_too_high_or_invalid,86.35,Churchill Downs Incorporated,Consumer Cyclical,"Gambling, Resorts & Casinos",NASDAQ,False,False,False,True,344.2737796061012,2.9869574939907495,0.682006854931112,0.0645356403396449,0.19190982434220752,0.19190982434220752,0.1633892442651621,0.26635064199723923,0.13728975801375065,0.0312910545801981,-0.26429240862230563,-0.12707238172260416,494900000.0,6018327315.0,0.676,0.09009703058890452,5.147073388135089,medium_factor_quality_value_momentum
CENX,False,0.4955924823224462,IGNORE,market_cap_too_small,49.53,Century Aluminum Company,Basic Materials,Aluminum,NASDAQ,False,False,False,True,17.037666160995293,-0.6560132008682558,0.38317954528221365,0.14633921468776026,0.3,0.3,0.03387766339996556,7.0,-0.8723404255319149,0.011435572799673333,0.5420298879202989,1.869640787949015,84800000.0,4902182220.0,1.917,0.0829887749333764,0.6641230620155039,medium_factor_quality_value_momentum
CIG,False,0.4953795894924709,IGNORE,excluded_adr;market_cap_too_small,2.08,Companhia Energética de Minas Gerais,Utilities,Diversified Utilities,NYSE,False,False,True,True,39.62820955883103,18.052023826361072,0.6561884236297236,0.0572108886407086,0.03892661251944261,0.03892661251944261,0.0617034028801684,-0.010370971249990868,0.06731940745214127,-0.07964601769911495,0.061224489795918435,0.06666666666666665,3311009988.0,5950053250.0,0.093,0.11944448791427245,0.6957690240532197,medium_factor_quality_value_momentum
BKR,False,0.4939705879301467,WATCH,,59.15,Baker Hughes Company,Energy,Oil & Gas Equipment & Services,NASDAQ,False,False,False,True,57.74197023943862,-0.023804391556405347,0.5664880867355514,0.08909327651675207,0.10013427631371614,0.10013427631371614,0.07845034972787301,0.08464970023853224,0.16672899359817817,-0.01988400994200501,0.3060278207109737,0.517444843509492,2537000000.0,58680863428.0,0.938,0.15432411753818523,0.37931400658383774,medium_factor_quality_value_momentum
AB,False,0.4925513907762293,IGNORE,excluded_sector_or_industry;market_cap_too_small,35.96,AllianceBernstein Holding L.P.,Financial Services,Asset Management,NYSE,False,False,False,True,46.36670286305517,0.2893966313419123,0.708143798164615,0.08680000000000002,-0.03921849717667377,-0.03921849717667377,-0.05447483873039405,-0.0019324675905584288,-0.06463485844840622,-0.030727762803234526,-0.08638211382113814,-0.09829488465396197,352372000.0,3974921380.0,0.78,0.2423851456278501,0.0,medium_factor_quality_value_momentum
ACIW,False,0.4924489843005379,IGNORE,market_cap_too_small,42.92,"ACI Worldwide, Inc.",Technology,Software - Infrastructure,NASDAQ,False,False,False,True,64.82824580299813,0.5104437512348119,0.7399314680212041,0.0928294707037043,0.12184495778044557,0.12184495778044557,0.06447923590126092,0.15342448213784143,0.18920711500272103,0.08823529411764719,-0.10954356846473035,-0.04153640017865112,309924000.0,4363314584.0,1.007,0.11112324041524602,0.5738230689931656,medium_factor_quality_value_momentum
ASBA,False,0.49197339106987176,IGNORE,excluded_sector_or_industry;market_cap_too_small;roic_too_low,24.83,Associated Banc-Corp,Financial Services,Banks - Regional,NYSE,False,False,False,True,152.57698552764717,5.144864499703873,0.6626785674636686,0.0766,0.11267856746366854,0.11267856746366854,0.17336950418053987,0.06573650858398628,0.06170978234944924,0.01845775225594748,-0.006004803843074558,0.05078290308929323,615692000.0,4095360880.0,0.61,0.0,0.0,medium_factor_quality_value_momentum
BRP,False,0.49160709650599616,IGNORE,not_actively_trading;excluded_sector_or_industry;negative_or_zero_fcf;market_cap_too_small,32.66,"BRP Group, Inc.",Financial Services,Insurance - Brokers,NASDAQ,False,False,False,False,-17.527488715132097,-1.5366653005245592,0.4205203724026104,0.1644526126437417,0.2421793188732471,0.2421793188732471,0.27621684951582903,0.3249154905986358,0.05,0.1372013651877133,0.5009009009009009,0.3877551020408163,-68945000.0,2160187922.0,1.543,0.0910943750516612,0.2743200353206768,medium_factor_quality_value_momentum
ATHM,False,0.491515350129495,IGNORE,excluded_adr;market_cap_too_small,18.44,Autohome Inc.,Communication Services,Internet Content & Information,NYSE,False,False,True,True,309.58090222272864,15.788552181275957,0.6827259739049965,0.05434,-0.1,-0.1,-0.03498230261135871,-0.3048958354830116,-0.09718889605694403,0.023307436182020025,-0.20311149524632666,-0.28109161793372306,771405000.0,533652567.0,0.239,0.1328630694517626,0.0018279406235499629,medium_factor_quality_value_momentum
ABNB,False,0.49030166252307994,IGNORE,roic_too_low,139.19,"Airbnb, Inc.",Consumer Cyclical,Travel Services,NASDAQ,False,False,False,True,196.6728855864455,0.41298143247679775,0.6756633952745874,0.1069520075559523,0.17937861591723817,0.17937861591723817,0.19553218784023874,0.1904903877393591,0.13040381433805548,0.08302209772798008,0.04043952758259817,0.0531134145418779,4646000000.0,82611162021.0,1.159,0.0,0.25210391511159896,medium_factor_quality_value_momentum
AKBA,False,0.4902847437249176,IGNORE,market_cap_too_small;debt_too_high_or_invalid,1.09,"Akebia Therapeutics, Inc.",Healthcare,Biotechnology,NASDAQ,False,False,False,True,7.1362436613224665,5.547012533323363,0.6901385431154177,0.06926707954002187,0.04013854311541761,0.04013854311541761,0.02781172200968962,0.05,0.05,-0.232394366197183,-0.3229813664596273,-0.6938202247191011,67992000.0,292401219.0,0.253,0.2897760052447552,6.632873351732598,medium_factor_quality_value_momentum
ALNT,False,0.48998384682894897,IGNORE,market_cap_too_small,98.78,Allient Inc.,Technology,"Hardware, Equipment & Parts",NASDAQ,False,False,False,True,51.48915702648089,-0.4787491696043643,0.3875621716254295,0.13752179603199224,0.23105465978290457,0.23105465978290457,0.08269439848237758,0.6200287344186595,-0.055685929569673887,0.6370566788200198,0.921416066913052,1.8748544819557624,49686000.0,1678915455.0,1.643,0.07947458763854404,0.6721699756182514,medium_factor_quality_value_momentum
ALKT,False,0.48970416424154367,IGNORE,market_cap_too_small;roic_too_low,14.59,"Alkami Technology, Inc.",Technology,Software - Application,NASDAQ,False,False,False,True,33.69577653127771,1.3095117567702337,0.6736543257956796,0.06429236881308535,0.3,0.3,0.3067214437293313,1.3769681645787841,0.05,-0.13258026159334124,-0.34632616487455203,-0.48517995765702193,41364000.0,1561407210.0,0.567,0.0,1.017942322724272,medium_factor_quality_value_momentum
ALE,False,0.48861693764904046,IGNORE,not_actively_trading;market_cap_too_small;roic_too_low,67.9,"ALLETE, Inc.",Utilities,Diversified Utilities,NYSE,False,False,False,False,98.62490865833647,0.45250233664707595,0.7167974596832503,0.0723217457699615,0.3,0.3,0.06953684162448703,10.302654555457314,-0.01950469073260075,0.07914812460267018,0.04848672019765288,0.04751619870410395,102200000.0,3943712122.0,0.817,0.03346945339520628,0.6356390449438202,medium_factor_quality_value_momentum
BRZE,False,0.4883358038091685,IGNORE,market_cap_too_small;roic_too_low,19.21,"Braze, Inc.",Technology,Software - Application,NASDAQ,False,False,False,True,32.10426436680975,0.6712266718797371,0.7400619141442238,0.08943999999999999,0.3,0.3,0.32702974622590664,1.6379766271432228,0.05,0.04800872885979279,-0.4467165898617511,-0.28374347501864283,61850000.0,2163654361.0,0.824,0.0,0.13250781141035034,medium_factor_quality_value_momentum
AVNS,False,0.48659098121399635,IGNORE,market_cap_too_small;roic_too_low,24.9,"Avanos Medical, Inc.",Healthcare,Medical - Devices,NYSE,False,False,False,True,26.78664294608971,0.07576879301565098,0.5678653429579952,0.12632544083977476,0.3,0.3,-0.014901361384976997,-0.10207319689451211,7.230769230769232,0.9080459770114941,1.1336760925449871,1.0612582781456954,43100000.0,1166510220.0,1.575,0.0,0.16589565664353637,medium_factor_quality_value_momentum
AUGO,False,0.4860093504417191,IGNORE,market_cap_too_small,65.26,Aura Minerals,Basic Materials,Other Precious Metals,NASDAQ,False,False,False,True,59.79724552865579,-0.08370754629703048,0.5634938388927035,0.053139282572245,0.11302242125847725,0.11302242125847725,0.21425047923887042,0.14916739907182097,-0.1436511614223247,0.06860979204191908,0.34918337812693845,0.0,78495000.0,5468084497.0,0.213,0.7546521802537552,1.5472741846261528,medium_factor_quality_value_momentum
BH,False,0.4855711491929595,IGNORE,market_cap_too_small;roic_too_low,336.0,Biglari Holdings Inc.,Consumer Cyclical,Restaurants,NYSE,False,False,False,True,1034.380803679311,2.0785142966646157,0.6363779277724184,0.06496667395166106,0.11147306076855062,0.11147306076855062,0.019340499750347018,-0.17356156449305238,0.7232901206973623,0.09382121231851026,0.03809435536194261,0.22498085967406745,76606000.0,1054710384.0,0.602,0.026292495507447163,0.6851683800477237,medium_factor_quality_value_momentum
AAM,False,0.4852270894970187,IGNORE,not_actively_trading;excluded_sector_or_industry;market_cap_too_small;debt_too_high_or_invalid,10.66,AA Mission Acquisition Corp.,Financial Services,Shell Companies,NYSE,False,False,False,False,221.59849694004103,19.78785149531342,0.6571121787872171,0.052985184630142325,0.3,0.3,0.067827457881245,-0.03845942247238554,1.4083189157584588,0.009469696969697017,0.019120458891013214,0.05024630541871922,204300000.0,469417481.0,-0.062808864,0.057112178787217006,4.86407249466951,medium_factor_quality_value_momentum
ADT,False,0.48374636663496806,IGNORE,market_cap_too_small,6.59,ADT Inc.,Industrials,Security & Protection Services,NYSE,False,False,False,True,66.3216315725043,9.063980511760896,0.6421149683367521,0.06506327238359408,0.1577374281838549,0.1577374281838549,-0.008516908143659352,0.13650800344402914,0.5220902379486219,0.01228878648233489,-0.19141104294478528,-0.19041769041769052,1313000000.0,4843320500.0,1.023,0.08437754015289718,2.0346652553585605,medium_factor_quality_value_momentum
ACAD,False,0.4830383371936865,IGNORE,market_cap_too_small,22.09,ACADIA Pharmaceuticals Inc.,Healthcare,Biotechnology,NASDAQ,False,False,False,True,21.264422022676627,-0.03737338059408657,0.6192348895724834,0.0895246760284145,0.13923554047753317,0.13923554047753317,0.2197046730345129,-0.3311152955545943,0.6838235294117647,0.06509161041465772,-0.17972521351652437,-0.037472766884531605,105146000.0,3782600368.0,0.83,0.1481376021709492,0.042518677844857786,medium_factor_quality_value_momentum
CARE,False,0.48244433753220367,IGNORE,excluded_sector_or_industry;market_cap_too_small,31.52,"Carter Bankshares, Inc.",Financial Services,Banks - Regional,NASDAQ,False,False,False,True,24.995317997907534,-0.20700133255369502,0.49291398336326014,0.1493639176030549,0.007612528522065808,0.007612528522065808,0.12961663429006443,-0.17617784523749636,0.039289877625411807,0.5919191919191917,0.5666003976143139,0.8953698135898978,31807000.0,700437440.0,0.551,0.2863429687927981,0.4253068284977019,medium_factor_quality_value_momentum
BTI,False,0.48222139338992615,IGNORE,excluded_adr,58.9,British American Tobacco p.l.c.,Consumer Defensive,Tobacco,NYSE,False,False,True,True,110.42790650770453,0.8748371223718936,0.594592819259143,0.046769976136960476,-0.02412417046286569,-0.02412417046286569,-0.0007210723323973767,-0.10903731921644244,0.056439356406562835,0.026668990761722133,0.030260626202553764,0.19375760032428047,5791000000.0,127600960000.0,0.125,0.09947430321357273,0.7317531193923966,medium_factor_quality_value_momentum
AMP,False,0.4806796752824322,IGNORE,excluded_sector_or_industry,471.41,"Ameriprise Financial, Inc.",Financial Services,Asset Management,NYSE,False,False,False,True,501.0523466994622,0.06288018221815861,0.6023089624077459,0.10193673350759525,0.0442892761443945,0.0442892761443945,0.08712553976541226,-0.025279500338188154,0.06296991362623294,0.07397366382649118,-0.03300512820512813,-0.06915072171869752,2893000000.0,42378391911.0,1.166,1.655498405422794,0.8950984883188273,medium_factor_quality_value_momentum
BOBS,False,0.4804531578475989,IGNORE,market_cap_too_small,13.01,"Bob's Discount Furniture, Inc.",Consumer Cyclical,Specialty Retail,NYSE,False,False,False,True,9.309832825132263,-0.2844094677069744,0.5346712240020756,0.18475983410578076,0.3,0.3,0.03994567158010476,4.2398316574365005,0.7207647238608204,0.04163330664531628,0.0,0.0,81427000.0,1699463593.0,2.9568057,0.24843501108486532,2.4318875061005367,medium_factor_quality_value_momentum
CHKEZ,False,0.479268465061881,IGNORE,not_actively_trading;market_cap_too_small,64.04,Chesapeake Energy Corporation,Energy,Oil & Gas Exploration & Production,NASDAQ,False,False,False,False,189626.71339354652,2960.066730067872,0.6630579708916425,0.0673,0.0034012859883394823,0.0034012859883394823,0.1351830421307063,0.14957772365204303,-0.47942688279194945,-0.14681588062883022,-0.13459459459459455,0.007551919446192601,1839000000.0,8407608465.0,0.455,0.10965668490330302,0.0,medium_factor_quality_value_momentum
BIIB,False,0.4780325848923455,WATCH,,199.71,Biogen Inc.,Healthcare,Drug Manufacturers - General,NASDAQ,False,False,False,True,533.1680548633026,1.6697113557823973,0.602464387069964,0.04667259862030473,-0.06044371678960821,-0.06044371678960821,-0.02779802637984974,-0.11754240100954727,-0.04008707127921651,0.10057312906425664,0.16042998256827445,0.5782361308677098,2050800000.0,29484585270.0,0.177,0.08100717660591769,0.38057052714604966,medium_factor_quality_value_momentum
ALLE,False,0.47789390815843363,WATCH,,130.93,Allegion plc,Industrials,Security & Protection Services,NYSE,False,False,False,True,181.8890681036575,0.3892084938796112,0.701722224037971,0.08361223725872689,0.09822580432072134,0.09822580432072134,0.09132594822293072,0.11527919170291479,0.08644543544301242,-0.08112850024563123,-0.18530271918362262,-0.042909356725146175,685700000.0,11251582281.0,0.875,0.18047407846256122,1.1021474172954149,medium_factor_quality_value_momentum
AZO,False,0.47700109033952376,IGNORE,debt_too_high_or_invalid,2949.06,"AutoZone, Inc.",Consumer Cyclical,Specialty Retail,NYSE,False,False,False,True,2854.322792088459,-0.03212454406202003,0.6035887465727187,0.05827618116545508,0.016438564197526668,0.016438564197526668,0.06666890998146124,-0.11337620691743389,0.11070002930209832,-0.10169057845197849,-0.13092961232999833,-0.1816418444734893,1790080000.0,48144581175.0,0.349,0.33448956850877476,-3.5992001904922013,medium_factor_quality_value_momentum
B,False,0.4766245975884313,WATCH,,40.14,Barrick Mining Corporation,Basic Materials,Gold,NYSE,False,False,False,True,27.755971943298213,-0.30852087834334296,0.4632015180003139,0.10119872877023404,-0.007967756175248473,-0.007967756175248473,0.09061468818103724,0.17415823059854296,-0.47832162504850706,0.08077544426494354,-0.07872389258664214,0.8996687174633224,3693000000.0,67254905570.0,1.065,0.2675446132774764,0.17853507549798547,medium_factor_quality_value_momentum
AM,False,0.47642063450348726,WATCH,,21.85,Antero Midstream Corporation,Energy,Oil & Gas Midstream,NYSE,False,False,False,True,45.69756924287538,1.0914219333123745,0.6066937264794159,0.07033435455728737,0.08509935129833025,0.08509935129833025,0.06769708766149729,0.1272991249256623,0.05660421813099803,-0.0353200883002206,0.23725934314835784,0.2051847766133481,770209000.0,10378313000.0,0.628,0.0941525522169586,1.6341090271449732,medium_factor_quality_value_momentum
BUD,False,0.47629551191213504,IGNORE,excluded_adr,80.83,Anheuser-Busch InBev SA/NV,Consumer Defensive,Beverages - Alcoholic,NYSE,False,False,True,True,120.7656459722869,0.494069602527365,0.6178590490137789,0.07292288862751438,0.05403647124866133,0.05403647124866133,0.022332884110426665,0.05906307812656375,0.10990373520827701,0.19783639596917602,0.23820465686274495,0.13925299506694855,11261738620.0,156343287849.0,0.791,0.07894205307848107,0.8366308843241261,medium_factor_quality_value_momentum
BXS,False,0.47560991019363974,IGNORE,not_actively_trading;excluded_sector_or_industry;market_cap_too_small;roic_too_low,28.76,BancorpSouth Bank,Financial Services,Banks - Regional,NYSE,False,False,False,False,87.3638967018675,2.0376876461010953,0.6406465487441216,0.12199212409504843,0.09866216764907641,0.09866216764907641,0.08828627989867988,0.09564872368191701,0.12393410910060854,0.11472868217054266,0.0,0.0,170630000.0,5247607120.0,1.211111,0.0,0.10687491873273015,medium_factor_quality_value_momentum
BULL,False,0.4744849636060499,IGNORE,market_cap_too_small;roic_too_low,6.86,Webull Corporation Class A Ordinary Shares,Technology,Software - Application,NASDAQ,False,False,False,True,51.25077549946964,6.470958527619481,0.6488929676922084,0.0738863243684162,0.1046139830312212,0.1046139830312212,0.1371292306857479,0.09766964151266633,0.05,0.3372319688109162,-0.18040621266427703,-0.3630454967502321,561537184.0,3648275966.0,0.567,0.0,0.07628020452017155,medium_factor_quality_value_momentum
AZEK,False,0.47404190211549796,IGNORE,not_actively_trading;market_cap_too_small,54.35,The AZEK Company Inc.,Industrials,Construction,NYSE,False,False,False,False,22.193806018297266,-0.5916503032512003,0.4206321158345199,0.1459853751330875,0.3,0.3,0.1251969511321358,2.7620911043957075,0.20798194323192876,0.11167928001636329,0.10265773990667482,0.30554888301705496,147332000.0,7818464900.0,1.818,0.0950166714093192,0.3251274076639902,medium_factor_quality_value_momentum
BRX,False,0.47302919607054655,IGNORE,excluded_sector_or_industry;market_cap_too_small;roic_too_low,31.18,Brixmor Property Group Inc.,Real Estate,REIT - Retail,NYSE,False,False,False,True,64.27342522073384,1.0613670692987123,0.5943259123824668,0.07330162140758613,0.1439964162306217,0.1439964162306217,0.04452223897477747,0.04239374257801476,0.4953487812212205,0.08603274120515492,0.20154142581888257,0.20899573478092281,652010000.0,9567165718.0,0.972,0.04667704453855592,1.9513006451561459,medium_factor_quality_value_momentum
BRPM,False,0.4730238376221184,IGNORE,not_actively_trading;excluded_sector_or_industry;market_cap_too_small;debt_too_high_or_invalid,13.02,B. Riley Principal 150 Merger Corp.,Financial Services,Shell Companies,NASDAQ,False,False,False,False,77.4332387663343,4.947253361469609,0.6087059577194106,0.03612585641476877,-0.1,-0.1,-0.021688159437280197,-0.42105263157894735,0.05,0.313824419778002,0.2955223880597013,0.3272171253822629,33000000.0,944038536.0,0.0,0.05870595771941063,-38.59090909090909,medium_factor_quality_value_momentum
CCL,False,0.4728654117619348,WATCH,,30.19,Carnival Corporation & plc,Consumer Cyclical,Leisure,NYSE,False,False,False,True,37.30788633868207,0.23576967004577898,0.6107018567427391,0.1254354641237217,0.3,0.3,0.9327050310959959,0.6170480925441897,0.4027777777777779,0.25165837479270325,0.07706029254370317,0.2786954680220246,2607000000.0,41817366517.0,2.331,0.11639398872442759,2.278817974601107,medium_factor_quality_value_momentum
AVAH,False,0.470537697528828,IGNORE,market_cap_too_small;debt_too_high_or_invalid,7.92,Aveanna Healthcare Holdings Inc.,Healthcare,Medical - Care Facilities,NASDAQ,False,False,False,True,11.311541459007747,0.42822493169289744,0.6850964726012869,0.11854864988660746,0.3,0.3,0.09725214466150356,1.6331651734434396,0.05,0.2147239263803682,-0.11409395973154357,0.6534446764091857,114792000.0,1724621208.0,1.925,0.11380649992412796,7.788240315538848,medium_factor_quality_value_momentum
AMSC,False,0.4701229460472068,IGNORE,market_cap_too_small;roic_too_low,45.325,American Superconductor Corporation,Industrials,Industrial - Machinery,NASDAQ,False,False,False,True,8.432705974442186,-0.8139502267083909,0.3758540217158745,0.23156738494385923,0.3,0.3,0.2887886286702297,2.894369391417644,18.0625,0.5770702853166321,0.5607782369146006,0.4701589361012004,18260000.0,2161748680.0,3.195,0.02639412725249635,0.0072014071549580784,medium_factor_quality_value_momentum
CAM,False,0.46640103418688567,IGNORE,not_actively_trading;market_cap_too_small,66.01,Cameron Intl Corp.,Energy,Oil & Gas Equipment & Services,NYSE,False,False,False,False,123.96192394215194,0.8779264345122244,0.6509022411795913,0.06101637893432546,0.03805318350640368,0.03805318350640368,0.23764502124126108,0.06686283767447887,-0.40434497321542384,0.0,0.0,0.0,708000000.0,3072173720.0,0.6,0.10939055964947221,0.6205533596837944,medium_factor_quality_value_momentum
ATLC,False,0.4663925501242882,IGNORE,excluded_sector_or_industry;market_cap_too_small;roic_too_low;debt_too_high_or_invalid,99.52,Atlanticus Holdings Corporation,Financial Services,Financial - Credit Services,NASDAQ,False,False,False,True,1491.1449698296813,13.983369873690528,0.5656402785937882,0.0614960134038269,0.14717089635464833,0.14717089635464833,0.11615285990462221,0.3251205561916213,-0.057717520500758845,0.8203768062922991,0.48670451150283833,0.9746031746031745,632939000.0,1504543061.0,2.156,0.018469382239139825,10.74849022506982,medium_factor_quality_value_momentum
ARR,False,0.46628198279205024,IGNORE,excluded_sector_or_industry;market_cap_too_small;roic_too_low;debt_too_high_or_invalid,16.55,"ARMOUR Residential REIT, Inc.",Real Estate,REIT - Mortgage,NYSE,False,False,False,True,361.9710000460404,20.87135951939821,0.6378443799644471,0.03778035915164622,0.3,0.3,5.436930160380333,0.8035725674679535,12.75,0.06912144702842382,-0.023022432113341207,-0.001207000603500319,124202000.0,2052961300.0,1.348,0.037844379964447124,7.935150569225931,medium_factor_quality_value_momentum
BAM,False,0.465019077851915,IGNORE,excluded_sector_or_industry,47.29,Brookfield Asset Management Ltd.,Financial Services,Asset Management,NYSE,False,False,False,True,16.67288462033234,-0.6474331862902867,0.3989217978441603,0.11066886178533698,0.05296016472202212,0.05296016472202212,0.1338482268863821,0.14272343115723896,-0.2434608592595231,0.10233100233100245,-0.08529980657640235,-0.1345168374816984,2101000000.0,75512028903.0,1.247,0.2267627988657643,0.41068220991501475,medium_factor_quality_value_momentum
AMGN,False,0.4642703632341493,IGNORE,debt_too_high_or_invalid,344.72,Amgen Inc.,Healthcare,Drug Manufacturers - General,NASDAQ,False,False,False,True,508.6530291369462,0.4755541573942508,0.6158635219149653,0.05926453504391866,0.056218094032604075,0.056218094032604075,0.09051623540700993,-0.008489552843901516,0.08468328159855076,-0.008855664174813094,0.05739087758044237,0.19020819666471023,8100000000.0,186048141760.0,0.416,0.16942376492466088,6.306768306768307,medium_factor_quality_value_momentum
CHUY,False,0.4637221054535034,IGNORE,not_actively_trading;market_cap_too_small,37.48,"Chuy's Holdings, Inc.",Consumer Cyclical,Restaurants,NASDAQ,False,False,False,False,23.11379674484219,-0.38330318183451995,0.43421828508689886,0.11366975935006933,0.22033756157507964,0.22033756157507964,0.01989360310770194,0.17996496047801513,0.6817843801554317,0.5532532117695814,0.1879556259904911,0.11947431302270006,20473000.0,645874100.0,1.777,0.09374115319707721,0.7493546050182712,medium_factor_quality_value_momentum
BOOT,False,0.4633711038497552,IGNORE,market_cap_too_small,178.46,"Boot Barn Holdings, Inc.",Consumer Cyclical,Apparel - Retail,NYSE,False,False,False,True,83.02298001536187,-0.5347810152675005,0.42122192075677,0.14152,0.3,0.3,0.1093338759129987,1.1084057718670772,0.03805629696196555,0.13028057508391933,-0.08627310429573498,0.0929021985424705,126342000.0,5415810032.0,1.692,0.11521444041314735,0.5865669287516987,medium_factor_quality_value_momentum
AAL,False,0.4623995544890813,IGNORE,negative_or_zero_fcf;roic_too_low;debt_too_high_or_invalid,16.08,American Airlines Group Inc.,Industrials,"Airlines, Airports & Air Services",NASDAQ,False,False,False,True,-122.06383040707753,-8.591034229295868,0.38714358055468995,0.066900014984081,0.2705884430521813,0.2705884430521813,0.16281693181179624,0.6189403145068333,-0.0363963416490265,0.5417066155321189,0.03675048355899402,0.5198487712665405,-680000000.0,10635070800.0,1.365,0.037143580554689935,-9.651193989804131,medium_factor_quality_value_momentum
ARCE,False,0.4615697158697037,IGNORE,not_actively_trading;negative_or_zero_fcf;market_cap_too_small,13.98,Arco Platform Limited,Consumer Defensive,Education & Training Services,NASDAQ,False,False,False,False,-91.11726242103065,-7.517686868457128,0.4094152499714546,0.19237805502307975,0.23633961280738805,0.23633961280738805,0.46926412881662305,0.05,0.05,0.017467248908296984,0.12469831053901848,0.14215686274509798,-280297000.0,927434556.0,0.437,0.1390124156112938,1.061295541864522,medium_factor_quality_value_momentum
CCZ,False,0.4613803121367432,WATCH,,64.55,Comcast Holdings Corp.,Communication Services,Broadcasting,NYSE,False,False,False,True,1515.1500175234644,22.472502207954523,0.6065644349606404,0.03468508763061787,0.062334388555765466,0.062334388555765466,0.0153699728268617,0.06389105348965507,0.15392822261273853,0.03694779116465852,0.024603174603174516,0.05646481178396057,21893000000.0,16063678877.0,0.07739174,0.07970871601603642,1.1397155948154876,medium_factor_quality_value_momentum
BMRC,False,0.4600340140496553,IGNORE,excluded_sector_or_industry;market_cap_too_small,25.86,Bank of Marin Bancorp,Financial Services,Banks - Regional,NASDAQ,False,False,False,True,32.51312148907355,0.2572746128798742,0.6515821471735,0.15046102547782453,0.04586025486561629,0.04586025486561629,0.10519114564020926,-0.041870310974405855,0.05879432207646351,0.07660283097418819,-0.06541380556559462,0.20279069767441849,37257000.0,418665616.0,0.806,0.16598428156886283,0.17562979217238392,medium_factor_quality_value_momentum
BMY,False,0.4594217849305959,IGNORE,debt_too_high_or_invalid,54.7,Bristol-Myers Squibb Company,Healthcare,Drug Manufacturers - General,NYSE,False,False,False,True,323.95315600636474,4.922361170134638,0.5748059449187322,0.04627217377364108,-0.0020707469229017668,-0.0020707469229017668,0.009610487187598382,-0.04174732707836326,0.034081655089290175,-0.04836464857341671,0.021475256769374562,0.16780529461998284,12845000000.0,111701229000.0,0.238,0.17480594491873208,2.5517782709900936,medium_factor_quality_value_momentum
CHCO,False,0.4592340806325091,IGNORE,excluded_sector_or_industry;market_cap_too_small;roic_too_low,127.82,City Holding Company,Financial Services,Banks - Regional,NASDAQ,False,False,False,True,327.62829619540486,1.56320056482088,0.6155724621895937,0.08297330869263986,0.11352418385741302,0.11352418385741302,0.14434631833628053,0.06740169221846637,0.1210636523580979,0.09257201470211118,0.00876016099755339,0.10104229477129811,128448000.0,1803689238.0,0.494,0.0,0.6393562889042584,medium_factor_quality_value_momentum
AEP,False,0.458446246701587,WATCH,,130.3,"American Electric Power Company, Inc.",Utilities,Regulated Electric,NASDAQ,False,False,False,True,532.8319196343249,3.0892702965028764,0.557017241257859,0.05515290310041693,0.06473072918195162,0.06473072918195162,0.06991384125452416,0.05,0.07646059880973399,0.03692503581091855,0.13590794176619325,0.2875494071146245,6814000000.0,70896881500.0,0.518,0.06329861946880345,1.6134947652386151,medium_factor_quality_value_momentum
BCO,False,0.457747277607657,IGNORE,market_cap_too_small;debt_too_high_or_invalid,97.55,The Brink's Company,Industrials,Security & Protection Services,NYSE,False,False,False,True,290.9343194383626,1.9824122956264745,0.6352615643988548,0.07183680582816732,0.10504915332897027,0.10504915332897027,0.05792215011017765,0.08917018371676355,0.22312161418486554,-0.0013308763308764737,-0.18755725826601144,0.1199770378874856,436400000.0,4017209281.0,1.043,0.1302124110698846,17.741807706157726,medium_factor_quality_value_momentum
ABST,False,0.4576226134634395,IGNORE,not_actively_trading;market_cap_too_small;roic_too_low;debt_too_high_or_invalid,11.49,Absolute Software Corporation,Technology,Software - Application,NASDAQ,False,False,False,False,52.56540100569081,3.574882594054901,0.6000000000000001,0.06063206130016352,0.21968889660535346,0.21968889660535346,0.20487929282625617,0.40868667996724617,-0.03418857087929117,0.4806701030927836,0.0017436791630338622,0.2626373626373628,37963000.0,610809526.0,0.356099,0.0,86.63363551109722,medium_factor_quality_value_momentum
CIVB,False,0.4572270776694058,IGNORE,excluded_sector_or_industry;market_cap_too_small,26.82,"Civista Bancshares, Inc.",Financial Services,Banks - Regional,NASDAQ,False,False,False,True,37.23071206914466,0.38816972666460314,0.658458868299764,0.13058895289367423,0.08439009163505773,0.08439009163505773,0.17404015039477239,0.020483929069059048,0.0009492179646264365,0.22745995423340948,0.10506798516687277,0.22131147540983598,42115000.0,557409393.0,0.673,0.10801789546021906,0.5228934594847223,medium_factor_quality_value_momentum
AMOV,False,0.4569912561888663,IGNORE,excluded_adr;not_actively_trading,20.75,"América Móvil, S.A.B. de C.V.",Communication Services,Telecommunications Services,NYSE,False,False,True,False,296.62012688119063,13.294945873792319,0.5537318479180555,0.08594869558321493,-0.004143632639209769,-0.004143632639209769,-0.05129898218266438,0.027146809784647008,0.04323140281191429,0.1572783045175683,0.20081018518518512,0.10255047821466534,91753389000.0,65611497344.0,0.278879,0.13172982955241705,1.7066397551248214,medium_factor_quality_value_momentum
ACA,False,0.45689235539511497,IGNORE,market_cap_too_small,144.9,"Arcosa, Inc.",Industrials,Industrial - Infrastructure Operations,NYSE,False,False,False,True,77.42667108563433,-0.46565444385345534,0.3757660351415607,0.09573042502761964,0.1808509328641716,0.1808509328641716,0.0908384847552961,0.21175042015137202,0.31452659815112183,0.4392133492252681,0.33918669131238444,0.6655172413793105,175500000.0,7114068360.0,1.069,0.0747269274832136,0.5806673021925643,medium_factor_quality_value_momentum
CINF,False,0.45505195979601676,IGNORE,excluded_sector_or_industry;roic_too_low,172.46,Cincinnati Financial Corporation,Financial Services,Insurance - Property & Casualty,NASDAQ,False,False,False,True,652.3926196168208,2.782863386390008,0.6043100230161595,0.0729677631004384,0.05848637899629902,0.05848637899629902,0.0702813787824097,0.11986067164317737,-0.05716505954623985,0.08855646026636377,0.03201484052420556,0.18366506520247095,3092000000.0,26677320020.0,0.584,0.0,0.05568474640186035,medium_factor_quality_value_momentum
CHMG,False,0.45409022983005,IGNORE,excluded_sector_or_industry;market_cap_too_small;roic_too_low,71.45,Chemung Financial Corporation,Financial Services,Banks - Regional,NASDAQ,False,False,False,True,268.1434273338491,2.752882118038476,0.5864893730334595,0.07714,0.037943090805505175,0.037943090805505175,0.11103929647172084,0.05703666511732908,-0.136889681994662,0.3438028963701336,0.1984233478698425,0.5205362843158119,43812000.0,344376139.0,0.619,0.0,0.019382903627276616,medium_factor_quality_value_momentum
ASAN,False,0.4536999087114085,IGNORE,market_cap_too_small;roic_too_low,6.75,"Asana, Inc.",Technology,Software - Application,NYSE,False,False,False,True,19.97587808366889,1.9593893457287241,0.6286224102467607,0.08752753748590882,0.3,0.3,0.20231728619305067,8.252778965369815,0.05,0.015037593984962294,-0.5351239669421488,-0.49209932279909707,86569000.0,1603961028.0,0.956,0.0,1.6183678633765257,medium_factor_quality_value_momentum
BFAM,False,0.45286141273195785,IGNORE,market_cap_too_small,64.02,Bright Horizons Family Solutions Inc.,Consumer Cyclical,Personal Products & Services,NYSE,False,False,False,True,103.00521960936953,0.6089537583469156,0.6966372356808002,0.09231515358138119,0.16872437871664672,0.16872437871664672,0.1370045748568285,0.1185632660495135,0.30740565543698306,-0.1721194879089616,-0.3874856486796785,-0.4762333306062342,256363000.0,3367880934.0,1.18,0.07648590792917899,1.3143073462003403,medium_factor_quality_value_momentum
ALPN,False,0.45041452705802226,IGNORE,not_actively_trading;negative_or_zero_fcf;market_cap_too_small;roic_too_low,64.97,"Alpine Immune Sciences, Inc.",Healthcare,Biotechnology,NASDAQ,False,False,False,False,-63.32159349790939,-1.9746281899016376,0.3477326714256528,0.09793950719859447,0.3,0.3,1.4118331608828547,0.05,0.05,1.1294657489347752,4.131911532385466,6.554651162790698,-79499000.0,4456779835.0,0.969,0.0,0.030231047657962865,medium_factor_quality_value_momentum
ALCC,False,0.4503339199450881,IGNORE,not_actively_trading;excluded_sector_or_industry;negative_or_zero_fcf;market_cap_too_small;roic_too_low,18.23,AltC Acquisition Corp.,Financial Services,Shell Companies,NYSE,False,False,False,False,-410.0678578945554,-23.49412275888949,0.34992633161948505,0.03615328034101011,0.3,0.3,0.05,0.05,2.3333333333333335,0.7181903864278982,0.7699029126213592,0.761352657004831,-115379000.0,785709299.0,-0.063,0.0,0.0009822450735328984,medium_factor_quality_value_momentum
ALLG,False,0.4502484582175,IGNORE,not_actively_trading;negative_or_zero_fcf;market_cap_too_small;roic_too_low;debt_too_high_or_invalid,1.82,Allego N.V.,Consumer Cyclical,Auto - Parts,NYSE,False,False,False,False,-27.022256810810163,-15.847393852093495,0.35,0.07545535238524195,0.2680338939617623,0.2680338939617623,0.5405762614139651,0.05,0.05,0.5178571428571428,2.233168505135032,-0.05904059040590415,-114229000.0,496916435.0,0.762,0.0,-5.4492426238971925,medium_factor_quality_value_momentum
AVDL,False,0.44967753351713474,IGNORE,excluded_adr;not_actively_trading;negative_or_zero_fcf;market_cap_too_small;roic_too_low,21.64,Avadel Pharmaceuticals plc,Healthcare,Drug Manufacturers - Specialty & Generic,NASDAQ,False,False,True,False,-15.298728783787992,-1.7069652857573008,0.3482694182645434,0.11885784400000002,0.3,0.3,1.751758882958642,0.05,0.05,0.1300261096605746,0.6029629629629629,1.4287317620650954,-46907000.0,2123997811.0,1.3142974,0.0,0.023074423139421516,medium_factor_quality_value_momentum
ATEN,False,0.44963982391835094,IGNORE,market_cap_too_small,33.77,"A10 Networks, Inc.",Technology,Software - Infrastructure,NYSE,False,False,False,True,13.790245296527173,-0.5916421292115139,0.332637851844523,0.10170784402718236,0.011569266288662759,0.011569266288662759,0.038256346998173596,0.09575214802587406,-0.16807921773617585,0.5736253494874186,0.8678097345132747,0.8575357535753578,64766000.0,2431378370.0,1.181,0.6727190068594943,1.0524188592551975,medium_factor_quality_value_momentum
AMLX,False,0.44950576293119127,IGNORE,negative_or_zero_fcf;market_cap_too_small;roic_too_low,16.28,"Amylyx Pharmaceuticals, Inc.",Healthcare,Biotechnology,NASDAQ,False,False,False,True,-9073.456096492284,-558.3375980646366,0.348536406788989,0.030474206409111228,0.3,0.3,0.9825033135442991,0.05,0.05,0.17885590152063724,0.3715248525695032,2.1921568627450987,-123481000.0,1353275000.0,-0.157,0.0,0.019514576146813033,medium_factor_quality_value_momentum
BPOP,False,0.4492520591687348,IGNORE,excluded_sector_or_industry;roic_too_low,162.73,"Popular, Inc.",Financial Services,Banks - Regional,NASDAQ,False,False,False,True,444.38722888733656,1.7308254709478068,0.5709727503414811,0.1510862816696718,0.04005146978157781,0.04005146978157781,0.13768383172458964,-0.07531831825454782,0.017841427949742528,0.247164316370325,0.3225780234070219,0.5677263969171482,680987000.0,10502221386.0,0.644,0.0,0.2543829258679559,medium_factor_quality_value_momentum
BHC,False,0.4471253125041755,IGNORE,market_cap_too_small;debt_too_high_or_invalid,4.67,Bausch Health Companies Inc.,Healthcare,Drug Manufacturers - Specialty & Generic,NYSE,False,False,False,True,29.874845512439393,5.39718319324184,0.6460741336731024,0.06193432712959682,0.021320846305187883,0.021320846305187883,0.0549359945258836,-0.04261878711894784,0.05,-0.06786427145708585,-0.31524926686217014,-0.24433656957928795,1003000000.0,1744131257.0,0.407,0.07475328736791452,-38.35018050891434,medium_factor_quality_value_momentum
ALBO,False,0.44703987615349156,IGNORE,not_actively_trading;negative_or_zero_fcf;market_cap_too_small;roic_too_low,44.15,"Albireo Pharma, Inc.",Healthcare,Biotechnology,NASDAQ,False,False,False,False,-185.3111860285232,-5.197308856818193,0.34572741560748943,0.1129175385693791,0.3,0.3,13.19303700519657,0.05,0.05,1.0601959869342044,1.5505488157134604,0.6013783097569823,-108024000.0,915887335.0,1.035564,0.0,0.05696779190014122,medium_factor_quality_value_momentum
AEHR,False,0.4464938253611486,IGNORE,negative_or_zero_fcf;market_cap_too_small;roic_too_low,113.33,Aehr Test Systems,Technology,Semiconductors,NASDAQ,False,False,False,True,-4.809655662650936,-1.0424393864171089,0.34338940840393584,0.23092111332199491,0.3,0.3,0.3728626112384188,-0.03970824412043583,0.8149704259460604,2.2830243337195824,4.273615635179153,8.84622067767159,-12392000.0,3564597276.0,3.183,0.0,0.08814122128085553,medium_factor_quality_value_momentum
CASY,False,0.44605943070995546,IGNORE,,831.67,"Casey's General Stores, Inc.",Consumer Cyclical,Specialty Retail,NASDAQ,False,False,False,True,658.7269102905326,-0.20794676940308943,0.45653005698501475,0.07080059733174945,0.11986338477665642,0.11986338477665642,0.07906783440793252,0.1177743831578788,0.2045879879422705,0.2608128799478495,0.4992338615182159,0.6426102585372597,721620000.0,30827455336.0,0.624,0.12471159135760017,0.7315494851734144,medium_factor_quality_value_momentum
AIIR,False,0.44602572464827733,IGNORE,market_cap_too_small,6.7,Air Global PLC Ordinary Shares,Consumer Defensive,Tobacco,NASDAQ,False,False,False,True,220.90044993313757,31.970216407930977,0.5921924880639531,0.04186761627608145,0.035671431865862475,0.035671431865862475,0.04789841404104145,0.353468087659633,-0.4654775161751512,0.0,0.0,0.0,90077000.0,235036000.0,-0.51781243,0.15009964911971246,1.9143812389549602,medium_factor_quality_value_momentum
BTU,False,0.443604132956459,IGNORE,market_cap_too_small;roic_too_low,24.12,Peabody Energy Corporation,Energy,Coal,NYSE,False,False,False,True,168.21293741836436,5.974002380529202,0.6177949672544121,0.06309958088092633,0.07850424153927622,0.07850424153927622,0.03862817129592955,0.22202161374028928,-0.057019676275550046,-0.3535245242562316,-0.15368421052631576,0.6902592852137353,528299999.0,2938636779.0,0.34,0.0001365010799136069,0.14461033819703653,medium_factor_quality_value_momentum
AS,False,0.4433391531266013,IGNORE,,36.11,"Amer Sports, Inc.",Consumer Cyclical,Leisure,NYSE,False,False,False,True,17.135059221992574,-0.525476066962266,0.3967779596853087,0.15891960020466347,0.3,0.3,0.2096724350441097,0.3558195102369828,4.428571428571428,0.17469095640858812,-0.04748087575837501,-0.0022105554020447338,503700000.0,20881394698.0,2.039,0.06943954189833874,0.3021544295070665,medium_factor_quality_value_momentum
AME,False,0.44304584356580606,IGNORE,,241.55,"AMETEK, Inc.",Industrials,Electrical Equipment & Parts,NYSE,False,False,False,True,139.01166511845543,-0.4245014898842665,0.38923997152898127,0.09738317492231484,0.09828877474213124,0.09828877474213124,0.07477925288056952,0.12331711368394327,0.10776531005253664,0.15369919281654498,0.2083541770885442,0.35885463546354646,1671515000.0,55363984650.0,1.004,0.1272949002977132,0.22057476742875431,medium_factor_quality_value_momentum
ATRO,False,0.4419565183583779,IGNORE,market_cap_too_small;debt_too_high_or_invalid,81.85,Astronics Corporation,Industrials,Aerospace & Defense,NASDAQ,False,False,False,True,37.199495082995874,-0.5455162482224083,0.34038301726087794,0.10131867321467994,0.3,0.3,0.179846161153965,0.9478724365344657,0.05,0.5405608883869752,0.9432573599240266,1.9305406373075544,43122000.0,3147002195.0,1.152,0.14038301726087793,2.701100846695318,medium_factor_quality_value_momentum
BP,False,0.4416016244803966,IGNORE,excluded_adr,39.78,BP p.l.c.,Energy,Oil & Gas Integrated,NYSE,False,False,True,True,258.95079475640574,5.509572517757811,0.5307867156967254,0.03817737466596616,-0.1,-0.1,0.04670176183642227,-0.029290629933283907,-0.7911694416294991,-0.11165698972755689,0.15404699738903394,0.277456647398844,11298341000.0,104323248900.0,-0.239,0.09991700296204997,1.5884038302043277,medium_factor_quality_value_momentum
BFC,False,0.44063066057344136,IGNORE,excluded_sector_or_industry;market_cap_too_small,142.82,Bank First Corporation,Financial Services,Banks - Regional,NASDAQ,False,False,False,True,129.53006671037687,-0.09305372699638093,0.5408735074251311,0.09250476358166457,0.1420778169963033,0.1420778169963033,0.19787456021648864,0.1276438702624485,0.05213525065671476,0.09591774094536532,0.056908162510175275,0.279863787077695,51038000.0,1602848008.0,0.417,0.10040966627015503,0.19189980057033157,medium_factor_quality_value_momentum
ALTM,False,0.44046895950661463,IGNORE,not_actively_trading;negative_or_zero_fcf;market_cap_too_small;roic_too_low,5.84,Arcadium Lithium plc,Basic Materials,Chemicals - Specialty,NYSE,False,False,False,False,-6.326910366346139,-2.083375062730503,0.3520100641381694,0.11174051592267344,0.3,0.3,0.36747720103350323,0.05,3.014825932419951,0.11238095238095225,1.1549815498154983,0.05605786618444841,-176000000.0,6288862587.0,1.494,0.014075890804197267,0.16087768888037177,medium_factor_quality_value_momentum
CARS,False,0.43988280795170104,IGNORE,market_cap_too_small;roic_too_low,9.89,Cars.com Inc.,Communication Services,Internet Content & Information,NYSE,False,False,False,True,26.01850378522743,1.6307890581625308,0.6014474802737306,0.12268143015798574,0.08154122169141545,0.08154122169141545,0.03771831702775308,0.05529913640877071,0.20855015894270723,0.2518987341772152,-0.2608370702541106,-0.09266055045871557,147353000.0,552880937.0,1.606,0.044262331212624344,0.9914143017374558,medium_factor_quality_value_momentum
CHK,False,0.4397196212708303,IGNORE,not_actively_trading,81.46,Chesapeake Energy Corporation,Energy,Oil & Gas Exploration & Production,NASDAQ,False,False,False,False,230.43280823826967,1.828784780730048,0.6011710160201514,0.057469041967617734,-0.0016253815054256364,-0.0016253815054256364,0.12387304026973478,0.14957772365204303,-0.47942688279194945,0.12314948251015334,-0.046172674677347536,-0.0006993822123790849,1839000000.0,10695127780.0,0.455,0.07159840325236154,0.27236516309613523,medium_factor_quality_value_momentum
BLZE,False,0.43901805763743673,IGNORE,market_cap_too_small;roic_too_low,8.12,"Backblaze, Inc.",Technology,Software - Infrastructure,NASDAQ,False,False,False,True,8.112272820094931,-0.0009516231410181542,0.4941189361847675,0.14338,0.3,0.3,0.21247636616681875,0.7463405595701316,0.05,1.2185792349726774,0.8247191011235953,0.5984251968503935,18850000.0,487319616.0,1.723,0.0,0.740005527451004,medium_factor_quality_value_momentum
BTSG,False,0.43894939400531197,IGNORE,,67.2,"BrightSpring Health Services, Inc. Common Stock",Healthcare,Medical - Healthcare Information Services,NASDAQ,False,False,False,True,36.031880121609234,-0.46381130771414836,0.3251734354609642,0.1360044409766465,0.3,0.3,0.1782804955442665,0.3680191252618501,2.0,0.6306721669497695,0.8887015177065769,2.0026809651474533,394685000.0,13188564480.0,1.874,0.06898372464006562,1.443810214579228,medium_factor_quality_value_momentum
ALIT,False,0.43765744406115653,IGNORE,market_cap_too_small;roic_too_low,0.5502,"Alight, Inc.",Technology,Software - Application,NYSE,False,False,False,True,76.67028245975041,138.34984089376664,0.6092941176470589,0.04891734896181989,0.3,0.3,-0.06143682515970528,2.976353643835253,0.05,-0.19360984904001166,-0.7404716981132076,-0.8945977011494253,250000000.0,289871219.0,1.609,0.009294117647058824,2.0296934865900385,medium_factor_quality_value_momentum
CAC,False,0.43709193242540473,IGNORE,excluded_sector_or_industry;market_cap_too_small,51.86,Camden National Corporation,Financial Services,Banks - Regional,NASDAQ,False,False,False,True,65.17764311598202,0.2567999058230239,0.6004938809462306,0.10335482402544788,0.0010819603402104027,0.0010819603402104027,0.17319400384670192,-0.19825141175432626,-0.04414206853096769,0.14582412726469296,0.12910951447855434,0.3498178032274857,58204000.0,877195305.0,0.559,0.21606468100772455,0.9249696364121868,medium_factor_quality_value_momentum
CAR,False,0.4369821551627895,IGNORE,negative_or_zero_fcf;market_cap_too_small;roic_too_low;debt_too_high_or_invalid,186.28,"Avis Budget Group, Inc.",Industrials,Rental & Leasing Services,NASDAQ,False,False,False,True,-6294.892077124568,-34.792635157421984,0.3336919859667895,0.132254492381467,0.14692042970066546,0.14692042970066546,0.05761528377795688,0.05,0.47091136609708073,0.8646646646646645,0.4291852079177536,0.4344678884953026,-11978000000.0,6580338392.0,1.872,0.03677155626612405,-9.96132949824225,medium_factor_quality_value_momentum
CCAP,False,0.43538842563533015,IGNORE,excluded_sector_or_industry;market_cap_too_small,11.185,"Crescent Capital BDC, Inc.",Financial Services,Asset Management,NASDAQ,False,False,False,True,68.35345559627183,5.11117171178112,0.6156827524655771,0.05916488266888188,0.08648473619340391,0.08648473619340391,0.11486892559500017,0.2729938048420597,-0.25004724558277236,-0.12372748629600627,-0.24747814391392065,-0.22560553633217995,74722000.0,412122510.0,0.575,0.07201465645301332,1.2375552024112018,medium_factor_quality_value_momentum
AROC,False,0.43495204229295964,IGNORE,market_cap_too_small,38.08,"Archrock, Inc.",Energy,Oil & Gas Equipment & Services,NYSE,False,False,False,True,17.692420053336672,-0.5353881288514529,0.34043607329995274,0.082105839425095,0.23628416328155638,0.23628416328155638,0.17505035243082867,-0.049932955741927354,0.7880774635182373,0.07177033492822948,0.49862258953168026,0.5256410256410255,119642000.0,6673961576.0,0.872,0.11218332887646436,1.623296741020155,medium_factor_quality_value_momentum
AOS,False,0.4343264124253517,IGNORE,market_cap_too_small,58.69,A. O. Smith Corporation,Industrials,Industrial - Machinery,NYSE,False,False,False,True,48.325075121088595,-0.17660461541849382,0.5415566830228551,0.10972645476110261,0.01995283489531182,0.01995283489531182,0.019972095112358534,-0.008953452590623634,0.06327374569012156,-0.08425651427679837,-0.13792596944770863,-0.06959416613823721,546000000.0,8199391799.0,1.175,0.2994523880774732,0.10339074273412271,medium_factor_quality_value_momentum
BVN,False,0.4341249875866778,IGNORE,excluded_adr;market_cap_too_small,32.41,Compañía de Minas Buenaventura S.A.A.,Basic Materials,Other Precious Metals,NYSE,False,False,True,True,18.13568393409917,-0.44042937568345664,0.3861145397746955,0.06242236302741089,0.11172184883473685,0.11172184883473685,0.1776044523670699,-0.2922783785970495,0.5859569829177502,0.06999009574116855,0.1529704731412307,0.9571256038647342,104966440.0,8231714003.0,0.37,0.11366795336003786,0.17471349528928717,medium_factor_quality_value_momentum
AGL,False,0.43351413241873116,IGNORE,negative_or_zero_fcf;market_cap_too_small;roic_too_low,113.11,"Agilon Health, Inc.",Healthcare,Medical - Care Facilities,NYSE,False,False,False,True,-56.57844474133198,-1.5002072738160372,0.32821322612716397,0.22084552319567194,0.20787403737844973,0.20787403737844973,0.40521658410151185,0.05,0.05,9.610694183864915,5.728732897085069,1.0754128440366975,-119005000.0,1887103034.0,3.036,0.0,0.29049031830448024,medium_factor_quality_value_momentum
CASS,False,0.43248296069142567,IGNORE,market_cap_too_small;roic_too_low,49.35,"Cass Information Systems, Inc.",Industrials,Specialty Business Services,NASDAQ,False,False,False,True,97.7304931297356,0.980354470713994,0.5919629770797297,0.06745228532854639,0.04335465520053723,0.04335465520053723,0.05341500790353626,0.012967144419831822,0.06881521596559725,0.13604972375690627,0.12903225806451624,0.18402111324376214,31774000.0,635191203.0,0.459,0.0,0.01855570827743438,medium_factor_quality_value_momentum
APG,False,0.432055349970459,IGNORE,,42.78,APi Group Corporation,Industrials,Engineering & Construction,NYSE,False,False,False,True,38.45650247655726,-0.10106352322213041,0.5072883015861895,0.12223007963290729,0.2662446053021213,0.2662446053021213,0.19037498172807865,0.5115671736022589,0.05,0.08303797468354435,0.11989528795811522,0.3110634385534783,663000000.0,18533493369.0,1.608,0.07005085876236561,0.9644953051643192,medium_factor_quality_value_momentum
AMTB,False,0.43106402108716696,IGNORE,excluded_sector_or_industry;market_cap_too_small;roic_too_low,23.81,Amerant Bancorp Inc.,Financial Services,Banks - Regional,NYSE,False,False,False,True,62.05873229161898,1.6064146279554383,0.5606151467823297,0.14793240884507614,0.09376918245758391,0.09376918245758391,0.207955848104455,0.17199509249112177,-0.2519430138864651,0.14968614196040542,0.16544297601566327,0.43606755126658636,97964000.0,937037788.0,0.902,0.0,1.1087204756700562,medium_factor_quality_value_momentum
AMX,False,0.4306708855233402,IGNORE,excluded_adr;debt_too_high_or_invalid,26.08,"América Móvil, S.A.B. de C.V.",Communication Services,Telecommunications Services,NYSE,False,False,True,True,631.8254484789713,23.22643590793602,0.5328425539784126,0.07567910965483506,0.03590295436700355,0.03590295436700355,0.01598139608510518,0.04781088356637264,0.05788417713174665,0.11787398199742816,0.26663428848955806,0.5153980244044158,120673557000.0,78326388122.0,0.228,0.09693959961140909,2.533370207141915,medium_factor_quality_value_momentum
CBIO,False,0.42945247675251896,IGNORE,negative_or_zero_fcf;market_cap_too_small;roic_too_low,17.57,"Crescent Biopharma, Inc.",Healthcare,Biotechnology,NASDAQ,False,False,False,True,-237.113542013192,-14.495363802685942,0.3493926467400942,0.10922335,0.3,0.3,1.1067172625894366,0.05,0.05,0.6119266055045871,0.40672538030424343,0.20177838577291385,-72451000.0,484438283.0,1.1537225,0.0,0.008098043465410912,medium_factor_quality_value_momentum
CCF,False,0.4288047461658124,IGNORE,not_actively_trading;market_cap_too_small,127.49,Chase Corporation,Basic Materials,Chemicals - Specialty,AMEX,False,False,False,False,172.2362120959336,0.35097821080817027,0.630898114434992,0.07927418760927327,0.07299391147611496,0.07299391147611496,0.09468018427750313,0.09274148872500731,0.0,0.01142403808012693,0.12773109243697478,0.34101188597875254,67030000.0,1214055398.0,0.677,0.0877385582294429,0.2696751945844538,medium_factor_quality_value_momentum
ASTE,False,0.4288002134539924,IGNORE,market_cap_too_small;roic_too_low,57.83,"Astec Industries, Inc.",Industrials,Agricultural - Machinery,NASDAQ,False,False,False,True,23.88632271388396,-0.5869562041521017,0.36170414866166545,0.10623550283713117,0.3,0.3,0.06520324146647316,7.6,0.345302854405823,0.1603130016051364,0.25335934113567404,0.4696315120711563,21500000.0,1329663793.0,1.384,0.04997978310496896,0.5103417925773801,medium_factor_quality_value_momentum
ANAB,False,0.42853828253750015,IGNORE,market_cap_too_small;roic_too_low,59.99,"AnaptysBio, Inc.",Healthcare,Biotechnology,NASDAQ,False,False,False,True,31.606245436501712,-0.47314143296379874,0.3322994601388557,0.0887054205448223,0.20030406139266627,0.20030406139266627,0.38818413813349895,0.05,0.05,0.4427609427609429,0.9694681549573212,2.847979474021809,19610000.0,2586911756.0,0.412,0.0,0.3792528890083311,medium_factor_quality_value_momentum
ASYS,False,0.42822883149647734,IGNORE,market_cap_too_small;roic_too_low,22.03,"Amtech Systems, Inc.",Technology,Semiconductors,NASDAQ,False,False,False,True,10.113329617486231,-0.5409292048349419,0.32258640067434674,0.16011999999999998,0.3,0.3,-0.01759714275178048,0.3047543363034775,10.09090909090909,1.013711151736746,0.8072190319934374,4.308433734939759,6927000.0,319421914.0,2.002,0.0,0.365514657675377,medium_factor_quality_value_momentum
AMPX,False,0.4280641638293116,IGNORE,negative_or_zero_fcf;market_cap_too_small;roic_too_low,15.65,"Amprius Technologies, Inc.",Industrials,Electrical Equipment & Parts,NYSE,False,False,False,True,-5.211915088400589,-1.3330297181086639,0.32119491402976447,0.1681,0.3,0.3,1.2654201951469837,0.05,0.05,-0.14010989010989006,0.7824601366742598,3.1511936339522544,-35534000.0,2216465211.0,2.135,0.0,0.3840678129364735,medium_factor_quality_value_momentum
AIRJ,False,0.4265692463991589,IGNORE,negative_or_zero_fcf;market_cap_too_small;roic_too_low,4.88,AirJoule Technologies Corporation,Industrials,Industrial - Machinery,NASDAQ,False,False,False,True,-4.1677944197891446,-1.8540562335633495,0.3499652904596413,0.09316,0.3,0.3,0.05,0.05,7.423224099200501,0.5895765472312704,0.4144927536231884,0.12183908045977021,-5652553.0,353314869.0,0.886,0.0,0.0004627938714491716,medium_factor_quality_value_momentum
ABX,False,0.42552386161585215,IGNORE,excluded_sector_or_industry;negative_or_zero_fcf;market_cap_too_small,9.56,"Abacus Global Management, Inc.",Financial Services,Insurance - Life,NYSE,False,False,False,True,-38.405782581338215,-5.017341274198558,0.3541114919411217,0.054556841976818274,0.3,0.3,0.7963350326065166,8.510047943775596,1.6295358943292948,0.06458797327394206,0.15180722891566267,0.683098591549296,-26611908.0,917017829.0,0.088,0.07779181616890986,0.9824043230371758,medium_factor_quality_value_momentum
AFJK,False,0.4252370488443116,IGNORE,excluded_sector_or_industry;negative_or_zero_fcf;market_cap_too_small;roic_too_low,30.22,"Aimei Health Technology Co., Ltd",Financial Services,Shell Companies,NASDAQ,False,False,False,True,-19.821482926389777,-1.6559061193378484,0.3311220601742637,0.05298034478367676,0.3,0.3,0.05,0.05,1.991215208080594,0.09890909090909084,0.16186082276047653,1.70304114490161,-565100.0,184998771.0,0.226,0.0,0.2517058643431511,medium_factor_quality_value_momentum
BGSI,False,0.42503762081146,IGNORE,market_cap_too_small;roic_too_low,89.06,Boyd Group Services Inc.,Consumer Cyclical,Auto - Parts,NYSE,False,False,False,True,377.4886761993987,3.238588324718153,0.6090620853999684,0.0721763758460373,0.09490503780142343,0.09490503780142343,0.13818711691211472,0.1457911753984793,-0.06798832681554301,-0.3692187831999433,-0.4466948310139165,0.0,276314820.0,2000408989.0,0.716,0.039033702183503244,0.9983553944661109,medium_factor_quality_value_momentum
CHRD,False,0.42417023175113117,IGNORE,market_cap_too_small;roic_too_low,124.45,Chord Energy Corporation,Energy,Oil & Gas Exploration & Production,NASDAQ,False,False,False,True,408.15693935338925,2.279686133815904,0.5754406514946264,0.05805765584089599,0.025677517113667506,0.025677517113667506,0.3255063340699895,-0.0020358769956588807,-0.5324100256349868,-0.0565537108634675,0.3274666666666668,0.1898843101634955,692720000.0,7006435440.0,0.357,0.013730617982969562,0.18623311469347473,medium_factor_quality_value_momentum
CHD,False,0.4240095706975485,IGNORE,,93.74,"Church & Dwight Co., Inc.",Consumer Defensive,Household & Personal Products,NYSE,False,False,False,True,126.33679364162548,0.3477362240412363,0.6249959831322981,0.0651209033026915,0.03412428223076374,0.03412428223076374,0.045586613741530835,0.057189953166098206,-0.023398887193772144,-0.010032738409546993,0.08344891354600081,-0.022421524663677195,1093000000.0,22211093251.0,0.47,0.14310010869146628,0.5509719654190195,medium_factor_quality_value_momentum
CAPR,False,0.4234392694886182,IGNORE,negative_or_zero_fcf;market_cap_too_small;roic_too_low,29.34,"Capricor Therapeutics, Inc.",Healthcare,Biotechnology,NASDAQ,False,False,False,True,-138.77302092669544,-5.729823480800799,0.34559878761764795,0.06370169738187423,0.3,0.3,3.496915036657162,0.05,0.05,0.008247422680412342,0.12198852772466551,1.457286432160804,-72715722.0,1341338335.0,0.368,0.0,0.058682831764694285,medium_factor_quality_value_momentum
BRY,False,0.4233676473745286,IGNORE,not_actively_trading;market_cap_too_small,3.26,Berry Corporation,Energy,Oil & Gas Exploration & Production,NASDAQ,False,False,False,False,11.712959043254719,2.592932221857276,0.5966292784365574,0.07852327676339102,-0.08616331505541576,-0.08616331505541576,0.17872251881902912,-0.021614966798761515,-0.7127575051892869,-0.18703241895261846,0.147887323943662,-0.14210526315789473,106830000.0,252999126.0,0.833,0.09130032530531292,0.5956139582500726,medium_factor_quality_value_momentum
CDP,False,0.42288894155987355,IGNORE,excluded_sector_or_industry;market_cap_too_small,33.69,COPT Defense Properties,Real Estate,REIT - Office,NYSE,False,False,False,True,69.55052941876653,1.0644265188117106,0.5518239562195629,0.062014450780943836,0.08458587501326048,0.08458587501326048,0.03549373021926261,0.03728969034613283,0.25371444160194767,0.07980769230769225,0.15455791638108285,0.17756029360363512,253680000.0,3819671130.0,0.812,0.05650856692200271,1.8569398095426715,medium_factor_quality_value_momentum
BWA,False,0.42218720613774174,IGNORE,,72.34,BorgWarner Inc.,Consumer Cyclical,Auto - Parts,NYSE,False,False,False,True,88.6137929052753,0.22496257817632426,0.5224073905203998,0.08580319235191751,0.02234366100252183,0.02234366100252183,-0.008896754584955313,0.16593215986085075,-0.13055825611001726,0.38502776182270737,0.6197939991043442,1.1723723723723727,1179000000.0,14838014832.0,1.065,0.11767241379310345,0.7679162072767365,medium_factor_quality_value_momentum
CDLR,False,0.42210780246754814,IGNORE,excluded_adr;negative_or_zero_fcf;market_cap_too_small,22.8,Cadeler A/S,Industrials,Marine Shipping,NYSE,False,False,True,True,-1411.3775205718864,-62.90252283210028,0.3660792553341454,0.05220489499503575,0.3,0.3,0.7683405242905481,0.05,0.9067178702119365,-0.013414106447425356,0.27659574468085113,0.07344632768361592,-862504680.0,2199539188.0,0.703,0.09709536179351436,1.0802147527915855,medium_factor_quality_value_momentum
AGBK,False,0.42162420658805466,IGNORE,excluded_sector_or_industry;negative_or_zero_fcf;market_cap_too_small;wacc_out_of_range,6.94,AGI Inc,Financial Services,Banks - Regional,NYSE,False,False,False,True,-35.79308280247788,-6.157504726581827,0.38483500863894027,0.6134662594532337,0.3,0.3,0.47654934098921387,-0.2584321953527844,0.9178690755688381,-0.22630992196209587,0.0,0.0,-572009000.0,1109927025.0,2.494081,0.1475836613125363,1.5033153689812808,medium_factor_quality_value_momentum
ACTG,False,0.42133811520756764,IGNORE,market_cap_too_small;roic_too_low,4.74,Acacia Research Corporation,Industrials,Specialty Business Services,NASDAQ,False,False,False,True,18.217113553137583,2.843272901505819,0.5729866119369889,0.06759747283962493,0.02168298275561886,0.02168298275561886,0.34159342459656283,0.05,-0.6606134267928407,-0.02268041237113394,0.27762803234501354,0.29508196721311486,58548000.0,457832334.0,0.428,0.015748978339526265,0.192604655442083,medium_factor_quality_value_momentum
BANF,False,0.4204958763469467,IGNORE,excluded_sector_or_industry;market_cap_too_small,111.34,BancFirst Corporation,Financial Services,Banks - Regional,NASDAQ,False,False,False,True,92.81376367517194,-0.16639335660883836,0.5193673423832967,0.1376010133954652,0.10546856166700556,0.10546856166700556,0.1348124053257358,0.07615115567460573,0.09075698333814475,0.06139180171591985,-0.003490557594200361,-0.06073899105787073,236967000.0,3739508329.0,0.604,0.13586384937614152,0.07210301355086632,medium_factor_quality_value_momentum
CLBR,False,0.41974560482984147,IGNORE,not_actively_trading;excluded_sector_or_industry;negative_or_zero_fcf;market_cap_too_small;roic_too_low,17.24,Colombier Acquisition Corp.,Financial Services,Shell Companies,NYSE,False,False,False,False,-5.955361062284326,-1.3454385766986268,0.3117508264179269,0.2073232000084802,0.3,0.3,0.7900097465430067,0.05,0.05409255338945962,0.6067101584342962,0.5889400921658985,0.6819512195121951,-19941398.0,689887391.0,2.6897643,0.0,0.5099889810943085,medium_factor_quality_value_momentum
CFG,False,0.41879577830684867,IGNORE,excluded_sector_or_industry;roic_too_low,67.99,"Citizens Financial Group, Inc.",Financial Services,Banks - Regional,NYSE,False,False,False,True,129.1791886489303,0.8999733585664116,0.552869027103646,0.14790776124012084,0.035021248101480114,0.035021248101480114,0.12393732676245395,-0.013521431223968983,-0.06999689023229394,0.19238863556646768,0.1600409486435761,0.6454501452081316,2037000000.0,28751747180.0,1.021,0.0,0.4286962799711213,medium_factor_quality_value_momentum
ACLS,False,0.41856314481889645,IGNORE,market_cap_too_small,183.92,"Axcelis Technologies, Inc.",Technology,Semiconductors,NASDAQ,False,False,False,True,37.14396113665545,-0.7980428385349312,0.31512320037430896,0.15578626117876473,0.020528342271092216,0.020528342271092216,0.06086966536535354,-0.06741491009685463,0.07176057463448982,1.178372616368589,1.2525413349663195,1.749588877261175,107010000.0,5652578336.0,1.918,0.14766313448615395,0.04091035177249552,medium_factor_quality_value_momentum
CDAY,False,0.41754334671310245,IGNORE,not_actively_trading;roic_too_low,69.52,Dayforce Inc.,Technology,Software - Application,NYSE,False,False,False,False,56.38196010541507,-0.1889821618898868,0.5077017973423386,0.12506082618952025,0.3,0.3,0.20222481946901327,1.7162387148234068,-0.6857142857142857,0.05697709015174057,-0.004623143737741642,-0.025644541963795953,281100000.0,10853949596.0,1.373,0.03399567926045016,0.009346895495424733,medium_factor_quality_value_momentum
BKSY,False,0.4150544871369027,IGNORE,negative_or_zero_fcf;market_cap_too_small;roic_too_low,28.54,BlackSky Technology Inc.,Technology,"Hardware, Equipment & Parts",NYSE,False,False,False,True,-10.213032998247268,-1.3578497897073325,0.31207181917725846,0.1996634324839505,0.1743374318254798,0.1743374318254798,0.3297592216073295,0.05,0.05,0.09390571100038336,0.7349544072948329,1.245476003147128,-44523000.0,1059090860.0,2.524,0.0,0.1635415019762846,medium_factor_quality_value_momentum
AEG,False,0.4143653668470927,IGNORE,excluded_adr;excluded_sector_or_industry,8.54,Aegon Ltd.,Financial Services,Insurance - Diversified,NYSE,False,False,True,True,6.210653800019594,-0.2727571662740521,0.43508271692299405,0.0690681832289259,-0.1,-0.1,-0.1671627855060187,-0.3235902595031306,0.1180339887498949,0.2540381791483113,0.14477211796246636,0.2727272727272727,851992497.0,12916967420.0,0.64,0.40921439508287366,0.7441922208984674,medium_factor_quality_value_momentum
ADUR,False,0.4138036066944747,IGNORE,negative_or_zero_fcf;market_cap_too_small;roic_too_low,14.67,Aduro Clean Technologies Inc.,Industrials,Industrial - Pollution & Treatment Controls,NASDAQ,False,False,False,True,-12.346630010408703,-1.8416244042541718,0.3489127319284314,0.11806,0.3,0.3,0.8267362311046818,0.05,0.05,0.3545706371191135,0.15602836879432624,0.4758551307847083,-10424510.0,496350648.0,1.301,0.0,0.014496907620914766,medium_factor_quality_value_momentum
CLFD,False,0.4135229711171397,IGNORE,market_cap_too_small;roic_too_low,40.01,"Clearfield, Inc.",Technology,Communication Equipment,NASDAQ,False,False,False,True,31.347817509872865,-0.21650043714389233,0.4614414777441951,0.16540000000000002,0.19090390841828986,0.19090390841828986,0.016256879031983695,0.40771202482028346,0.21498579258791173,0.4407634137558516,0.3989510489510488,0.006540880503144608,24707000.0,543715895.0,2.09,0.009701639047279385,0.03418526485089572,medium_factor_quality_value_momentum
ARQT,False,0.4118031823165936,IGNORE,negative_or_zero_fcf;market_cap_too_small;roic_too_low,26.66,"Arcutis Biotherapeutics, Inc.",Healthcare,Biotechnology,NASDAQ,False,False,False,True,0.3323746347945256,-0.9875328344038062,0.3475197779173418,0.13387093991144716,0.3,0.3,3.6727429360218915,0.05,0.05,0.20036019810896,-0.059280169371912494,0.9502560351133871,-6311000.0,3334712780.0,1.521,0.0,0.033069627768776484,medium_factor_quality_value_momentum
ASAI,False,0.411470601982868,IGNORE,excluded_adr;not_actively_trading;market_cap_too_small;debt_too_high_or_invalid,4.67,Sendas Distribuidora S.A.,Consumer Defensive,Grocery Stores,NYSE,False,False,True,False,99.23737351187003,20.24997291474733,0.608328262437368,0.11387909797704843,0.11092326502457901,0.11092326502457901,0.21784940855169066,0.11222622494200496,-0.10488346190578324,-0.07538461538461538,-0.3247191011235956,-0.5657514450867052,2678000000.0,6284679091.0,0.33,0.09740499741278902,5.263066954643628,medium_factor_quality_value_momentum
CHWA,False,0.4107826261086939,IGNORE,not_actively_trading;excluded_sector_or_industry;negative_or_zero_fcf;market_cap_too_small;roic_too_low,8.28,CHW Acquisition Corporation,Financial Services,Shell Companies,NASDAQ,False,False,False,False,38.08673232908906,3.599846899648438,0.6000000000000001,0.04,0.05000000000000001,0.05000000000000001,0.05,0.05,0.05,-0.1585365853658537,-0.14727085478887758,0.0,-795937.0,305110548.0,0.0,0.0,0.0,medium_factor_quality_value_momentum
BDXA,False,0.4102137022219737,IGNORE,not_actively_trading,59.24,"Becton, Dickinson and Company",Healthcare,Medical - Instruments & Supplies,NYSE,False,False,False,False,1176.8484938727136,18.865774710883077,0.5459249976838939,0.036231827725757,-0.01373641190727272,-0.01373641190727272,0.03365061924042445,-0.059739158146843496,-0.03950635484331089,0.0,0.0,0.0,2670000000.0,55913761971.0,0.0,0.05258411544679269,0.7554549035053171,medium_factor_quality_value_momentum
AMZN,False,0.4101711123177312,IGNORE,,232.79,"Amazon.com, Inc.",Consumer Cyclical,Specialty Retail,NASDAQ,False,False,False,True,2.709162443441984,-0.9883622043754372,0.26765441007405283,0.1241039194922116,-0.05353373841751944,-0.05353373841751944,0.11143723551067208,-0.511278141631848,0.3031409185475904,0.13351511905341562,0.05206309034211598,0.09537925842273665,7695000000.0,2504145309000.0,1.444,0.14556733138820024,0.37217228418863196,medium_factor_quality_value_momentum
BTG,False,0.40979161720120233,IGNORE,market_cap_too_small,4.2,B2Gold Corp.,Basic Materials,Gold,AMEX,False,False,False,True,0.1555390615809105,-0.9629668900997832,0.3751096647336177,0.11170909608761173,-0.1,-0.1,0.14803870882766246,-0.4783103270289095,-0.11209599825739924,0.0714285714285714,-0.08096280087527352,0.1351351351351351,66381044.0,5596164000.0,1.299,0.23826762204099933,0.1754394307650887,medium_factor_quality_value_momentum
BOWL,False,0.40927407281955497,IGNORE,not_actively_trading;market_cap_too_small;debt_too_high_or_invalid,11.69,Bowlero Corp.,Communication Services,Entertainment,NYSE,False,False,False,False,1.0328475414378218,-0.9116469169001008,0.4074817846439859,0.08207282744292091,0.266754554072519,0.266754554072519,0.320390154487705,0.3397434562339503,0.05,-0.09812286689419802,-0.2680055401662049,-0.2384726224783862,36155000.0,1751886710.0,0.617,0.05748178464398592,-10.401952773919438,medium_factor_quality_value_momentum
BWFG,False,0.40903774358349554,IGNORE,excluded_sector_or_industry;market_cap_too_small,56.26,"Bankwell Financial Group, Inc.",Financial Services,Banks - Regional,NASDAQ,False,False,False,True,36.39820391156056,-0.35303583520155424,0.3982343952095782,0.18018294535718016,0.09558557741259574,0.09558557741259574,0.24292801393472074,-0.08565825397968407,0.07276645145676541,0.21067355282978273,0.12745490981963936,0.6180615473108999,27129000.0,448571107.0,0.622,0.13856552907876243,0.5960316960154434,medium_factor_quality_value_momentum
ADEA,False,0.4086613827550377,IGNORE,market_cap_too_small,31.81,Adeia Inc.,Technology,Software - Application,NASDAQ,False,False,False,True,12.616107233790848,-0.6033917876834063,0.29329993066270044,0.09628413223999693,-0.037521468616478634,-0.037521468616478634,-0.15693809746311715,-0.09299578114295493,0.2845232578665129,0.37052994398965944,1.4812792511700468,1.4356814701378253,149330000.0,3508452140.0,0.982,0.21133606077438705,0.9071484014891549,medium_factor_quality_value_momentum
ARWR,False,0.40861936897411444,IGNORE,roic_too_low,82.0,"Arrowhead Pharmaceuticals, Inc.",Healthcare,Biotechnology,NASDAQ,False,False,False,True,39.58688227125866,-0.5172331430334309,0.29105528996764307,0.11996469941060503,0.2828257509816367,0.2828257509816367,0.564955354172793,0.06187011404785281,0.05,0.4557074383099593,0.26543209876543217,4.249679897567222,156886000.0,11550274000.0,1.275,0.0,0.7859294670980921,medium_factor_quality_value_momentum
BRC,False,0.4084796723065216,IGNORE,market_cap_too_small,85.11,Brady Corporation,Industrials,Security & Protection Services,NYSE,False,False,False,True,77.74330309584067,-0.08655501003594557,0.5130468376385072,0.0758401561651589,0.04708177801630123,0.04708177801630123,0.07233481786712304,-0.03680043577755343,0.12239901900543959,0.052299703264095054,0.045063850687622864,0.2661410294555191,153619000.0,4009769472.0,0.618,0.16056212258168703,0.13300078593470452,medium_factor_quality_value_momentum
ANSS,False,0.40764842979071664,IGNORE,not_actively_trading,374.3,"ANSYS, Inc.",Technology,Software - Application,NASDAQ,False,False,False,False,153.20646504880568,-0.5906853725653067,0.34363244942133697,0.10996830781519482,0.09800025439455277,0.09800025439455277,0.10918168162028685,0.10079297502264173,0.07144831900095117,0.23092607208629312,0.10224394840685558,0.1430403713430648,751695000.0,32906994733.0,1.189,0.10599717028325596,0.13819967008629017,medium_factor_quality_value_momentum
ARCC,False,0.40757490172635147,IGNORE,excluded_sector_or_industry,17.84,Ares Capital Corporation,Financial Services,Asset Management,NASDAQ,False,False,False,True,56.67775786841094,2.1770043648212414,0.57017559579577,0.051980382341277574,0.034657320225828826,0.034657320225828826,0.11292704741924342,0.05126843165087469,-0.14679880129856915,-0.006681514476614803,-0.11639425458147601,-0.17061831706183173,1142000000.0,12809527555.0,0.618,0.06928172018511095,1.116845928202263,medium_factor_quality_value_momentum
AEIS,False,0.4075332172871532,IGNORE,,388.23,"Advanced Energy Industries, Inc.",Industrials,Electrical Equipment & Parts,NASDAQ,False,False,False,True,44.83005419336823,-0.8845270736589954,0.2926773041585904,0.11420396586774534,0.04190946547915382,0.04190946547915382,0.05428689029393663,0.038200342848421,0.022718299795687402,0.2238895368998457,0.8985280453811921,2.010234938357758,125900000.0,14764658661.0,1.295,0.13813575766975064,0.4982389198708541,medium_factor_quality_value_momentum
AMSF,False,0.4061294308388847,IGNORE,excluded_sector_or_industry;market_cap_too_small,31.4,"AMERISAFE, Inc.",Financial Services,Insurance - Specialty,NASDAQ,False,False,False,True,17.35866432177887,-0.44717629548474935,0.4211294818061002,0.0568,-0.1,-0.1,0.0009787433494559128,-0.29773771820497985,-0.07610138989811321,-0.02756271291421497,-0.20385395537525353,-0.2837591240875913,8922000.0,587299320.0,0.28,0.4611434440260185,0.0,medium_factor_quality_value_momentum
BTGO,False,0.4051004507579423,IGNORE,excluded_sector_or_industry;market_cap_too_small;roic_too_low,5.99,"BitGo Holdings, Inc.",Financial Services,Financial - Capital Markets,NYSE,False,False,False,True,29.881756990849357,3.9886071771033986,0.5984694167627411,0.17445399874727324,0.05000000000000001,0.05000000000000001,0.05,0.05,0.05,-0.3799171842650103,0.0,0.0,4813000.0,641553122.0,2.0295184,0.0,0.020407776496786115,medium_factor_quality_value_momentum
CAG,False,0.4042635503149648,IGNORE,market_cap_too_small,12.85,"Conagra Brands, Inc.",Consumer Defensive,Packaged Foods,NYSE,False,False,False,True,275.7454134889967,20.458787041945268,0.5876422888632081,0.03936662536327517,0.02504517939208584,0.02504517939208584,0.00943451838443643,0.07880478590726847,-0.0243729083653893,-0.15237467018469664,-0.2829241071428572,-0.4023255813953489,1302600000.0,6147915450.0,-0.042,0.08033362810490595,0.9031535817837831,medium_factor_quality_value_momentum
APGB,False,0.4037894846518291,IGNORE,not_actively_trading;excluded_sector_or_industry;negative_or_zero_fcf;market_cap_too_small;roic_too_low,10.5867,Apollo Strategic Growth Capital II,Financial Services,Shell Companies,NYSE,False,False,False,False,-11.059633869743251,-2.044672454092706,0.37448555999590694,0.039822802887431216,0.3,0.3,0.05,0.05,4.714285714285714,0.011472275334607929,0.03623898139079329,0.05905905905905895,-2871753.0,372229420.0,0.005,0.025051285734651547,0.0075430098499277756,medium_factor_quality_value_momentum
APTV,False,0.4031935058775464,IGNORE,roic_too_low,63.57,Aptiv PLC,Consumer Cyclical,Auto - Parts,NYSE,False,False,False,True,111.54278403275312,0.7546450217516614,0.6034788042944218,0.09046275693734843,0.0696000353965486,0.0696000353965486,0.06903159834747741,0.25774201494801785,-0.21147605983251294,0.10192407696307848,-0.1717263843648208,-0.06044930535028081,1529000000.0,13452716901.0,1.334,0.04981229773462783,0.8791137178233952,medium_factor_quality_value_momentum
ATH,False,0.4029723452074485,IGNORE,not_actively_trading;excluded_sector_or_industry;roic_too_low,83.33,Athene Holding Ltd.,Financial Services,Insurance - Diversified,NYSE,False,False,False,False,1084.609219992609,12.015831273162235,0.55,0.14194174,-0.1,-0.1,0.12103530585770828,-0.7231267339627849,0.05074626531113635,0.19658242389431368,0.18856083297675075,0.0,61000000.0,19787375140.0,1.699029,0.0,0.0,medium_factor_quality_value_momentum
BWXT,False,0.40287020893189235,IGNORE,,210.0,"BWX Technologies, Inc.",Industrials,Aerospace & Defense,NYSE,False,False,False,True,119.34134515070004,-0.4317078802347617,0.342130035472216,0.07767994574453572,0.18991230327005693,0.18991230327005693,0.10774967710597094,0.4087530916991964,0.02597637295451971,0.051314142678347885,0.24910778015703072,0.49434284494414005,295291000.0,19239066000.0,0.734,0.09752639402346298,1.6350067963653232,medium_factor_quality_value_momentum
AA,False,0.4024778413566784,IGNORE,,58.35,Alcoa Corporation,Basic Materials,Aluminum,NYSE,False,False,False,True,27.98496113195288,-0.5203948392124613,0.3175414279755534,0.12261428257087806,0.10031579670258543,0.10031579670258543,0.007827530494941337,0.022748998966701572,0.40164252572169934,0.033658104517271914,0.24573014517506397,1.0582010582010581,567000000.0,15397974206.0,1.572,0.10090085193331448,0.44900294213795355,medium_factor_quality_value_momentum
AGIO,False,0.40215505498234705,IGNORE,negative_or_zero_fcf;market_cap_too_small;roic_too_low,35.1,"Agios Pharmaceuticals, Inc.",Healthcare,Biotechnology,NASDAQ,False,False,False,True,-406.0394563568077,-12.568075679681131,0.34610125268834324,0.07379854623738409,0.2765257172994765,0.2765257172994765,0.559682863923822,0.05,0.05,0.259870782483848,0.37917485265225936,-0.011267605633802802,-377293000.0,2087453160.0,0.587,0.0,0.05198329748875631,medium_factor_quality_value_momentum
ALTR,False,0.4020850776512395,IGNORE,not_actively_trading;market_cap_too_small;roic_too_low,111.85,Altair Engineering Inc.,Technology,Software - Infrastructure,NASDAQ,False,False,False,False,43.37910973630939,-0.6121671011505643,0.34806201234644096,0.12454241550753004,0.23277674538162982,0.23277674538162982,0.09100760393495988,0.5436534308982761,0.05,0.026146788990825565,0.18913459493940032,0.3228858663512715,139998000.0,9632991211.0,1.45,0.020734054334847245,0.30229389317875055,medium_factor_quality_value_momentum
ALVO,False,0.4018401115297945,IGNORE,negative_or_zero_fcf;market_cap_too_small;debt_too_high_or_invalid,3.65,Alvotech,Healthcare,Drug Manufacturers - Specialty & Generic,NASDAQ,False,False,False,True,-34.602854390395464,-10.480234079560402,0.4012290650297945,0.07224536306884011,0.3,0.3,0.9982717536034127,0.05,0.05,0.03399433427762033,-0.27,-0.5948945615982242,-114667000.0,1222093000.0,0.21,0.05122906502979445,-5.093888297180539,medium_factor_quality_value_momentum
BDX,False,0.4016526816214663,IGNORE,,140.71,"Becton, Dickinson and Company",Healthcare,Medical - Instruments & Supplies,NYSE,False,False,False,True,365.83441356687604,1.599917657358226,0.5459249976838939,0.04808659918051108,-0.01373641190727272,-0.01373641190727272,0.03365061924042445,-0.059739158146843496,-0.03950635484331089,-0.08706935703626806,-0.0837999739549421,0.061641768522710194,2670000000.0,50978543662.0,0.278,0.05258411544679269,0.7554549035053171,medium_factor_quality_value_momentum
BBIO,False,0.40160594244485215,IGNORE,negative_or_zero_fcf;roic_too_low;debt_too_high_or_invalid,68.92,"BridgeBio Pharma, Inc.",Healthcare,Biotechnology,NASDAQ,False,False,False,True,-136.9236805758978,-2.98670459338215,0.35,0.08454182678062584,0.3,0.3,0.6381726943212673,0.05,0.05,0.005544207761890796,-0.06890029721696833,0.7230000000000001,-447007000.0,13498740120.0,0.975,0.0,-1.3140465023998582,medium_factor_quality_value_momentum
BX,False,0.4009592108688222,IGNORE,excluded_sector_or_industry,123.31,Blackstone Inc.,Financial Services,Asset Management,NYSE,False,False,False,True,0.08799811514315246,-0.999286366757415,0.2848353377509917,0.12645191999823788,-0.1,-0.1,-0.04820610930428881,-0.18327717246286768,-0.16883873574705965,0.11618219686679332,-0.19537828840002602,-0.10349843624990906,1744898000.0,148127914150.0,1.585,0.31293074239838964,1.5355288299867775,medium_factor_quality_value_momentum
ASGN,False,0.39997849126286966,IGNORE,not_actively_trading;market_cap_too_small,20.96,ASGN Incorporated,Technology,Information Technology Services,NYSE,False,False,False,False,158.60856363552344,6.567202463526881,0.5898076028016723,0.06650386693999977,0.025990441410774362,0.025990441410774362,-0.0018194000080451467,0.16020981059723605,-0.11971892953127916,-0.5244444444444444,-0.5186203449137715,-0.6447149972329829,288100000.0,894992000.0,0.894,0.062434123696884634,0.6482261640798226,medium_factor_quality_value_momentum
CERT,False,0.3998795936625711,IGNORE,market_cap_too_small;roic_too_low,5.34,"Certara, Inc.",Healthcare,Medical - Healthcare Information Services,NASDAQ,False,False,False,True,8.258070850870453,0.5464552155188116,0.6748941229548446,0.1460462158213791,0.11025977658115423,0.11025977658115423,0.09996923068409935,0.1641536888313302,0.05,-0.13170731707317085,-0.3972911963882618,-0.4947965941343425,94565000.0,830715007.0,1.488,0.015438899462479826,0.010727374517192873,medium_factor_quality_value_momentum
CBRS,False,0.399643575762,IGNORE,negative_or_zero_fcf;roic_too_low;debt_too_high_or_invalid,224.43,Cerebras Systems Inc.,Technology,Semiconductors,NASDAQ,False,False,False,True,-588.4391751590173,-3.621927439108039,0.35,0.04,0.3,0.3,1.746401543909922,0.05,0.05,0.0,0.0,0.0,-392789000.0,49287151524.0,0.0,0.0,-0.452466495580268,medium_factor_quality_value_momentum
ASND,False,0.39937883543847263,IGNORE,excluded_adr;roic_too_low;debt_too_high_or_invalid,228.0,Ascendis Pharma A/S,Healthcare,Biotechnology,NASDAQ,False,False,True,True,62.67934012158979,-0.7250906135017992,0.35,0.06365999159802703,0.3,0.3,2.070888829365682,0.05,0.05,0.02758247701460248,0.12414949216053639,0.3355983832230096,43619717.0,14161443660.0,0.3875985,0.0,-5.354260217945563,medium_factor_quality_value_momentum
CBSH,False,0.3986888669500435,IGNORE,excluded_sector_or_industry;market_cap_too_small;roic_too_low,55.08,"Commerce Bancshares, Inc.",Financial Services,Banks - Regional,NASDAQ,False,False,False,True,145.95341072507728,1.649844058189493,0.5498050050583466,0.08181432151568682,0.05919853974540308,0.05919853974540308,0.10430913437137135,0.022942076405322753,0.023362045503587003,0.1552013422818792,0.035922512695128805,-0.04291920069504773,592388000.0,8029405863.0,0.597,0.0,0.7919137958274197,medium_factor_quality_value_momentum
AMPS,False,0.39833954861414883,IGNORE,not_actively_trading;negative_or_zero_fcf;market_cap_too_small;roic_too_low,4.99,"Altus Power, Inc.",Utilities,Renewable Utilities,NYSE,False,False,False,False,-11.4958095062291,-3.303769440126072,0.3131519884173589,0.11138636053366036,0.24468818879266258,0.24468818879266258,0.44290887900996134,0.05,0.14027909154705864,0.256926952141058,0.6523178807947021,0.18527315914489306,-53357000.0,800500750.0,0.939,0.02621333195081321,0.8408179137793909,medium_factor_quality_value_momentum
ATLO,False,0.3982270045237135,IGNORE,excluded_sector_or_industry;market_cap_too_small;roic_too_low,29.8,Ames National Corporation,Financial Services,Banks - Regional,NASDAQ,False,False,False,True,91.62621390245744,2.0747051645119945,0.5290394293057877,0.12380113616231844,0.0007395505214072285,0.0007395505214072285,0.08456070807880756,-0.0776398573257624,-0.04933365282263902,0.11610486891385774,0.2568536482496837,0.7255356108859294,20697000.0,263945156.0,0.299,0.0,0.28933494954159333,medium_factor_quality_value_momentum
BOH,False,0.39813338120300407,IGNORE,excluded_sector_or_industry;market_cap_too_small,79.18,Bank of Hawaii Corporation,Financial Services,Banks - Regional,NYSE,False,False,False,True,50.646217212911765,-0.36036603671493106,0.40861210592249997,0.165512689229693,-0.01586841134331456,-0.01586841134331456,0.113965752569267,-0.15105052889959336,-0.07276356283405949,0.12200651835057408,0.12041884816753923,0.2140447715424718,184283000.0,3137192126.0,0.703,0.20650209508832668,0.049914326398057055,medium_factor_quality_value_momentum
BJRI,False,0.397619215979695,IGNORE,market_cap_too_small,54.72,"BJ's Restaurants, Inc.",Consumer Cyclical,Restaurants,NASDAQ,False,False,False,True,43.385695681896856,-0.20713275435130019,0.42036420090295035,0.11242088591176536,0.3,0.3,0.06513100124159732,0.22784523090111986,1.3334667123969215,0.560752994865944,0.3284777858703569,0.20210896309314585,40902000.0,1150046081.0,1.363,0.053729464263162746,1.3401621549292313,medium_factor_quality_value_momentum
BDC,False,0.3975942798967912,IGNORE,market_cap_too_small,121.65,Belden Inc.,Technology,Communication Equipment,NYSE,False,False,False,True,115.00223673142251,-0.05464663599323871,0.4969833993656042,0.09021139671343008,0.13061417740826164,0.13061417740826164,0.04221853900644157,0.04832224108537986,0.43084335869622437,0.08258431965827184,0.04717224756821903,0.11116185604676665,218692000.0,4737537600.0,1.146,0.12568331060770505,1.1660724567075602,medium_factor_quality_value_momentum
ABAT,False,0.3973883190724372,IGNORE,negative_or_zero_fcf;market_cap_too_small;roic_too_low,2.93,American Battery Technology Company Common Stock,Basic Materials,Industrial Materials,NASDAQ,False,False,False,True,-15.402177350063347,-6.256715819134248,0.34146328731772957,0.10503187777224429,0.3,0.3,11.489735080058225,0.05,0.05,0.010344827586207028,-0.19505494505494503,1.1865671641791047,-31469634.0,307755609.0,1.127,0.0,0.1138228357636054,medium_factor_quality_value_momentum
BROS,False,0.39627374599988774,IGNORE,,67.03,Dutch Bros Inc.,Consumer Cyclical,Restaurants,NYSE,False,False,False,True,1.2009524709470782,-0.9820833586312535,0.3229209115641315,0.18038505054230813,0.3,0.3,0.3468173893352542,1.203409735158338,3.769033687286064,0.3406,0.06379939692112369,-0.04009737934984958,54411000.0,11581945589.0,2.369,0.09288931721733104,1.5995787420426604,medium_factor_quality_value_momentum
AKTS,False,0.39569019882757056,IGNORE,negative_or_zero_fcf;market_cap_too_small;roic_too_low;debt_too_high_or_invalid,24.79,"Aktis Oncology, Inc.",Healthcare,Biotechnology,NASDAQ,False,False,False,True,-50.12763743701629,-3.0220910624048525,0.35,0.106180834,0.3,0.3,3.369199731002017,0.05,0.05,0.40056497175141237,0.0,0.0,-73711000.0,1323900480.0,1.1030139,0.0,-0.07901525155834115,medium_factor_quality_value_momentum
ADS,False,0.3945867931439964,IGNORE,not_actively_trading;excluded_sector_or_industry;market_cap_too_small;roic_too_low,56.8,"Bread Financial Holdings, Inc.",Financial Services,Financial - Credit Services,NYSE,False,False,False,False,423.1882504298095,6.450497366721999,0.5931635157839964,0.16938232000000003,0.043163515783996395,0.043163515783996395,0.07669511886831892,0.09427530162487452,-0.10056736914596587,-0.14676280606879977,-0.4549990404912685,0.0,2092000000.0,2846554720.0,2.156372,0.0,0.0,medium_factor_quality_value_momentum
CLDT,False,0.3944515907516334,IGNORE,excluded_sector_or_industry;market_cap_too_small;roic_too_low,13.37,Chatham Lodging Trust,Real Estate,REIT - Hotel & Motel,NYSE,False,False,False,True,13.410895773616767,0.0030587713999079558,0.45425116291456363,0.08969917873592807,0.11974840814950156,0.11974840814950156,0.09670258845198698,0.19697510651252204,0.05,0.7592105263157896,0.8991477272727271,0.8937677053824362,39561000.0,624127911.0,1.13,0.01962296557950664,0.48458292499210315,medium_factor_quality_value_momentum
AYI,False,0.3942410617122158,IGNORE,market_cap_too_small,321.67,"Acuity Brands, Inc.",Industrials,Electrical Equipment & Parts,NYSE,False,False,False,True,243.91067414346512,-0.241736331819986,0.4507161045394966,0.11220415971393743,0.08272616811098361,0.08272616811098361,0.05855161052093649,0.09935596302582383,0.10613059091881749,0.20084369283607728,-0.08228010613106607,0.15946364848790684,533000000.0,9751490384.0,1.318,0.1423295203510467,0.36860068259385664,medium_factor_quality_value_momentum
AMN,False,0.3941005069872968,IGNORE,market_cap_too_small;roic_too_low,30.34,"AMN Healthcare Services, Inc.",Healthcare,Medical - Care Facilities,NYSE,False,False,False,True,114.28859889375785,2.766928111198347,0.4747488187001209,0.058654104095995904,-0.07121676445988233,-0.07121676445988233,-0.09014646780227442,-0.01823771489911563,-0.11282593211624814,0.6846196557468072,0.8670769230769231,0.3574944071588366,233828000.0,1176768818.0,0.438,0.0185653380910003,1.2508869252117252,medium_factor_quality_value_momentum
BBVA,False,0.39391757372372593,IGNORE,excluded_adr;excluded_sector_or_industry;roic_too_low,24.85,"Banco Bilbao Vizcaya Argentaria, S.A.",Financial Services,Banks - Diversified,NYSE,False,False,True,True,86.75138173806097,2.491001277185552,0.44298341963491816,0.05851412994545187,-0.05061697644328394,-0.05061697644328394,0.04201872455684286,-0.38136867832299304,0.26023917437602617,0.20983446932814043,0.10346358792184729,0.6489714664897148,13162000000.0,138464448500.0,0.885,0.0,1.4268877382010914,medium_factor_quality_value_momentum
ATVI,False,0.3937808555235761,IGNORE,not_actively_trading,94.42,"Activision Blizzard, Inc.",Technology,Electronic Gaming & Multimedia,NASDAQ,False,False,False,False,94.47429903764586,0.0005750798310300009,0.4804528148442114,0.060347725377420725,0.010914149896772933,0.010914149896772933,0.0009320295050128102,0.06434474156968562,-0.04926749682907583,0.02020529443544028,0.10394013796328783,0.30757512809860144,2129000000.0,74289468671.0,0.37,0.13338258198348252,0.1876526529127475,medium_factor_quality_value_momentum
BLFS,False,0.39348433979864444,IGNORE,market_cap_too_small;roic_too_low,24.9,"BioLife Solutions, Inc.",Healthcare,Medical - Instruments & Supplies,NASDAQ,False,False,False,True,6.108108537996068,-0.7546944362250575,0.34639064718409845,0.15936263066714818,0.3,0.3,-0.05206056930039504,1.0440046118370483,0.05,0.32095490716180364,-0.004398240703718637,0.15706319702602234,10637000.0,1216549634.0,1.971,0.0,0.04812470421202082,medium_factor_quality_value_momentum
BE,False,0.39320907112407943,IGNORE,roic_too_low;debt_too_high_or_invalid;wacc_out_of_range,345.85,Bloom Energy Corporation,Industrials,Electrical Equipment & Parts,NYSE,False,False,False,True,0.3388625033208433,-0.9990202038359959,0.24402161525007943,0.2583185686936482,0.3,0.3,0.20120209592760996,0.7253967296204671,0.05,1.3038236077804424,3.4933090814603096,15.08604651162791,57190000.0,98374911748.0,3.746,0.04402161525007941,3.8925219966148044,medium_factor_quality_value_momentum
AESI,False,0.3931776489159059,IGNORE,negative_or_zero_fcf;market_cap_too_small;roic_too_low,16.48,Atlas Energy Solutions Inc.,Energy,Oil & Gas Equipment & Services,NYSE,False,False,False,True,-16.067659628856003,-1.9749793464111653,0.31408452888684485,0.09471902467240728,0.3,0.3,0.5876231710653086,57.649874055415616,1.3459443021304303,0.2225519287833828,0.7007223942208463,0.13109128345916266,-30925000.0,2058444024.0,0.985,0.0,0.47887294817540227,medium_factor_quality_value_momentum
CHEF,False,0.3923642489198739,IGNORE,market_cap_too_small,93.79,"The Chefs' Warehouse, Inc.",Consumer Defensive,Food Distribution,NASDAQ,False,False,False,True,48.86949230427956,-0.4789477310557676,0.2768798514209546,0.10798130540210867,0.3,0.3,0.24166363595635665,3.565472814812505,0.32026813175154234,0.6159545141281877,0.45999377334993796,0.5398128386143493,87792999.0,3824531104.0,1.437,0.06446611898048453,1.9467623351629713,medium_factor_quality_value_momentum
ACCD,False,0.3920692124323209,IGNORE,not_actively_trading;negative_or_zero_fcf;market_cap_too_small;roic_too_low,7.02,"Accolade, Inc.",Healthcare,Medical - Healthcare Information Services,NASDAQ,False,False,False,False,-7.392028732872525,-2.0529955459932374,0.2836444810756046,0.1248585967883534,0.1743291588841866,0.1743291588841866,0.3297406074894198,0.05,0.05,1.0057142857142858,0.8719999999999999,-0.23612622415669204,-28651000.0,575591590.0,2.104,0.0,0.5424623707810939,medium_factor_quality_value_momentum
APLD,False,0.38991119839833693,IGNORE,negative_or_zero_fcf;roic_too_low;wacc_out_of_range,45.2,Applied Digital Corporation,Technology,Information Technology Services,NASDAQ,False,False,False,True,-30.07486689111395,-1.6653731613078306,0.2668160085210462,0.3605247298846977,0.3,0.3,1.9321173627504273,0.05,0.05,0.7431546471268802,1.0545454545454547,3.260131950989633,-797005000.0,12916783163.0,5.644,0.0,1.1091198863860507,medium_factor_quality_value_momentum
BEAM,False,0.3885965995956743,IGNORE,negative_or_zero_fcf;market_cap_too_small;roic_too_low,35.53,Beam Therapeutics Inc.,Healthcare,Biotechnology,NASDAQ,False,False,False,True,-31.394015712144764,-1.8835917734912684,0.28501057280617526,0.17399539334790104,0.15280926268422346,0.15280926268422346,0.2813208410395027,0.05,0.05,0.4425497360941941,0.38789062500000004,1.0912301353737495,-360048000.0,3655290870.0,2.198,0.0,0.23731586504064253,medium_factor_quality_value_momentum
BDXB,False,0.38741913116275933,IGNORE,not_actively_trading,48.16,"Becton, Dickinson and Company",Healthcare,Medical - Instruments & Supplies,NYSE,False,False,False,False,436.8300935363115,8.070392307647664,0.5459249976838939,0.045504972773042295,-0.01373641190727272,-0.01373641190727272,0.03365061924042445,-0.059739158146843496,-0.03950635484331089,0.0033333333333331883,0.0010392849719391695,-0.060659254924907424,2670000000.0,13691552517.0,0.564743,0.05258411544679269,0.7554549035053171,medium_factor_quality_value_momentum
ARQQ,False,0.38670567223704005,IGNORE,negative_or_zero_fcf;market_cap_too_small;roic_too_low,21.42,Arqit Quantum Inc.,Technology,Software - Infrastructure,NASDAQ,False,False,False,True,-35.48388574993868,-2.6565772992501717,0.3480200837127332,0.18094000000000002,0.3,0.3,0.823737905035749,0.05,0.05,0.5750000000000002,-0.04630454140694562,-0.43587042401896225,-29586000.0,372759408.0,2.349,0.0,0.026398883830224703,medium_factor_quality_value_momentum
CDNL,False,0.3862635170771239,IGNORE,excluded_fund;negative_or_zero_fcf;market_cap_too_small,79.1,Cardinal Infrastructure Group Inc. Class A Common Stock,Industrials,Industrial - Infrastructure Operations,NASDAQ,False,True,False,True,-28.05285212323892,-1.3546504693203403,0.27654320987654324,0.04596875102715509,0.02654320987654321,0.02654320987654321,0.05,0.05,-0.05555555555555558,1.3947926127762638,2.309623430962343,0.0,-5914341.0,1209675034.0,0.100733586,0.38396794591148203,2.3480755052736564,medium_factor_quality_value_momentum
BSRR,False,0.3860289590195656,IGNORE,excluded_sector_or_industry;market_cap_too_small,39.31,Sierra Bancorp,Financial Services,Banks - Regional,NASDAQ,False,False,False,True,53.8256901108071,0.3692620226610812,0.5611101992551383,0.07869392662278762,0.018210728522027625,0.018210728522027625,0.1134122184512183,-0.11431638239696695,0.026598415042138113,0.211402157164869,0.15617647058823536,0.4399267399267399,32173000.0,514142723.0,0.773,0.15188943477529618,1.422596974754908,medium_factor_quality_value_momentum
BLD,False,0.38602460024527663,IGNORE,,413.47,TopBuild Corp.,Industrials,Engineering & Construction,NYSE,False,False,False,True,304.1927939162879,-0.2642929501141852,0.4059174209510651,0.1307720315345276,0.15250879558415512,0.15250879558415512,0.11607319822891649,0.19003190705438078,0.16909532308929376,0.23261984259480095,-0.013268739708373944,0.38762291505856283,696888000.0,11636932050.0,1.807,0.11116496721487742,1.3605221573639126,medium_factor_quality_value_momentum
ACNB,False,0.3855547058494627,IGNORE,excluded_sector_or_industry;market_cap_too_small,56.81,ACNB Corporation,Financial Services,Banks - Regional,NASDAQ,False,False,False,True,75.48397229369895,0.32870924650059763,0.5649161633971463,0.09465803498511721,0.09132170728938203,0.09132170728938203,0.13984918439089356,0.06703971357075922,0.030689743664293223,0.2350000000000001,0.07492904446546822,0.38190221357333987,52567000.0,580146220.0,0.883,0.050867609122148987,0.7834246881949835,medium_factor_quality_value_momentum
AQUA,False,0.3854594314608902,IGNORE,not_actively_trading;market_cap_too_small,49.88,Evoqua Water Technologies Corp.,Industrials,Industrial - Pollution & Treatment Controls,NYSE,False,False,False,False,15.157121013782195,-0.6961282876146313,0.3185872510619349,0.13186199438089705,0.3,0.3,0.06712600217398701,0.4756263446419504,1.2473412903303776,0.022131147540983775,0.14587640707558003,0.37752002209334434,96076000.0,6102768120.0,1.789232,0.06626047837159717,1.3023096974621633,medium_factor_quality_value_momentum
AXNX,False,0.3854009324674291,IGNORE,not_actively_trading;negative_or_zero_fcf;market_cap_too_small;roic_too_low,70.98,"Axonics, Inc.",Healthcare,Medical - Devices,NASDAQ,False,False,False,False,0.7318356871311301,-0.9896895507589303,0.34675126732375106,0.08957612222392183,0.3,0.3,1.2691104322039068,0.05,0.05,0.02899391127863149,0.050777202072538996,0.2404753582663406,-5566000.0,3627731016.0,0.827,0.0,0.04331643568331964,medium_factor_quality_value_momentum
AFIN,False,0.3850963584569828,IGNORE,not_actively_trading;excluded_sector_or_industry;market_cap_too_small;roic_too_low,8.23,"American Finance Trust, Inc.",Real Estate,REIT - Diversified,NASDAQ,False,False,False,False,26.79611279434757,2.255906779386096,0.5448198736881849,0.06516736562895839,0.0761211619681552,0.0761211619681552,0.055702635142045986,0.12075997238173763,0.05,-0.03290246768507632,-0.0407925407925408,0.0,131820000.0,1176280980.0,1.39985,0.009289418333656471,1.2078760881816908,medium_factor_quality_value_momentum
BCPC,False,0.38383349592252064,IGNORE,market_cap_too_small,165.57,Balchem Corporation,Basic Materials,Chemicals - Specialty,NASDAQ,False,False,False,True,116.93166943406258,-0.29376294356427746,0.43251677755475637,0.08811042533082601,0.08792563296370368,0.08792563296370368,0.06738654569944624,0.08898005947172227,0.12742216773019055,0.0219739522251714,0.03721105055440699,0.03630218439006061,173067000.0,5319736947.0,0.826,0.1235490626835136,0.15270320888999875,medium_factor_quality_value_momentum
CCU,False,0.3833914731004597,IGNORE,excluded_adr;market_cap_too_small,11.41,Compañía Cervecerías Unidas S.A.,Consumer Defensive,Beverages - Alcoholic,NYSE,False,False,True,True,16700.430971999594,1462.6661675722694,0.5499786674158725,0.04673796534638905,-0.047313949119480544,-0.047313949119480544,0.02723734259442412,-0.0888002245930396,-0.13418711933695127,0.018750000000000044,-0.08500400962309551,-0.10719874804381846,91922701000.0,2108014615.0,0.211,0.06742959078820666,0.8993456449644545,medium_factor_quality_value_momentum
CFB,False,0.38319763584594946,IGNORE,not_actively_trading;excluded_sector_or_industry;market_cap_too_small;wacc_out_of_range,15.99,"CrossFirst Bankshares, Inc.",Financial Services,Banks - Regional,NASDAQ,False,False,False,False,12.130787680651443,-0.24135161471848388,0.45989639583738173,0.28618008306694764,0.0967847014274137,0.0967847014274137,0.11292661560426498,0.054975426847289066,0.12721478494389804,-0.09302325581395343,-0.09096077316657192,0.26104100946372255,90401000.0,788642790.0,1.117,0.11884952928320197,0.12262918647787241,medium_factor_quality_value_momentum
BKE,False,0.382535664478803,IGNORE,market_cap_too_small,44.82,"The Buckle, Inc.",Consumer Cyclical,Apparel - Retail,NYSE,False,False,False,True,42.307554961873244,-0.05605633730760273,0.5097886401110464,0.09928000000000001,-0.03972213546009485,-0.03972213546009485,0.0006227731845867002,-0.08428221945092218,-0.05357182676321692,-0.08883919495832482,-0.2036247334754797,-0.000891662951404304,205779000.0,2309040615.0,0.988,0.3716964259768528,0.9038509995455005,medium_factor_quality_value_momentum
BGRY,False,0.38250724682765186,IGNORE,not_actively_trading;negative_or_zero_fcf;market_cap_too_small;roic_too_low,1.4,"Berkshire Grey, Inc.",Industrials,Industrial - Machinery,NASDAQ,False,False,False,False,-12.068784472038006,-9.620560337170005,0.34083922248922893,0.14106540722571806,0.3,0.3,1.0214491906017185,0.05,0.05,0.021897810218977964,0.3793103448275863,-0.09677419354838723,-114058000.0,340688575.0,1.743703,0.0,0.12214370014361482,medium_factor_quality_value_momentum
BW,False,0.3807796013114345,IGNORE,negative_or_zero_fcf;market_cap_too_small;debt_too_high_or_invalid,17.76,"Babcock & Wilcox Enterprises, Inc.",Industrials,Industrial - Machinery,NYSE,False,False,False,True,-12.625579855496218,-1.7108997666383003,0.2797638462519345,0.10614989105097204,0.007126515628628256,0.007126515628628256,-0.04646533983558643,0.05,0.05,0.16996047430830052,2.8275862068965525,17.83750530335172,-85700000.0,2031510119.0,1.124,0.12263733062330623,-2.8016717325227964,medium_factor_quality_value_momentum
AAC,False,0.38043179073240735,IGNORE,not_actively_trading;excluded_sector_or_industry;negative_or_zero_fcf;market_cap_too_small;roic_too_low;debt_too_high_or_invalid,10.79,Ares Acquisition Corporation,Financial Services,Shell Companies,NYSE,False,False,False,False,-0.003334386011478851,-1.0003090255803038,0.35,0.040599733534766,0.21609645967685207,0.21609645967685207,0.05,0.05,0.7974340685458341,0.015051740357478582,0.039499036608863,0.08224674022066192,-929.0,761820462.0,0.01,0.0,-0.22687054766550208,medium_factor_quality_value_momentum
AHR,False,0.38027318042709957,IGNORE,excluded_sector_or_industry;market_cap_too_small;roic_too_low,47.16,"American Healthcare REIT, Inc.",Real Estate,REIT - Healthcare Facilities,NYSE,False,False,False,True,36.77463304928363,-0.22021558419669995,0.446129289159656,0.08217990734267065,0.23893490136126444,0.23893490136126444,0.15638038655377384,0.47496418867876145,0.05,-0.019746414466846884,-0.009867730422003063,0.31952993844432,165879000.0,9749023668.0,0.805,0.022299868376753604,0.5077912738455682,medium_factor_quality_value_momentum
ANAC,False,0.37896736498352596,IGNORE,not_actively_trading;excluded_sector_or_industry;negative_or_zero_fcf;market_cap_too_small;roic_too_low,10.19,Arctos NorthStar Acquisition Corp.,Financial Services,Shell Companies,NYSE,False,False,False,False,-10.37505985921469,-2.018160928284072,0.35,0.04,0.24864309460499612,0.24864309460499612,0.9719469628612412,0.05,-0.9,0.018999999999999906,0.03346855983772823,0.04298874104401218,-1356812.0,419434666.0,0.0,0.0,0.0,medium_factor_quality_value_momentum
AGCO,False,0.37880210868901026,IGNORE,market_cap_too_small,113.92,AGCO Corporation,Industrials,Agricultural - Machinery,NYSE,False,False,False,True,159.81542512247884,0.40287416715659097,0.5922068187722633,0.0849005819566008,0.02740120213126753,0.02740120213126753,-0.024601809642652794,0.156973659084245,-0.06295145975035799,0.04265055830129971,0.07107935314027825,0.11119781506047599,740200000.0,8248776320.0,1.082,0.10077774690015658,0.6282906282906283,medium_factor_quality_value_momentum
CASH,False,0.3787714977541068,IGNORE,excluded_sector_or_industry;market_cap_too_small;roic_too_low,82.52,"Pathward Financial, Inc.",Financial Services,Banks - Regional,NASDAQ,False,False,False,True,194.33874071629677,1.3550501783361217,0.546289005821373,0.08038067622860748,-0.04005028340760033,-0.04005028340760033,0.07393861875563368,-0.32392076433634065,0.15777763365904218,-0.07613076578593814,0.12701447691887457,0.13180633657934449,236594000.0,1742000006.0,0.618,0.0,0.04947992238169327,medium_factor_quality_value_momentum
ADAL,False,0.37870139577236134,IGNORE,not_actively_trading;excluded_sector_or_industry;negative_or_zero_fcf;market_cap_too_small;roic_too_low,10.47,Anthemis Digital Acquisitions I Corp,Financial Services,Shell Companies,NASDAQ,False,False,False,False,-7.016505052989131,-1.6701533001899838,0.35,0.04,0.3,0.3,0.05,0.05,5.649616368286445,0.010617760617760652,0.03152709359605921,0.052261306532663365,-498568.0,316063135.0,0.0,0.0,0.0,medium_factor_quality_value_momentum
CCV,False,0.3786538266056204,IGNORE,not_actively_trading;excluded_sector_or_industry;negative_or_zero_fcf;market_cap_too_small;roic_too_low,10.395,Churchill Capital Corp V,Financial Services,Shell Companies,NYSE,False,False,False,False,-7.459158881028366,-1.7175718019267308,0.34984462549712747,0.0402331,0.3,0.3,0.05,0.05,10.403508771929825,0.01512933138116157,0.03277060575968216,0.04627766599597605,-1467483.0,283537149.0,0.003885,0.0,0.002071660038300602,medium_factor_quality_value_momentum
BWC,False,0.3781109686292289,IGNORE,not_actively_trading;excluded_sector_or_industry;negative_or_zero_fcf;market_cap_too_small;roic_too_low,10.14,Blue Whale Acquisition Corp I,Financial Services,Shell Companies,NASDAQ,False,False,False,False,-12.353862411656571,-2.2183296263961116,0.34897759084570523,0.03954386574312065,0.3,0.3,0.05,0.05,50.35135135135135,0.02318548387096775,0.028368794326241176,0.044776119402985204,-829042.0,258466552.0,0.0,0.0,0.013632122057264055,medium_factor_quality_value_momentum
AXIN,False,0.37742553520639843,IGNORE,excluded_sector_or_industry;negative_or_zero_fcf;market_cap_too_small;roic_too_low;debt_too_high_or_invalid,10.36,Axiom Intelligence Acquisition Corp 1,Financial Services,Shell Companies,NASDAQ,False,False,False,True,-40.13601323675379,-4.874132551810211,0.35,0.04424695556422627,0.3,0.3,-0.1875340218708892,0.05,4.5901699437494745,0.020689655172413612,0.02777777777777768,0.0,-2047376.0,351549340.0,0.07406723,0.0,-0.23837393136077162,medium_factor_quality_value_momentum
APTM,False,0.37669556971110474,IGNORE,not_actively_trading;excluded_sector_or_industry;negative_or_zero_fcf;market_cap_too_small;roic_too_low,10.74,Alpha Partners Technology Merger Corp.,Financial Services,Shell Companies,NASDAQ,False,False,False,False,-1105.2454428600627,-103.90925911173768,0.35,0.04132,0.3,0.3,0.05,0.05,42.609022556390975,-0.0028169014084508115,0.007590132827324458,0.044247787610619316,-893328.0,243206215.0,0.022,0.0,0.0,medium_factor_quality_value_momentum
ALF,False,0.37668524294233496,IGNORE,excluded_sector_or_industry;negative_or_zero_fcf;market_cap_too_small;roic_too_low,10.8,Centurion Acquisition Corp.,Financial Services,Shell Companies,NASDAQ,False,False,False,True,4.9113742959823306,-0.5452431207423769,0.35,0.0409494223,0.3,0.3,0.05,0.05,6.6088591025268215,0.0018552875695734272,0.015037593984962516,0.023696682464454888,-564445.0,388125000.0,0.015823705,0.0,0.0,medium_factor_quality_value_momentum
BEAG,False,0.3762690351884689,IGNORE,excluded_sector_or_industry;negative_or_zero_fcf;market_cap_too_small;roic_too_low,10.64,Bold Eagle Acquisition Corp.,Financial Services,Shell Companies,NASDAQ,False,False,False,True,-12.585033705448515,-2.1828039196850106,0.35,0.037789556020000004,0.3,0.3,0.05,0.05,3.6889034542030057,0.0047214353163362865,0.0047214353163362865,0.021113243761996303,-776908.0,333223520.0,-0.036840733,0.0,0.0,medium_factor_quality_value_momentum
BRK-A,False,0.37590262973750443,IGNORE,excluded_sector_or_industry,733519.0,Berkshire Hathaway Inc.,Financial Services,Insurance - Diversified,NYSE,False,False,False,True,561542.8985732021,-0.234453506217014,0.35425630002535846,0.07170149588138558,0.013141869165320421,0.013141869165320421,0.07698361152686561,-0.010718036204495296,-0.07875175750304642,0.019006341705021912,-0.02872562518217181,0.008514130733314973,25042000000.0,1054945558762.0,0.617,0.09942228162880994,0.19368597709288435,medium_factor_quality_value_momentum
BRK-B,False,0.37572909600485394,IGNORE,excluded_sector_or_industry,488.895,Berkshire Hathaway Inc.,Financial Services,Insurance - Diversified,NYSE,False,False,False,True,374.4421655937769,-0.23410514406206462,0.3544990702350448,0.07169939019092347,0.013245294513026997,0.013245294513026997,0.07698361152686561,-0.010718036204495296,-0.07828634343836682,0.01611427620909045,-0.030896146905427635,0.0073174753679350335,25042000000.0,1054474980372.0,0.617,0.09942228162880994,0.19368597709288435,medium_factor_quality_value_momentum
ATHS,False,0.3757114496159695,IGNORE,excluded_sector_or_industry;market_cap_too_small;roic_too_low,24.39,Athene Holding Ltd. 7.250% Fixe,Financial Services,Asset Management,NYSE,False,False,False,True,1086.3274514071104,43.53987090640059,0.55,0.082394944,-0.1,-0.1,0.12103530585770828,-0.7231267339627849,0.05074626531113635,0.009102192800992892,-0.026347305389221587,-0.03444180522565321,61000000.0,4970682000.0,0.7065824,0.0,0.0,medium_factor_quality_value_momentum
CCII,False,0.37561815683312705,IGNORE,excluded_sector_or_industry;negative_or_zero_fcf;market_cap_too_small;roic_too_low,10.31,Cohen Circle Acquisition Corp. II,Financial Services,Shell Companies,NASDAQ,False,False,False,True,-5.152555027326488,-1.4997628542508719,0.35,0.0446239204,0.3,0.3,0.05,0.05,259.0,0.0019436345966958868,0.00782013685239491,0.0,-819729.0,357688232.0,0.07706534,0.0,0.0,medium_factor_quality_value_momentum
AIC,False,0.37528701726327784,IGNORE,not_actively_trading;excluded_sector_or_industry;negative_or_zero_fcf;market_cap_too_small;roic_too_low;debt_too_high_or_invalid,24.3301,Arlington Asset Investment Corp. 6.75% SR NT 25,Real Estate,REIT - Mortgage,NYSE,False,False,False,False,-0.4241628391396885,-1.0174336660819185,0.35,0.039989146442338024,0.3,0.3,1.6273504237531986,0.05,0.05,0.009543568464730257,-0.010975609756097682,-0.000821355236139798,-118595.0,631378236.0,0.0,0.0,-0.3062247811837699,medium_factor_quality_value_momentum
CGAU,False,0.37468051162702115,IGNORE,market_cap_too_small,16.61,Centerra Gold Inc.,Basic Materials,Gold,NYSE,False,False,False,True,6.907764911004766,-0.5841201137263837,0.2944621734595324,0.13240554231480756,0.018939221032569224,0.018939221032569224,0.10241082447638727,-0.3353570228114562,0.38344037991097113,0.04933586337760909,0.20130340333091956,1.3465346534653464,94617836.0,3298663864.0,1.537,0.12660285867740556,0.01439875000589855,medium_factor_quality_value_momentum
AGO,False,0.37455364123146634,IGNORE,excluded_sector_or_industry;market_cap_too_small,76.63,Assured Guaranty Ltd.,Financial Services,Insurance - Specialty,NYSE,False,False,False,True,116.03153726341279,0.5141790064388985,0.6375074613631599,0.07051841569666789,-0.029668062893331727,-0.029668062893331727,0.03078407114779491,-0.2504520523585906,0.1806036532223032,-0.05172627150105191,-0.16760808168585717,-0.10478971962616823,259000000.0,3393365216.0,0.758,0.11007500506791,0.30090058273000175,medium_factor_quality_value_momentum
ASMB,False,0.373248650588536,IGNORE,negative_or_zero_fcf;market_cap_too_small;roic_too_low,25.15,"Assembly Biosciences, Inc.",Healthcare,Biotechnology,NASDAQ,False,False,False,True,-122.21092498312358,-5.859281311456206,0.349046679338915,0.1051,0.3,0.3,1.2611679104735978,0.05,0.05,-0.11630358397751239,-0.22805402087170046,0.46732788798133007,-41159000.0,399706460.0,1.085,0.0,0.012710942147800977,medium_factor_quality_value_momentum
AEBI,False,0.37265193096095095,IGNORE,negative_or_zero_fcf;market_cap_too_small;roic_too_low,12.48,Aebi Schmidt Holding AG,Industrials,General Transportation,NASDAQ,False,False,False,True,-13.432703053776265,-2.076338385719252,0.3231878449114491,0.14299421941879276,0.3,0.3,0.22605746453196818,2.034606073943662,0.10194633003867937,0.2593340060544904,-0.06726457399103136,0.0,-5233000.0,967276440.0,2.6109028,0.042970708105873924,0.9304381759256646,medium_factor_quality_value_momentum
CEG,False,0.37258186132533183,IGNORE,,275.53,Constellation Energy Corporation,Utilities,Renewable Utilities,NASDAQ,False,False,False,True,61.918701163102845,-0.7752741945954965,0.30151226858623403,0.10041432987622231,0.09459867593142016,0.09459867593142016,0.06767813317255778,0.05,0.21533777534627507,-0.022908613780630693,-0.19192304308296937,-0.10083869072871465,1288000000.0,98943379571.0,1.091,0.10336947196872175,0.6194117241854378,medium_factor_quality_value_momentum
AR,False,0.37242204943456536,IGNORE,,34.03,Antero Resources Corporation,Energy,Oil & Gas Exploration & Production,NYSE,False,False,False,True,97.40627540460373,1.8623648370438945,0.5493516799215163,0.04920247710483987,-0.0980081816174507,-0.0980081816174507,-0.035428229011107204,-0.05294839704228027,-0.2907577636928933,-0.2102576003713159,-0.008160886039055737,-0.20915640250987677,1243148000.0,10543719080.0,0.323,0.05037451159280214,0.6803044222838107,medium_factor_quality_value_momentum
ADM,False,0.3719086890021252,IGNORE,roic_too_low,76.29,Archer-Daniels-Midland Company,Consumer Defensive,Agricultural Farm Products,NYSE,False,False,False,True,118.92108617610157,0.558803069551731,0.5627075949135463,0.07270060322522108,-0.0658992840587204,-0.0658992840587204,-0.014935564249946687,-0.06179935003144865,-0.17397662471717545,0.15293939851896643,0.302766393442623,0.4130394517503242,4204000000.0,36768463445.0,0.603,0.040453602919528694,0.3699467734130999,medium_factor_quality_value_momentum
ACEV,False,0.37158726094490946,IGNORE,not_actively_trading;excluded_sector_or_industry;negative_or_zero_fcf;market_cap_too_small;roic_too_low;debt_too_high_or_invalid,9.78,ACE Convergence Acquisition Corp.,Financial Services,Shell Companies,NASDAQ,False,False,False,False,-0.36236447232799124,-1.037051582037627,0.35,0.05849888258630338,0.3,0.3,65.30603462507842,0.05,0.05,-0.0383480825958703,-0.024925224327018936,-0.0170854271356784,-28827000.0,258126474.0,-0.021038,0.0,-0.8501325750297813,medium_factor_quality_value_momentum
ATHN,False,0.37113334794503483,IGNORE,not_actively_trading;excluded_sector_or_industry;negative_or_zero_fcf;market_cap_too_small;roic_too_low,9.59,Athena Technology Acquisition Corp.,Financial Services,Shell Companies,NYSE,False,False,False,False,-2042.3422615204192,-213.96582497606042,0.3440192294437935,0.03994964756505123,0.3,0.3,0.05,0.05,354.5543311900693,0.0,0.0,0.0,-39113000.0,1835928780.0,0.0,0.0,0.07974360741608656,medium_factor_quality_value_momentum
ADGI,False,0.37089987867983676,IGNORE,not_actively_trading;negative_or_zero_fcf;market_cap_too_small;roic_too_low,4.64,"Adagio Therapeutics, Inc.",Healthcare,Biotechnology,NASDAQ,False,False,False,False,-110.79934484488412,-24.879169147604337,0.34922559410449616,0.039803687927720634,0.3,0.3,1.1047116293728334,0.05,0.05,0.5675675675675675,-0.08118811881188126,-0.9139146567717996,-58290000.0,505676480.0,0.0,0.0,0.010325411940051337,medium_factor_quality_value_momentum
AMG,False,0.36988977076575,IGNORE,excluded_sector_or_industry;market_cap_too_small,357.31,"Affiliated Managers Group, Inc.",Financial Services,Asset Management,NYSE,False,False,False,True,403.95133500163325,0.1305346477894076,0.46752254978533453,0.09333071493621384,0.016863262879013005,0.016863262879013005,0.003433199456270186,-0.053276977509858936,0.14893375030780653,0.2845022827767192,0.31601046001988875,0.9362197897474802,1004800000.0,9437307451.0,1.142,0.1107748188478707,0.8310585474308301,medium_factor_quality_value_momentum
BCTG,False,0.3696313275420764,IGNORE,not_actively_trading;excluded_sector_or_industry;negative_or_zero_fcf;market_cap_too_small;roic_too_low,10.2,BCTG Acquisition Corp.,Financial Services,Shell Companies,NASDAQ,False,False,False,False,-363.0510652199016,-36.59324168822565,0.3427270285025955,0.03856074004971685,0.24239873118501093,0.24239873118501093,0.48289714516627447,0.05,0.05,0.0,0.0,0.0,-139934000.0,899409480.0,0.0,0.0,0.09697295329872696,medium_factor_quality_value_momentum
BCH,False,0.36899925856350685,IGNORE,excluded_adr;excluded_sector_or_industry,40.08,Banco de Chile,Financial Services,Banks - Regional,NYSE,False,False,True,True,20653.564636963973,514.3084989262469,0.4866759929508355,0.05684731035773006,-0.07281392567885502,-0.07281392567885502,-0.00027079752014713687,-0.2895932892632761,0.1072688633803609,0.07510729613733891,0.08706265256305934,0.3572637995259058,748776000000.0,20243824636.0,0.125,0.08667599295083549,2.0254582716169,medium_factor_quality_value_momentum
ATMU,False,0.36890696540211093,IGNORE,market_cap_too_small,52.12,Atmus Filtration Technologies Inc.,Industrials,Industrial - Pollution & Treatment Controls,NYSE,False,False,False,True,19.199757446021746,-0.6316239937447861,0.307963918186028,0.1066744217837041,0.020909757023544463,0.020909757023544463,0.052308313006590446,-0.04178149119216901,0.05214951738102269,-0.06477660147137987,-0.012130401819560266,0.47984099943214087,148800000.0,4256766739.0,1.246,0.3159780423211481,1.5059445178335535,medium_factor_quality_value_momentum
AIMC,False,0.3680821300632184,IGNORE,not_actively_trading;market_cap_too_small,61.98,Altra Industrial Motion Corp.,Industrials,Industrial - Machinery,NASDAQ,False,False,False,False,0.014249986865155924,-0.9997700873367997,0.2769485797741863,0.14138814965635416,0.11169947915524674,0.11169947915524674,0.13427078138568338,-0.0321587817163308,0.2823442660017397,0.03836488524040882,0.8391691394658751,0.5545522949586155,69100000.0,4050845454.0,2.155033,0.055981471773554004,0.5430982820615262,medium_factor_quality_value_momentum
AAMI,False,0.3663572421588755,IGNORE,excluded_sector_or_industry;market_cap_too_small;debt_too_high_or_invalid,73.89,Acadian Asset Management,Financial Services,Asset Management,NYSE,False,False,False,True,50.79464062456225,-0.3125640732905366,0.3400152994376609,0.11484818772091757,0.015040928753875528,0.015040928753875528,0.03207215017387055,0.21518638213006724,-0.3192396941504021,0.45366909305528247,0.5761518771331058,1.3501908396946565,180700000.0,2632626810.0,1.329,0.4291851929571721,5.326732673267327,medium_factor_quality_value_momentum
AIOT,False,0.36625557029209793,IGNORE,market_cap_too_small;roic_too_low,3.91,"PowerFleet, Inc.",Technology,Communication Equipment,NASDAQ,False,False,False,True,-0.277236565671857,-1.0709044924991962,0.3276989390328053,0.10816052523054392,0.19223970190979023,0.19223970190979023,0.3700393292970279,0.05,0.05,0.4014336917562724,-0.24517374517374513,-0.17336152219873158,8843000.0,524647233.0,1.419,0.03229184699821854,0.6244347983360463,medium_factor_quality_value_momentum
CGABL,False,0.36581130241136317,IGNORE,excluded_sector_or_industry;market_cap_too_small;roic_too_low,16.15,The Carlyle Group Inc. 4.625% Subordinated Notes due 2061,Financial Services,Financial - Credit Services,NASDAQ,False,False,False,True,31.746733611200952,0.9657420192694091,0.55,0.08736562,-0.1,-0.1,-0.14107731500820764,-0.1731716617013661,-0.362139460516402,-0.037544696066746264,-0.07819634703196354,-0.03466826060968331,989200000.0,5805347993.0,0.789427,0.0,0.0,medium_factor_quality_value_momentum
ALNY,False,0.3654686240563038,IGNORE,roic_too_low,286.41,"Alnylam Pharmaceuticals, Inc.",Healthcare,Biotechnology,NASDAQ,False,False,False,True,378.7274519796687,0.3223262175890109,0.5574377211633529,0.05966661840664134,0.3,0.3,0.4482252245504992,10.095076886398855,0.05,-0.08251914021206386,-0.26954858454475894,-0.08295978483606548,465383000.0,38239336033.0,0.267,0.0,1.619903544963354,medium_factor_quality_value_momentum
CCRN,False,0.36540887119241644,IGNORE,market_cap_too_small;roic_too_low,13.17,"Cross Country Healthcare, Inc.",Healthcare,Medical - Care Facilities,NASDAQ,False,False,False,True,21.83506315876419,0.6579394957300069,0.549461467929695,0.06694,-0.1,-0.1,-0.1095088701655218,-0.315978225524006,-0.2379392780694255,0.434640522875817,0.64625,-0.07578947368421052,40090000.0,425476605.0,0.449,0.0,0.0071804276040666375,medium_factor_quality_value_momentum
ANGI,False,0.3653314426699314,IGNORE,market_cap_too_small;roic_too_low,4.78,Angi Inc.,Communication Services,Internet Content & Information,NASDAQ,False,False,False,True,21.618144108773947,3.5226242905384826,0.5569673726706824,0.061806127945991524,-0.011269821798594624,-0.011269821798594624,-0.10683289918223737,-0.10732804113402139,0.323943661971831,-0.3677248677248677,-0.6013344453711427,-0.6821808510638298,45473000.0,193341440.0,1.621,0.048304369066927234,0.5511599519499313,medium_factor_quality_value_momentum
AAOI,False,0.3649546681613315,IGNORE,negative_or_zero_fcf;roic_too_low;wacc_out_of_range,171.23,"Applied Optoelectronics, Inc.",Technology,Semiconductors,NASDAQ,False,False,False,True,-35.371112708702015,-1.2065707686077323,0.2546648329458139,0.2573273207995854,0.12176408654090212,0.12176408654090212,0.21146919471702974,0.05,0.05,0.9560201050948136,5.3091378039793655,7.66110268082954,-353576000.0,13739968993.0,3.671,0.0,0.2279900479345104,medium_factor_quality_value_momentum
BKKT,False,0.3646742242016825,IGNORE,negative_or_zero_fcf;market_cap_too_small;roic_too_low;wacc_out_of_range,9.05,"Bakkt Holdings, Inc.",Technology,Software - Infrastructure,NYSE,False,False,False,True,-133.67600847654305,-15.770829665916358,0.34963491514603395,0.39142000000000005,0.3,0.3,1.8137777568272853,0.05,0.05,0.058479532163742576,-0.09590409590409577,-0.28684003152088255,-153399000.0,403741315.0,5.857,0.0,0.004867798052880779,medium_factor_quality_value_momentum
BRKL,False,0.36321334322367815,IGNORE,not_actively_trading;excluded_sector_or_industry;market_cap_too_small,10.95,"Brookline Bancorp, Inc.",Financial Services,Banks - Regional,NASDAQ,False,False,False,False,12.510993486568953,0.1425564827916852,0.4434486012524092,0.131759575813083,0.08148222371232963,0.08148222371232963,0.168173360486497,-0.02268513658039506,0.06435099060308191,1.244549763033175,1.1704857928505956,1.3632734530938126,99969000.0,975695370.0,0.916,0.050977485778383146,1.2804493513997017,medium_factor_quality_value_momentum
ACTD,False,0.363034393426288,IGNORE,not_actively_trading;excluded_sector_or_industry;negative_or_zero_fcf;market_cap_too_small;roic_too_low,7.6,ArcLight Clean Transition Corp. II,Financial Services,Shell Companies,NASDAQ,False,False,False,False,-379.11075253984035,-50.882993755242154,0.362373660871788,0.04,0.3,0.3,0.16335858013414595,0.05,6.5,-0.24227318045862412,-0.23154701718908,-0.2284263959390863,-34241000.0,1321465109.0,0.0,0.012373660871788046,0.0,medium_factor_quality_value_momentum
ABG,False,0.3629136779433446,IGNORE,market_cap_too_small,196.2,"Asbury Automotive Group, Inc.",Consumer Cyclical,Auto - Dealerships,NYSE,False,False,False,True,869.7487836911238,3.432970355204505,0.5222822255004973,0.05450660154945997,0.021033100223393074,0.021033100223393074,0.1630240635173097,-0.14553957647418403,-0.013089811318074518,0.060082126647935885,-0.19039366179747463,-0.16790364307222527,576600000.0,3653008560.0,0.753,0.07313689217758984,1.6251702253398084,medium_factor_quality_value_momentum
BACC,False,0.3628881496574962,IGNORE,excluded_sector_or_industry;negative_or_zero_fcf;market_cap_too_small;roic_too_low,10.42,Blue Acquisition Corp.,Financial Services,Asset Management,NASDAQ,False,False,False,True,16.8181060258129,0.6140216915367465,0.6000000000000001,0.0423895504,0.05000000000000001,0.05000000000000001,0.05,0.05,0.05,0.02257114818449457,0.021568627450980538,0.0,0.0,291365749.0,0.03982584,0.0,0.0,medium_factor_quality_value_momentum
AIFU,False,0.3628433568080957,IGNORE,excluded_adr;excluded_sector_or_industry;negative_or_zero_fcf;market_cap_too_small;roic_too_low,45.05,AIFU Inc.,Financial Services,Insurance - Specialty,NASDAQ,False,False,True,True,-99.1551963906598,-3.201003249515201,0.33640009821951017,0.0917181016619322,0.3,0.3,-0.3577480327680882,0.12098394707593196,7.914135402065604,0.3328402366863905,-0.10258964143426308,-0.4340452261306532,-19611000.0,266953055.0,0.9996526,0.0,0.1813320237398646,medium_factor_quality_value_momentum
ATCO,False,0.3626838079370394,IGNORE,not_actively_trading;excluded_sector_or_industry;negative_or_zero_fcf;market_cap_too_small,15.48,Atlas Corp.,Financial Services,Asset Management,NYSE,False,False,False,False,-199.88009421832152,-13.912150789297256,0.3040363192157312,0.05620058489633882,0.3,0.3,0.11547701501393992,1.655183482626839,0.027272946213503957,0.013752455795677854,0.1449704142011834,0.023809523809523947,-429600000.0,4454710560.0,0.942827,0.07226635627160569,1.576400494078326,medium_factor_quality_value_momentum
ARES,False,0.3626185431975455,IGNORE,excluded_sector_or_industry;debt_too_high_or_invalid,125.9,Ares Management Corporation,Financial Services,Asset Management,NYSE,False,False,False,True,203.2033381298755,0.614005862826652,0.5906189694325957,0.10827107443673592,0.10640092873545992,0.10640092873545992,0.11327891335772566,0.1834078184353869,-0.022865375058962023,0.18919429488995942,-0.25286333155302354,-0.24763953627345525,3194781000.0,41347442960.0,1.516,0.08421804069713582,3.4878975680528637,medium_factor_quality_value_momentum
CBU,False,0.3622507156596983,IGNORE,excluded_sector_or_industry;market_cap_too_small,63.5,"Community Bank System, Inc.",Financial Services,Banks - Regional,NYSE,False,False,False,True,61.40402682281778,-0.03300745160916885,0.47520557245861433,0.11028511820881706,0.08045706424987804,0.08045706424987804,0.12389670513940865,0.05385441324546636,0.03348175897743433,0.12808669390655525,0.04630087329049282,0.17050691244239635,233331000.0,3337237992.0,0.797,0.08586705508906786,0.37220754982218646,medium_factor_quality_value_momentum
APAM,False,0.359801037294802,IGNORE,excluded_sector_or_industry;market_cap_too_small,35.98,Artisan Partners Asset Management Inc.,Financial Services,Asset Management,NYSE,False,False,False,True,15.303667770129326,-0.5746618185066891,0.3298919173896101,0.1268489274506417,-0.07754707684638464,-0.07754707684638464,-0.006282910331869229,-0.1872384242800127,-0.0555383887249733,0.0022284122562674646,-0.13488819427747067,-0.1471912775539228,171311000.0,2554337387.0,1.66,0.5201598822705744,0.9347744348051984,medium_factor_quality_value_momentum
CBLL,False,0.3596328255132148,IGNORE,negative_or_zero_fcf;market_cap_too_small;roic_too_low,18.18,"CeriBell, Inc.",Healthcare,Medical - Devices,NASDAQ,False,False,False,True,-44.621127724520214,-3.4544074655951715,0.33924460524282846,0.08979457063799509,0.25397997332584016,0.25397997332584016,0.5089549399831403,0.05,0.05,-0.017297297297297343,-0.157943492357573,0.02134831460674147,-41575000.0,689798286.0,0.8368154,0.0,0.14340526342895402,medium_factor_quality_value_momentum
AMTM,False,0.35855156291281665,IGNORE,market_cap_too_small;roic_too_low,21.06,"Amentum Holdings, Inc.",Industrials,Aerospace & Defense,NYSE,False,False,False,True,48.32418052560802,1.2945954665530874,0.5405995724135428,0.0627492768216511,0.020270002017834552,0.020270002017834552,0.2966290057689769,0.2505233678939629,-0.8778280542986425,-0.21417910447761201,-0.2654342518311825,-0.03747714808043878,516000000.0,5140542645.0,0.27718872,0.03970248937462052,0.9249722530521642,medium_factor_quality_value_momentum
ASPI,False,0.3575121932403299,IGNORE,negative_or_zero_fcf;market_cap_too_small;roic_too_low,7.28,ASP Isotopes Inc. Common Stock,Basic Materials,Chemicals,NASDAQ,False,False,False,True,-8.63346773731904,-2.185915897983384,0.2706616670993529,0.18225055545939414,0.3,0.3,6.421267740970608,0.05,0.05,0.7251184834123225,0.26388888888888906,-0.06786171574903965,-47434000.0,604950237.0,3.435,0.0,1.0578444386752943,medium_factor_quality_value_momentum
BBNX,False,0.3574130122783234,IGNORE,negative_or_zero_fcf;market_cap_too_small;roic_too_low,13.7,"Beta Bionics, Inc.",Healthcare,Medical - Equipment & Services,NASDAQ,False,False,False,True,-11.080302589143265,-1.80878121088637,0.34809559820590386,0.24340606000000004,0.3,0.3,7.242872092568211,0.05,0.05,0.28037383177570097,-0.5306611853374443,-0.22947131608548943,-56222000.0,610495222.0,3.390101,0.0,0.025392023921282293,medium_factor_quality_value_momentum
ANGX,False,0.35718116844418984,IGNORE,negative_or_zero_fcf;market_cap_too_small;roic_too_low;debt_too_high_or_invalid,3.065,"Angel Studios, Inc.",Communication Services,Entertainment,NYSE,False,False,False,True,-77.68924804520616,-26.34722611589108,0.35,0.05223616356794977,0.3,0.3,0.6208363729993525,5.722220963315457,-0.2954264524103831,-0.025316455696202556,-0.384,0.0,-83841390.0,493982458.0,0.062,0.0,-3.1974577275976923,medium_factor_quality_value_momentum
CFX,False,0.35701713938747226,IGNORE,not_actively_trading;market_cap_too_small;roic_too_low,39.06,Colfax Corporation,Industrials,Industrial - Machinery,NYSE,False,False,False,False,5.9001818023902715,-0.8489456783822256,0.3453176763591326,0.1727464649307748,0.3,0.3,-0.09338417023377743,0.5313742941970578,1.0652173913043477,-0.1589147286821705,-0.1680511182108626,0.0,19917000.0,2121942312.0,2.122549,0.0,0.06243098187823273,medium_factor_quality_value_momentum
BNED,False,0.35590777786395983,IGNORE,negative_or_zero_fcf;market_cap_too_small;roic_too_low,10.73,"Barnes & Noble Education, Inc.",Consumer Cyclical,Specialty Retail,NYSE,False,False,False,True,-124.07358326862698,-12.563241683935413,0.2950177365270563,0.1244779172435476,0.3,0.3,0.0343839268273225,11.481814773153356,0.05,0.2138009049773757,0.2333333333333334,-0.025431425976385036,-98307000.0,367997357.0,1.365,0.023029717216873625,1.0401597425308977,medium_factor_quality_value_momentum
CFLT,False,0.3557660142474872,IGNORE,not_actively_trading;roic_too_low,30.99,"Confluent, Inc.",Technology,Software - Infrastructure,NASDAQ,False,False,False,False,11.868397240782155,-0.6170249357604984,0.27909070264528,0.0884544553316011,0.3,0.3,0.31696550061822215,5.394456739382443,0.05,0.031281198003327626,0.5691139240506329,0.1756449165402123,60677000.0,11083508824.0,0.949,0.0,0.9454572980629334,medium_factor_quality_value_momentum
BETA,False,0.35481633036626586,IGNORE,negative_or_zero_fcf;market_cap_too_small;roic_too_low,15.73,"BETA Technologies, Inc.",Industrials,Aerospace & Defense,NYSE,False,False,False,True,-17.75771590873975,-2.128907559360442,0.34158756620509223,0.16398979938947425,0.2601746491387622,0.2601746491387622,0.5228929605622148,0.05,0.05,0.07887517146776402,-0.43761172685019656,0.0,-313245000.0,3496063757.0,2.1638834,0.0,0.11216578393210389,medium_factor_quality_value_momentum
AIP,False,0.3536743053538428,IGNORE,market_cap_too_small;roic_too_low;debt_too_high_or_invalid,44.5,"Arteris, Inc.",Technology,Semiconductors,NASDAQ,False,False,False,True,2.410787272919654,-0.9458250051029291,0.2526469787543428,0.1587731078786926,0.1026469787543428,0.1026469787543428,0.16845570219727124,0.05,0.05,1.939233817701453,1.937293729372937,4.0,5345000.0,2054653199.0,1.986,0.0,-0.6207627118644068,medium_factor_quality_value_momentum
BLSH,False,0.3532282904312963,IGNORE,negative_or_zero_fcf;market_cap_too_small;roic_too_low,25.09,Bullish,Technology,Software - Infrastructure,NYSE,False,False,False,True,-0.5653641082655434,-1.022533443932465,0.34862562103576716,0.03757246459218182,0.3,0.3,2.689828991294103,0.05,-0.9392575928008999,-0.3392151698709507,-0.4047449584816133,0.0,0.0,3804857001.0,-0.12932114,0.012126825510912764,0.18001605966860823,medium_factor_quality_value_momentum
AFGB,False,0.3524270341862586,IGNORE,excluded_sector_or_industry;market_cap_too_small;roic_too_low,20.29,"American Financial Group, Inc.",Financial Services,Insurance - Property & Casualty,NYSE,False,False,False,True,762.0666687070391,36.558731823905326,0.5263635997242673,0.056506939101913484,0.004683101798956015,0.004683101798956015,0.06851142467155835,-0.040877051889869676,-0.05463331341301014,-0.042924528301886755,-0.05890538033395176,-0.023110255175734284,1398000000.0,1690132652.0,0.68776965,0.0,0.3775933609958506,medium_factor_quality_value_momentum
CLH,False,0.35106218264881667,IGNORE,,289.36,"Clean Harbors, Inc.",Industrials,Waste Management,NYSE,False,False,False,True,189.20660008983398,-0.34612040333897576,0.34049854868315405,0.08431113069881584,0.12802921601581674,0.12802921601581674,0.12199154205388574,0.09906058179761512,0.18355751526698105,0.048861823981441344,0.21671852661676905,0.2784306795087037,438159000.0,15291527820.0,0.875,0.09513861023727563,1.256281549791307,medium_factor_quality_value_momentum
ATUS,False,0.35041913784999995,IGNORE,not_actively_trading;market_cap_too_small;roic_too_low;debt_too_high_or_invalid;wacc_out_of_range,1.8,"Altice USA, Inc.",Communication Services,Telecommunications Services,NYSE,False,False,False,False,3.6683597755487503,1.0379776530826388,0.55,1.401039116706824,-0.1,-0.1,-0.03944493449038933,-0.06716897561938517,-0.7631988886108425,-0.19915254237288138,-0.32258064516129037,-0.28947368421052644,1228457000.0,838275700.0,1.521,0.0,-0.109241750820599,medium_factor_quality_value_momentum
ASLN,False,0.3503885611875,IGNORE,excluded_adr;not_actively_trading;negative_or_zero_fcf;market_cap_too_small;roic_too_low;debt_too_high_or_invalid,0.6,ASLAN Pharmaceuticals Limited,Healthcare,Biotechnology,NASDAQ,False,False,True,False,-345.91175247804256,-577.5195874634043,0.35,0.1240562419852587,0.3,0.3,3.0,0.05,0.05,-0.8125,-0.8654708520179373,-0.9651162790697675,-46370623.0,777122375.0,1.399,0.0,-2.018910612239952,medium_factor_quality_value_momentum
CCOI,False,0.350367069541,IGNORE,negative_or_zero_fcf;market_cap_too_small;roic_too_low;debt_too_high_or_invalid,14.66,"Cogent Communications Holdings, Inc.",Communication Services,Telecommunications Services,NASDAQ,False,False,False,True,-396.9260646602064,-28.07544779401135,0.35,0.06780221502154833,0.3,0.3,0.13412462563681138,-0.05585951904007336,4.083764372408969,-0.18781163434903048,-0.3536155202821869,-0.6862829017761609,-198148000.0,734139082.0,0.747,0.0,-45.911696529256986,medium_factor_quality_value_momentum
BACQ,False,0.3501286575525,IGNORE,not_actively_trading;excluded_sector_or_industry;negative_or_zero_fcf;market_cap_too_small;roic_too_low;wacc_out_of_range,7.68,Inflection Point Acquisition Corp. IV,Financial Services,Shell Companies,NASDAQ,False,False,False,False,-0.28710501289597073,-1.0373834652208296,0.35,0.39628109800000005,0.3,0.3,0.05,0.05,1.6666666666666665,-0.2849162011173185,-0.25725338491295935,-0.23276723276723277,-1328713.0,257315105.0,5.9380183,0.0,0.0,medium_factor_quality_value_momentum
AIRO,False,0.34961514004030236,IGNORE,negative_or_zero_fcf;market_cap_too_small;roic_too_low,7.69,"AIRO Group Holdings, Inc. Common Stock",Industrials,Aerospace & Defense,NASDAQ,False,False,False,True,-24.0240776019739,-4.124067308449142,0.34936778942412794,0.1789859104135096,0.2983959793164021,0.2983959793164021,0.6666304962437382,-0.026986057042444833,0.05,-0.16230936819172104,0.03778677462888003,-0.7071591774562072,-35506000.0,241817002.0,1.8180032,0.0,0.008429474344960443,medium_factor_quality_value_momentum
CEIX,False,0.3490311718229703,IGNORE,not_actively_trading;market_cap_too_small;roic_too_low,84.16,CONSOL Energy Inc.,Energy,Coal,NYSE,False,False,False,False,25.19138798300412,-0.7006726713046088,0.34724281407871277,0.14923596726382277,0.2752816259517217,0.2752816259517217,0.34808161822375205,-0.40838561180124167,1.1551824980371057,-0.3591646530894027,-0.18529895776193084,-0.08749078397640686,21171000.0,2473841120.0,1.743,0.0,0.03676247895049635,medium_factor_quality_value_momentum
ARVN,False,0.34901871501713627,IGNORE,negative_or_zero_fcf;market_cap_too_small;roic_too_low,7.74,"Arvinas, Inc.",Healthcare,Biotechnology,NASDAQ,False,False,False,True,-75.1168364838802,-10.705017633576254,0.3484612724757953,0.14458419230413724,0.2445593985275687,0.2445593985275687,0.4877586466870294,0.05,0.05,-0.2925045703839122,-0.3395904436860069,0.03614457831325302,-275700000.0,499394073.0,1.745,0.0,0.020516366989396035,medium_factor_quality_value_momentum
BCYC,False,0.34841465319144355,IGNORE,excluded_adr;negative_or_zero_fcf;market_cap_too_small;roic_too_low,3.98,Bicycle Therapeutics plc,Healthcare,Biotechnology,NASDAQ,False,False,True,True,-87.77816836506777,-23.05481617212758,0.3478456975836794,0.13185351470445303,0.28480813590487386,0.28480813590487386,0.578318305785966,0.05,0.05,-0.08505747126436769,-0.42733812949640293,-0.4628879892037787,-252613950.0,276190249.0,1.543,0.0,0.028724032217608206,medium_factor_quality_value_momentum
BAC,False,0.34779395429433535,IGNORE,excluded_sector_or_industry;roic_too_low,57.37,Bank of America Corporation,Financial Services,Banks - Diversified,NYSE,False,False,False,True,88.43070218010736,0.5414101826757427,0.45950228034942275,0.13905224147542716,-0.1,-0.1,0.1952821898633843,-0.7195989506913877,0.01706518125289569,0.21649703138252763,0.0516956920256646,0.2731913004882378,12613000000.0,407131405648.0,1.196,0.0,1.2066362620076967,medium_factor_quality_value_momentum
BAND,False,0.34563035993050906,IGNORE,market_cap_too_small;roic_too_low,50.82,Bandwidth Inc.,Technology,Software - Infrastructure,NASDAQ,False,False,False,True,24.898567159889858,-0.5100636135401444,0.2185210001675113,0.1670646716426007,0.3,0.3,0.11318328259327615,0.8760401784411593,0.05,2.2871927554980593,2.4571428571428573,2.5813953488372094,67230000.0,1627119593.0,2.923,0.0,1.7530533310998493,medium_factor_quality_value_momentum
ALGM,False,0.34510194445412257,IGNORE,roic_too_low,61.58,"Allegro MicroSystems, Inc.",Technology,Semiconductors,NASDAQ,False,False,False,True,5.885684592297159,-0.9044221404303806,0.2348627976204582,0.15704591071377047,0.07601726985034161,0.07601726985034161,0.03734606642934146,0.09716721987260346,0.1216347516589491,1.056093489148581,1.4167974882260594,0.9819761828130029,124893000.0,11467550760.0,1.978,0.03137238503843835,0.3003580969109567,medium_factor_quality_value_momentum
BLK,False,0.34460681022361395,IGNORE,excluded_sector_or_industry,1051.74,"BlackRock, Inc.",Financial Services,Asset Management,NYSE,False,False,False,True,212.60095704289373,-0.7978578764305877,0.22729209141831638,0.12006649521661647,0.0003893769819463389,0.0003893769819463389,0.05735489001498495,-0.06274450447491697,-0.018840826898835927,0.0979528348174672,-0.012450704225352105,0.07372999019928139,3552000000.0,163265795591.0,1.434,0.09702689136164917,0.26832235900372176,medium_factor_quality_value_momentum
ABB,False,0.34424151299434425,IGNORE,excluded_adr;not_actively_trading,37.13,ABB Ltd,Industrials,Electrical Equipment & Parts,NYSE,False,False,True,False,1.1838396703504583,-0.9681163568448571,0.25520914634614267,0.09141810879929851,-0.05845322562303746,-0.05845322562303746,0.015747314283837133,-0.29720403546834595,0.15127190933117607,0.10147492625368737,0.19833119383825437,0.18351822503961968,525000000.0,69020585106.0,1.020889,0.15539111394417035,0.669092901307036,medium_factor_quality_value_momentum
ARL,False,0.3436897485014044,IGNORE,excluded_sector_or_industry;negative_or_zero_fcf;market_cap_too_small;roic_too_low,16.24,"American Realty Investors, Inc.",Real Estate,Real Estate - Development,NYSE,False,False,False,True,-33.39205442890937,-3.0561609870018085,0.3082176741761008,0.05696302995632394,0.18425820031457738,0.18425820031457738,0.04438302237366365,0.05,0.6653958566682707,0.06912442396313367,-0.008547008547008628,0.06561679790026242,-5553000.0,262309178.0,0.716,0.0,0.34720701517968783,medium_factor_quality_value_momentum
BRBS,False,0.34330942839576206,IGNORE,excluded_sector_or_industry;market_cap_too_small,3.4,"Blue Ridge Bankshares, Inc.",Financial Services,Banks - Regional,AMEX,False,False,False,True,3.135731590766144,-0.07772600271584007,0.4757221951576792,0.1446181128283628,-0.1,-0.1,-0.05709137142449483,-0.40942532031477874,-0.8065705141753343,-0.139240506329114,-0.2543859649122806,0.024096385542168752,11946000.0,305699817.0,0.562,0.19832950588932513,0.5535587952707984,medium_factor_quality_value_momentum
BL,False,0.3432338521206473,IGNORE,market_cap_too_small;roic_too_low;debt_too_high_or_invalid,25.88,"BlackLine, Inc.",Technology,Software - Application,NASDAQ,False,False,False,True,137.9835612507238,4.331667745391182,0.5424747798546472,0.05258305829646575,0.09857879890107188,0.09857879890107188,0.1325653665024944,0.2983680880531647,-0.26907827002991236,-0.3382766555868064,-0.5503040834057341,-0.5291120815138283,161493000.0,1518144532.0,0.653,0.04389598095357535,2.829321208692669,medium_factor_quality_value_momentum
BASE,False,0.34299943044358855,IGNORE,not_actively_trading;negative_or_zero_fcf;market_cap_too_small;roic_too_low,24.51,"Couchbase, Inc.",Technology,Software - Infrastructure,NASDAQ,False,False,False,False,-5.395716691026041,-1.2201434798460238,0.2611761022599716,0.09568000000000002,0.1137126180573638,0.1137126180573638,0.19335339062906853,0.05,0.05,0.016169154228855787,0.6868547832071579,0.7929773226042429,-18848000.0,1354258432.0,0.928,0.0,0.033820210631895685,medium_factor_quality_value_momentum
AFL,False,0.3429984304068441,IGNORE,excluded_sector_or_industry;roic_too_low,116.55,Aflac Incorporated,Financial Services,Insurance - Life,NYSE,False,False,False,True,193.90405445919492,0.6636984509583435,0.5286139369277721,0.06973728174412298,-0.07138270276373786,-0.07138270276373786,-0.05151055035298335,-0.15665867100978648,0.01678694478382603,0.09725098851440395,0.054751131221719485,0.13563285589009055,2555000000.0,59322201750.0,0.61,0.0,0.285147507629705,medium_factor_quality_value_momentum
CIEN,False,0.3416550668793936,IGNORE,,460.33,Ciena Corporation,Technology,Communication Equipment,NYSE,False,False,False,True,50.79873763432962,-0.8896471278553871,0.2003789206630952,0.11308725005203109,0.012193897509196465,0.012193897509196465,0.07132371076961497,0.12917181857968618,-0.2815326106173751,0.19911953945140537,1.257626287395782,5.2358439447304255,665292000.0,65161056584.0,1.244,0.08166311277539096,0.5797078616198962,medium_factor_quality_value_momentum
A,False,0.34062252943245575,IGNORE,,126.49,"Agilent Technologies, Inc.",Healthcare,Medical - Diagnostics & Research,NYSE,False,False,False,True,43.740930200603685,-0.6541945592489233,0.28376117317566635,0.10772319285238016,0.009392955866083455,0.009392955866083455,0.02400685419721804,-0.029016456585353123,0.03777927788096913,0.13647798742138373,-0.07441826430557585,0.09496191135734078,1152000000.0,35724823680.0,1.256,0.16168463920544404,0.4975522919448153,medium_factor_quality_value_momentum
ASPN,False,0.34004711329139653,IGNORE,negative_or_zero_fcf;market_cap_too_small;roic_too_low;wacc_out_of_range,6.37,"Aspen Aerogels, Inc.",Industrials,Construction,NYSE,False,False,False,True,0.15089524168657825,-0.9763115790130961,0.23063053606422756,7.744990579016887,0.12639359876007245,0.12639359876007245,0.221885597210163,0.05,0.05,1.081699346405229,1.166666666666667,0.0760135135135136,-4577000.0,527929376.0,2.99,0.0,0.610174169277932,medium_factor_quality_value_momentum
CD,False,0.3391391324224294,IGNORE,excluded_adr;negative_or_zero_fcf;market_cap_too_small;roic_too_low;wacc_out_of_range,4.67,Chaince Digital Holdings Inc.,Technology,Information Technology Services,NASDAQ,False,False,True,True,0.42506865381678166,-0.9089788749856998,0.30574024537614874,0.53122,0.15753058314582696,0.15753058314582696,0.2919438120781106,0.05,0.05,0.1645885286783042,-0.15398550724637672,0.20360824742268036,-2814620.0,371002537.0,8.187,0.0,0.02387117026237666,medium_factor_quality_value_momentum
AVBC,False,0.3383827695231908,IGNORE,excluded_sector_or_industry;negative_or_zero_fcf;market_cap_too_small;roic_too_low,19.76,"Avidia Bancorp, Inc.",Financial Services,Banks - Regional,NYSE,False,False,False,True,-14.67335815660245,-1.7425788540790714,0.2930436233819005,0.061711705573490656,0.25742884071517075,0.25742884071517075,0.141024976259422,0.6380166613264979,-0.08064516129032262,0.04883227176220806,0.14418066010422703,0.0,0.0,396706700.0,-0.35364735,0.0,0.7594183549079933,medium_factor_quality_value_momentum
CGNX,False,0.3383473877818349,IGNORE,,67.6,Cognex Corporation,Technology,"Hardware, Equipment & Parts",NASDAQ,False,False,False,True,11.14640937707642,-0.8351122873213548,0.2319523927562393,0.13084,-0.06509553231759015,-0.06509553231759015,-0.01046569911229367,-0.056360655559334005,-0.1874575138655673,0.3728675873273759,0.890380313199105,1.2555889222555887,236771000.0,11249954888.0,1.514,0.08580248066421713,0.05133450543970411,medium_factor_quality_value_momentum
AMKR,False,0.3383252572603268,IGNORE,,93.55,"Amkor Technology, Inc.",Technology,Semiconductors,NASDAQ,False,False,False,True,5.713368185862786,-0.9389271172008253,0.2214790177061718,0.16711782338893355,-0.0640264174546387,-0.0640264174546387,0.022434311724472966,-0.13522917289923986,-0.1301437426459603,1.0421305391835842,1.4067404167738617,3.5947937131630647,190992000.0,23188474059.0,2.258,0.09773903032944667,0.3501335016436649,medium_factor_quality_value_momentum
ARDX,False,0.33799709873579226,IGNORE,negative_or_zero_fcf;market_cap_too_small;roic_too_low,6.37,"Ardelyx, Inc.",Healthcare,Biotechnology,NASDAQ,False,False,False,True,-11.30560088401132,-2.774819605025325,0.25494327609030304,0.07844956385788962,0.3,0.3,1.5202048598748577,0.05,0.05,0.19962335216572513,0.10017271157167529,0.7645429362880887,-43975000.0,1573574730.0,0.576,0.0,1.2674229854626262,medium_factor_quality_value_momentum
CDRE,False,0.33689692047706904,IGNORE,market_cap_too_small,27.56,"Cadre Holdings, Inc.",Industrials,Aerospace & Defense,NYSE,False,False,False,True,24.691868047280934,-0.10406864850214315,0.4632177021305772,0.09951115703979654,0.13054074102349533,0.13054074102349533,0.0932188000704599,0.11138406870626771,0.2339196314054075,-0.12701932214127343,-0.3193381081748581,-0.18292321375629994,56849000.0,1179496344.0,1.313,0.10167168146123112,1.0315634793772261,medium_factor_quality_value_momentum
ABT,False,0.3366817630611967,IGNORE,,87.775,Abbott Laboratories,Healthcare,Medical - Devices,NYSE,False,False,False,True,81.34507431362275,-0.07325463613075778,0.40547658345103155,0.07227907673957566,-0.012763579567283788,-0.012763579567283788,0.007194192037995428,-0.038375268139956176,-0.01426158991883364,-0.16769391238384213,-0.30727645805382364,-0.3370968960048334,7395000000.0,152887372750.0,0.62,0.10645549525994313,0.2890274314214464,medium_factor_quality_value_momentum
ARMK,False,0.3366226334384609,IGNORE,,53.54,Aramark,Industrials,Specialty Business Services,NYSE,False,False,False,True,23.748258681806465,-0.5564389487895691,0.22971344862129808,0.09543931538070884,0.14298237799400362,0.14298237799400362,0.1121663819326475,0.1620125286867926,0.17606914407753238,0.3770576131687242,0.41827814569536415,0.3344965104685942,454462000.0,14078533817.0,1.194,0.07305283274684868,1.8176234949273897,medium_factor_quality_value_momentum
CION,False,0.33600007958545713,IGNORE,excluded_sector_or_industry;market_cap_too_small;roic_too_low,6.33,CION Investment Corporation,Financial Services,Asset Management,NYSE,False,False,False,True,19.60508433577092,2.0971697212908245,0.5119823541186497,0.07247749470412473,0.04900756701970527,0.04900756701970527,0.052846830794097466,0.2962276413884324,-0.32950107208216983,-0.05239520958083832,-0.3682634730538922,-0.31419284940411707,76833000.0,315165699.0,1.073,0.03227550018548143,1.5906761744871598,medium_factor_quality_value_momentum
ASTS,False,0.33594833130383295,IGNORE,negative_or_zero_fcf;roic_too_low,73.19,"AST SpaceMobile, Inc.",Technology,Communication Equipment,NASDAQ,False,False,False,True,-75.94534373571997,-2.0376464508227894,0.2587887427198306,0.1851798971965902,0.3,0.3,0.7880784547633066,0.05,0.05,-0.18614477927276785,0.18315551244746198,0.6502818489289739,-1136258000.0,29780429286.0,2.634,0.0,1.2161500970689256,medium_factor_quality_value_momentum
AMCX,False,0.33544347376630596,IGNORE,market_cap_too_small;roic_too_low,9.35,AMC Networks Inc.,Communication Services,Entertainment,NASDAQ,False,False,False,True,49.914782078850195,4.338479366721947,0.4478392619415583,0.08568539426657944,-0.012276210613465172,-0.012276210613465172,-0.06903300118168687,0.2817805528194328,-0.3398477746263687,0.37298091042584436,-0.04004106776180705,0.550580431177446,272367000.0,410724079.0,1.329,0.03931907446275508,1.8863975002826237,medium_factor_quality_value_momentum
BABA,False,0.3341975220764589,IGNORE,excluded_adr;negative_or_zero_fcf;roic_too_low,104.97,Alibaba Group Holding Limited,Consumer Cyclical,Specialty Retail,NYSE,False,False,True,True,-1237.0828486123937,-12.78510858923877,0.22751907281725142,0.04846837932408591,0.04779431694719799,0.04779431694719799,0.046634014717590766,-0.038576735548331076,0.179671500149706,-0.14247202025978267,-0.28635529267795234,-0.07507269362939462,-50724000000.0,251837091781.0,0.46,0.04810533588393155,0.2450744001850419,medium_factor_quality_value_momentum
CINR,False,0.33414443190050164,IGNORE,not_actively_trading;market_cap_too_small;debt_too_high_or_invalid,20.31,Sisecam Resources LP,Basic Materials,Chemicals,NYSE,False,False,False,False,24.01948100349611,0.18264308239764215,0.4872628650899017,0.06638511147535443,-0.034912152184576786,-0.034912152184576786,0.02085469272498086,-0.15001149138791703,0.02620316680131829,0.08609625668449206,0.6093502377179081,0.0,28500000.0,402133938.0,0.616111,0.21420563213084481,41.2,medium_factor_quality_value_momentum
ASX,False,0.3338957152415727,IGNORE,excluded_adr;negative_or_zero_fcf,43.62,"ASE Technology Holding Co., Ltd.",Technology,Semiconductors,NYSE,False,False,True,True,-370.4925525517223,-9.493639444101841,0.17462619791911518,0.0465716929784658,-0.09763135131665915,-0.09763135131665915,0.03547742241433749,-0.27004173592487435,-0.10523332186632961,1.0469263256687,1.9572881355932203,3.1982675649663133,-20008979000.0,95699859090.0,1.477,0.08172413680640259,0.7613058518304987,medium_factor_quality_value_momentum
ABTC,False,0.3334715983875306,IGNORE,excluded_sector_or_industry;negative_or_zero_fcf;market_cap_too_small;roic_too_low;wacc_out_of_range,0.8117,American Bitcoin Corp,Financial Services,Financial - Capital Markets,NASDAQ,False,False,False,True,-1.117198498435496,-2.376368730362814,0.3287785794637882,0.26632075000000005,0.3,0.3,0.8002960968627542,0.05,9.779816513761467,-0.14269117025771016,-0.5080606060606061,-0.8094600938967136,-79608000.0,897469633.0,3.7720125,0.0,0.28295227381615723,medium_factor_quality_value_momentum
BUSE,False,0.33242682071035995,IGNORE,excluded_sector_or_industry;market_cap_too_small;roic_too_low,28.52,First Busey Corporation,Financial Services,Banks - Regional,NASDAQ,False,False,False,True,16.61916763224797,-0.4172802372984583,0.3139670625051454,0.15920108357318202,0.09707501044541647,0.09707501044541647,0.24705784406060327,0.025737921353556237,-0.09588502314716685,0.1640816326530612,0.13174603174603172,0.2686832740213523,173765000.0,2412141744.0,0.72,0.04869049487472264,0.1984846386081389,medium_factor_quality_value_momentum
ASC,False,0.3315825335718259,IGNORE,negative_or_zero_fcf;market_cap_too_small,17.56,Ardmore Shipping Corporation,Industrials,Marine Shipping,NYSE,False,False,False,True,-71.47867285192116,-5.0705394562597474,0.24721842812100128,0.03924311632968583,-0.0563393550566883,-0.0563393550566883,0.12670634372574852,-0.09126687343602069,-0.3700394750525634,0.19863481228668922,0.5763016157989227,0.6660341555977229,-39069999.0,716493656.0,-0.009,0.11245520289529318,0.20315699699055864,medium_factor_quality_value_momentum
AJRD,False,0.33070167453519383,IGNORE,not_actively_trading;negative_or_zero_fcf;market_cap_too_small,57.99,"Aerojet Rocketdyne Holdings, Inc.",Industrials,Aerospace & Defense,NYSE,False,False,False,False,-20.22719961794415,-1.348804959785207,0.27952668266087455,0.0692434659075685,-0.04348782511626177,-0.04348782511626177,0.042297645454046906,-0.08157260206350525,-0.15793160083601387,0.028738690792974975,0.030566909543273457,0.3641496118560339,-89400000.0,4683208669.0,0.521174,0.17792405934663105,0.6452983558100869,medium_factor_quality_value_momentum
ARLO,False,0.33063921996837237,IGNORE,market_cap_too_small;roic_too_low,13.22,"Arlo Technologies, Inc.",Industrials,Security & Protection Services,NYSE,False,False,False,True,11.50440321624959,-0.12977282781773147,0.4520877062671744,0.1326171944720727,0.1579527279145227,0.1579527279145227,0.05019115159417464,0.37360331495133514,0.05,-0.07874564459930311,-0.008252063015753874,-0.232733604178758,66896000.0,1435821781.0,1.554,0.0,0.052745206936741736,medium_factor_quality_value_momentum
AJG,False,0.3298875877719747,IGNORE,excluded_sector_or_industry,209.08,Arthur J. Gallagher & Co.,Financial Services,Insurance - Brokers,NYSE,False,False,False,True,213.7656278682141,0.02241069384070249,0.460193440477068,0.06504616529545885,0.08926875286313216,0.08926875286313216,0.14156818802094273,0.03170361728056892,0.07101758592135576,-0.02672004468857636,-0.16667995217218012,-0.34071201084728653,1785000000.0,53721433360.0,0.533,0.05698420837103845,0.6003173105784486,medium_factor_quality_value_momentum
BTE,False,0.32879242750029497,IGNORE,market_cap_too_small,4.03,Baytex Energy Corp.,Energy,Oil & Gas Exploration & Production,NYSE,False,False,False,True,3.004618770194094,-0.2544370297285127,0.35956297730093023,0.1293552844476571,-0.1,-0.1,-0.010059152462117416,-0.11226657447874366,-0.6738359634732789,-0.019464720194647178,0.2793650793650795,0.9282296650717705,246321100.0,2915302000.0,0.583,0.11504190950222,0.049388270798461927,medium_factor_quality_value_momentum
BANC,False,0.3283975214482289,IGNORE,excluded_sector_or_industry;market_cap_too_small;roic_too_low,20.21,"Banc of California, Inc.",Financial Services,Banks - Regional,NYSE,False,False,False,True,37.48123829741015,0.8545887331721993,0.487081783549249,0.15067474216692545,0.00096888557487422,0.00096888557487422,0.07902333330549127,-0.152420939571292,0.07494472783288941,0.20083184789067166,0.026409344845099048,0.48058608058608066,234771000.0,3116424764.0,1.321,0.0,0.8518280270083363,medium_factor_quality_value_momentum
CIA,False,0.32823377103299256,IGNORE,excluded_sector_or_industry;market_cap_too_small,5.88,"Citizens, Inc.",Financial Services,Insurance - Life,NYSE,False,False,False,True,5.965458232071523,0.014533712937333743,0.43458029417716304,0.06826,-0.1,-0.1,0.0050340459400257664,-0.18342710572136078,-0.2227184122425988,0.2699784017278617,0.051878354203935606,0.7294117647058824,17539000.0,297254956.0,0.471,0.0787668090022295,0.0,medium_factor_quality_value_momentum
ARE,False,0.3279481718521191,IGNORE,excluded_sector_or_industry;market_cap_too_small;roic_too_low,50.73,"Alexandria Real Estate Equities, Inc.",Real Estate,REIT - Office,NYSE,False,False,False,True,224.89725213786159,3.4332200303146383,0.4885983458493303,0.05509602828476147,0.0004650568596877323,0.0004650568596877323,0.08951909122101664,0.02992874662663869,-0.22183854651339652,0.07047900400928464,0.06665264928511339,-0.2842832957110609,1414046000.0,8840666370.0,1.202,0.0,0.8248894801380989,medium_factor_quality_value_momentum
BSBR,False,0.32650179344227764,IGNORE,excluded_adr;excluded_sector_or_industry;roic_too_low;wacc_out_of_range,5.31,Banco Santander (Brasil) S.A.,Financial Services,Banks - Regional,NYSE,False,False,True,True,37.83328643996254,6.1249127005579185,0.472134723691183,0.5001676026946145,-0.03828407612171538,-0.03828407612171538,0.1908877939871032,-0.3299513758248449,-0.05912686678465828,-0.041516245487364656,-0.07329842931937192,-0.025688073394495525,1336266000.0,39758770680.0,0.191,0.0,1.0382036841175606,medium_factor_quality_value_momentum
AACT,False,0.3263110942398509,IGNORE,not_actively_trading;excluded_sector_or_industry;negative_or_zero_fcf;market_cap_too_small;roic_too_low;debt_too_high_or_invalid,9.49,Ares Acquisition Corporation II,Financial Services,Shell Companies,NYSE,False,False,False,False,-168.36978822397978,-18.741811193253927,0.3194224559929332,0.044415347801956856,0.1694224559929332,0.1694224559929332,0.05,0.05,0.5874010519681994,-0.16017699115044248,-0.1504028648164727,-0.12210915818686408,-116468000.0,587048667.0,-0.01,0.0,-0.10965974576978971,medium_factor_quality_value_momentum
BYD,False,0.32594003754132594,IGNORE,market_cap_too_small,86.35,Boyd Gaming Corporation,Consumer Cyclical,"Gambling, Resorts & Casinos",NYSE,False,False,False,True,71.46164789019831,-0.17241866948235884,0.39732560466137784,0.08782058797896787,0.08483829924588436,0.08483829924588436,0.04974124371279487,-0.1680677311745008,0.534391455942641,0.06526030101159619,0.013022055373064223,0.1352879305811201,388464000.0,6418412770.0,1.092,0.1253567356013687,1.2520261652390896,medium_factor_quality_value_momentum
ACEL,False,0.32557574964713915,IGNORE,market_cap_too_small,12.79,"Accel Entertainment, Inc.",Consumer Cyclical,"Gambling, Resorts & Casinos",NYSE,False,False,False,True,14.555155093052342,0.1380105623965866,0.4691407707898002,0.08101503196519493,0.08538917953000551,0.08538917953000551,0.16014615894093254,-0.06483144060894264,0.16120615091657364,0.17124542124542108,0.16061705989110697,0.13487133984028388,61952000.0,1041015191.0,1.022,0.12854736630116004,2.333673238580111,medium_factor_quality_value_momentum
BA,False,0.32536282304580566,IGNORE,negative_or_zero_fcf;roic_too_low;debt_too_high_or_invalid,220.83,The Boeing Company,Industrials,Aerospace & Defense,NYSE,False,False,False,True,-145.97738800774206,-1.661039659501617,0.2,0.09505270390225057,0.3,0.3,0.09474571508746843,0.9358078602620088,0.05,0.13176506765067653,0.07027577182183875,0.11710845811412396,-1877000000.0,174080730660.0,1.198,0.0,9.98038137147048,medium_factor_quality_value_momentum
BOKF,False,0.325192173550862,IGNORE,excluded_sector_or_industry;market_cap_too_small,132.88,BOK Financial Corporation,Financial Services,Banks - Regional,NASDAQ,False,False,False,True,111.35306033082588,-0.16200285723339936,0.3915147995077653,0.13105638136407707,-0.1,-0.1,0.1611801790281302,-0.611772422619151,0.006363580172553229,0.06244503078276176,0.11467158795403076,0.43591960233412563,739620000.0,8073788800.0,0.808,0.1650402350856343,0.7829905691267901,medium_factor_quality_value_momentum
ABEO,False,0.3248196178022906,IGNORE,negative_or_zero_fcf;market_cap_too_small;roic_too_low,5.75,Abeona Therapeutics Inc.,Healthcare,Biotechnology,NASDAQ,False,False,False,True,-19.318365984737962,-4.359715823432689,0.2758802656694089,0.12241201540300499,0.13764164643516108,0.13764164643516108,0.24719370447911237,0.05,0.05,0.2921348314606742,0.18556701030927836,-0.04166666666666663,-84301000.0,327722078.0,1.348,0.0,0.15681841021002915,medium_factor_quality_value_momentum
BFLY,False,0.3247554984945875,IGNORE,negative_or_zero_fcf;market_cap_too_small;roic_too_low,7.27,"Butterfly Network, Inc.",Healthcare,Medical - Devices,NYSE,False,False,False,True,-0.045786695086388884,-1.0062980323365047,0.22224319508994067,0.17120382926345518,0.08004938861067502,0.08004938861067502,0.11761112437401877,0.05,0.05,0.831234256926952,1.2933753943217665,2.3657407407407405,-16048000.0,1902129401.0,2.203,0.0,0.1040825802764582,medium_factor_quality_value_momentum
AVB,False,0.3239710839191886,IGNORE,excluded_sector_or_industry;roic_too_low,179.89,"AvalonBay Communities, Inc.",Real Estate,REIT - Residential,NYSE,False,False,False,True,229.51091492504472,0.2758403186672118,0.5038106922733857,0.06983628735642206,0.05974117149873699,0.05974117149873699,0.07272645243527198,0.07719882121543642,0.007584135050617835,0.11476730495135401,-0.007558203685313902,-0.12894634902188662,1413663000.0,25521354080.0,0.789,0.04398840263485284,0.8034001243611848,medium_factor_quality_value_momentum
AVDX,False,0.3237844841507009,IGNORE,not_actively_trading;market_cap_too_small;roic_too_low,10.0,"AvidXchange Holdings, Inc.",Technology,Software - Infrastructure,NASDAQ,False,False,False,False,6.092742103332822,-0.3907257896667178,0.3195379992635402,0.11550378096504793,0.1342460320330886,0.1342460320330886,0.23955357207444927,0.05,0.05,0.016260162601626105,0.2642225031605563,0.25156445556946183,52339000.0,2076987520.0,1.195,0.0,0.11223622537148369,medium_factor_quality_value_momentum
CAVA,False,0.3230262573097268,IGNORE,market_cap_too_small,80.88,"CAVA Group, Inc.",Consumer Cyclical,Restaurants,NYSE,False,False,False,True,1.7763658967183136,-0.9780370190811286,0.26079489545334394,0.1423,0.07188671330159378,0.07188671330159378,0.23931426031653968,-0.5058038415003026,0.6035674514745464,-0.04022783908864369,0.5225903614457832,0.08636668905305567,26141000.0,9420405312.0,1.705,0.08375950119502051,0.5980175872436049,medium_factor_quality_value_momentum
ALGN,False,0.32298819657828465,IGNORE,,173.76,"Align Technology, Inc.",Healthcare,Medical - Devices,NASDAQ,False,False,False,True,57.08863865895474,-0.6714512047712089,0.2886687143996739,0.13990093822405886,-0.061374888519175975,-0.061374888519175975,0.005170279377421538,-0.10691069472117187,-0.1261615150093771,0.0033491165261576583,0.08207746917424319,-0.034720293317037965,490778000.0,12444365748.0,1.671,0.1407885312401097,0.028264224539143675,medium_factor_quality_value_momentum
BAX,False,0.32254849035045613,IGNORE,roic_too_low,19.66,Baxter International Inc.,Healthcare,Medical - Instruments & Supplies,NYSE,False,False,False,True,29.657239972820683,0.508506611028519,0.5488333605711329,0.051543522309155126,0.12123913639100556,0.12123913639100556,-0.019106424575676018,-0.32226980865230104,1.0671936758893286,0.21733746130030962,0.019180922757905616,-0.3402684563758389,323000000.0,10153780540.0,0.642,0.0,1.6320770109316365,medium_factor_quality_value_momentum
CCO,False,0.3223151822184776,IGNORE,market_cap_too_small;debt_too_high_or_invalid,2.41,"Clear Channel Outdoor Holdings, Inc.",Communication Services,Advertising Agencies,NYSE,False,False,False,True,-11.352399757248701,-5.710539318360457,0.2503610702995359,0.0799460518335257,0.01705482692781102,0.01705482692781102,-0.02412663941242521,0.05,0.05,0.008368200836819994,0.1990049751243783,1.190909090909091,31981000.0,1226650249.0,1.962,0.08330624337172493,-1.9063045020457416,medium_factor_quality_value_momentum
AZ,False,0.32215907376477354,IGNORE,negative_or_zero_fcf;market_cap_too_small;roic_too_low,5.5,A2Z Cust2Mate Solutions Corp.,Technology,Software - Application,NASDAQ,False,False,False,True,-11.494017994897748,-3.0898214536177724,0.3129236759807547,0.11634536733856561,0.16543913103924024,0.16543913103924024,0.3097380448382905,0.05,0.05,-0.04347826086956519,0.012891344383057168,-0.47267497603068076,-23996000.0,226633000.0,1.262,0.0,0.0335394007798071,medium_factor_quality_value_momentum
AROW,False,0.3216848306920954,IGNORE,excluded_sector_or_industry;market_cap_too_small,39.07,Arrow Financial Corporation,Financial Services,Banks - Regional,NASDAQ,False,False,False,True,14.711397712496193,-0.6234605141413823,0.25900485628738984,0.17337959046554868,0.012311682064432828,0.012311682064432828,0.13163744585615667,-0.12260542720944478,-0.023964181608198465,0.21486318407960203,0.18000604047115676,0.5671881267549137,36191000.0,645788030.0,0.762,0.10176331399306343,0.06760186360141901,medium_factor_quality_value_momentum
ABR,False,0.32116158067989564,IGNORE,excluded_sector_or_industry;market_cap_too_small;debt_too_high_or_invalid,5.06,"Arbor Realty Trust, Inc.",Real Estate,REIT - Mortgage,NYSE,False,False,False,True,40.178588454721584,6.94043250093312,0.5206749068363956,0.054766420227268284,0.06099754590051281,0.06099754590051281,0.16320123212609894,0.16273444772993062,-0.29601517929478616,-0.326231691078562,-0.38888888888888884,-0.5053763440860215,396347000.0,973347687.0,1.114,0.05967736093588282,3.7413072531458313,medium_factor_quality_value_momentum
AMBQ,False,0.31941379926380026,IGNORE,negative_or_zero_fcf;market_cap_too_small;roic_too_low;wacc_out_of_range,88.56,"Ambiq Micro, Inc.",Technology,Semiconductors,NYSE,False,False,False,True,8.827194924861336,-0.9003252605593797,0.2184046805108506,0.3807909386034683,0.06871768256059853,0.06871768256059853,0.09211478576134668,0.05,0.05,2.6534653465346536,2.254685777287762,0.0,-21034000.0,1893036686.0,5.68119,0.0,0.004173360663305818,medium_factor_quality_value_momentum
CIXX,False,0.31726575442785887,IGNORE,not_actively_trading;excluded_sector_or_industry;market_cap_too_small;debt_too_high_or_invalid,11.42,CI Financial Corp.,Financial Services,Asset Management,NYSE,False,False,False,False,644.1189251435244,55.402707981044166,0.49656477329562326,0.03175149188080825,-0.1,-0.1,0.10615528659678675,-0.08176297979595215,-0.663675864529292,0.17008196721311486,0.0035149384885764245,-0.4506974506974507,384772000.0,2254799094.0,0.0,0.09656477329562324,5.1492709401592975,medium_factor_quality_value_momentum
BWSN,False,0.31686883204649013,IGNORE,not_actively_trading;negative_or_zero_fcf;market_cap_too_small;debt_too_high_or_invalid,25.18,"Babcock & Wilcox Enterprises, I",Technology,Consumer Electronics,NYSE,False,False,False,False,-11.0936379095992,-1.4405733879904368,0.2797638462519345,0.12017069158382125,0.007126515628628256,0.007126515628628256,-0.04646533983558643,0.05,0.05,0.010433386837881198,0.2047846889952154,0.03920759389186945,-85700000.0,2797498000.0,1.3790991,0.12263733062330623,-2.8016717325227964,medium_factor_quality_value_momentum
BUR,False,0.3159513767730768,IGNORE,excluded_sector_or_industry;negative_or_zero_fcf;market_cap_too_small;roic_too_low,4.28,Burford Capital Limited,Financial Services,Asset Management,NYSE,False,False,False,True,-14.336491976056413,-4.349647657957106,0.3022805209084582,0.06922731492200966,0.22176126995505907,0.22176126995505907,0.33150233245144634,0.05,0.2599210498948732,-0.4441558441558441,-0.5342763873775842,-0.6123188405797101,-29298000.0,937616668.0,1.062,0.01829075856155118,0.8801365020412398,medium_factor_quality_value_momentum
AXGN,False,0.31555115493468944,IGNORE,negative_or_zero_fcf;market_cap_too_small;roic_too_low,44.95,"AxoGen, Inc.",Healthcare,Medical - Devices,NASDAQ,False,False,False,True,-1.8103616140331282,-1.0402750080986236,0.20648280817895165,0.10734598897945605,0.0958486839851404,0.0958486839851404,0.15315953896656587,0.05,0.05,0.46036387264457446,0.43198470850589366,3.8385360602798713,-2933000.0,2390343189.0,1.118,0.0,0.5248783440825164,medium_factor_quality_value_momentum
BBY,False,0.31380704389491804,IGNORE,,76.01,"Best Buy Co., Inc.",Consumer Cyclical,Specialty Retail,NYSE,False,False,False,True,32.084168079590405,-0.5778954337641047,0.24276638492118355,0.10978898934287164,-0.1,-0.1,-0.05265119085528447,-0.1590200090939835,-0.15402240844065684,0.21035031847133778,0.06382085374387692,0.12175324675324672,1258000000.0,16020399670.0,1.33,0.1973463444353536,1.3943994601889338,medium_factor_quality_value_momentum
AUB,False,0.31281644435788614,IGNORE,excluded_sector_or_industry;market_cap_too_small,39.62,Atlantic Union Bankshares Corporation,Financial Services,Banks - Regional,NYSE,False,False,False,True,27.83250672034422,-0.29751371225784395,0.34046677175960216,0.14299119836503624,-0.009769112180746168,-0.009769112180746168,0.24822046425947364,-0.2858148531626191,-0.11167965358837639,0.1561132185585059,0.07400379506641364,0.3193473193473193,85435000.0,5670242925.0,0.798,0.13190293436754866,0.2990757027307857,medium_factor_quality_value_momentum
AVAV,False,0.31165092011632406,IGNORE,negative_or_zero_fcf;market_cap_too_small;roic_too_low,151.33,"AeroVironment, Inc.",Industrials,Aerospace & Defense,NASDAQ,False,False,False,True,-14.598098479728185,-1.0964653306001995,0.30678483841667836,0.12140675055621279,0.1182797196242568,0.1182797196242568,0.20063601842251955,0.05,0.05598670146411644,-0.23462472182884886,-0.3394587516368397,-0.20369395916649113,-24134000.0,7556512220.0,1.361,0.04394424674064984,0.07252170597637694,medium_factor_quality_value_momentum
AAT,False,0.30947041597619473,IGNORE,excluded_sector_or_industry;market_cap_too_small,24.24,"American Assets Trust, Inc.",Real Estate,REIT - Diversified,NYSE,False,False,False,True,25.714951027077433,0.06084781464840905,0.40838638626804236,0.06626424741094178,0.09232788953297569,0.09232788953297569,0.037946879876026296,0.10450086905840794,0.18283043955872613,0.3224222585924714,0.270440251572327,0.19232661091982295,94860000.0,1488115416.0,0.999,0.05292627866382223,1.4827587705082563,medium_factor_quality_value_momentum
CFFI,False,0.30929655902343567,IGNORE,excluded_sector_or_industry;market_cap_too_small;roic_too_low,75.73,C&F Financial Corporation,Financial Services,Banks - Regional,NASDAQ,False,False,False,True,128.764587535259,0.7003114688400767,0.5175261601586228,0.14135078948811816,-0.09240247226470379,-0.09240247226470379,0.07384469330483912,-0.38268334600362663,0.010524507204594746,0.04758611149536596,-0.011228619924272043,0.2627980656995166,22161000.0,246452834.0,0.353,0.0,0.43298453121836233,medium_factor_quality_value_momentum
CACI,False,0.3079229645451667,IGNORE,market_cap_too_small,449.72,CACI International Inc,Technology,Information Technology Services,NYSE,False,False,False,True,538.4608815908299,0.1973247389282884,0.49972927748642204,0.06493817186353214,0.04644719807088347,0.04644719807088347,0.09305440883854432,-0.018663289056079058,0.05089850722600553,-0.2583528480490781,-0.19800267498885415,-0.010604127249526973,481406000.0,9934901685.0,0.523,0.08858708572393646,0.8564653583961767,medium_factor_quality_value_momentum
AXSM,False,0.3063771515015,IGNORE,negative_or_zero_fcf;roic_too_low;debt_too_high_or_invalid,247.85,"Axsome Therapeutics, Inc.",Healthcare,Biotechnology,NASDAQ,False,False,False,True,-127.28976011040756,-1.5135757922550235,0.2,0.07502782123689826,0.3,0.3,1.3368040993215917,0.05,0.05,0.5794672444557738,0.674662162162162,1.4088832733987755,-93885000.0,12754303003.0,0.598,0.0,2.732827453423184,medium_factor_quality_value_momentum
BRSL,False,0.30595834419369494,IGNORE,negative_or_zero_fcf;market_cap_too_small;debt_too_high_or_invalid,10.95,Brightstar Lottery,Consumer Cyclical,"Gambling, Resorts & Casinos",NYSE,False,False,False,True,-145.5079548164587,-14.288397700133215,0.30495099091719496,0.05788356758440448,0.14912060222461546,0.14912060222461546,-0.11476739703793315,0.05985892881746713,0.810789110860435,-0.14386239249413602,-0.30165816326530615,-0.27048634243837444,-415000000.0,2014706553.0,0.972,0.1558303886925795,4.857142857142857,medium_factor_quality_value_momentum
CIFR,False,0.30575531943000006,IGNORE,excluded_sector_or_industry;negative_or_zero_fcf;roic_too_low;debt_too_high_or_invalid,28.14,Cipher Mining Inc.,Financial Services,Financial - Capital Markets,NASDAQ,False,False,False,True,-35.97469228542695,-2.2784183470300974,0.2,0.18943945384852848,0.3,0.3,3.1933738912812544,0.05,0.05,1.0085653104925054,0.9555246699096593,6.3858267716535435,-695859000.0,11510638860.0,3.203,0.0,3.435043790772592,medium_factor_quality_value_momentum
AYA,False,0.3056834582452231,IGNORE,negative_or_zero_fcf;market_cap_too_small,19.74,Aya Gold & Silver Inc.,Basic Materials,Other Precious Metals,NASDAQ,False,False,False,True,-0.14226126989502746,-1.0072067512611462,0.27515124863489493,0.14002966288974336,0.05000000000000001,0.05000000000000001,0.05,0.05,0.05,0.0,0.0,0.0,-4245000.0,2829723789.0,1.711,0.09573798721403533,0.2744898477218718,medium_factor_quality_value_momentum
CET,False,0.3051322028294982,IGNORE,excluded_sector_or_industry;market_cap_too_small,52.34,Central Securities Corp.,Financial Services,Asset Management,AMEX,False,False,False,True,18.76302634188513,-0.6415165009192754,0.2707583508466043,0.08449092629052052,-0.1,-0.1,-0.37741321130485583,-0.04863901499213008,-0.10978746347431467,0.06037277147487852,0.0474284570742447,0.11148863877681037,47061092.0,1546608530.0,0.744,0.1208728217734865,0.001526279025095628,medium_factor_quality_value_momentum
BVH,False,0.30504626187972783,IGNORE,not_actively_trading;negative_or_zero_fcf;market_cap_too_small;debt_too_high_or_invalid,75.0,Bluegreen Vacations Holding Corporation,Consumer Cyclical,"Gambling, Resorts & Casinos",NYSE,False,False,False,False,-59.939999550329645,-1.7991999940043952,0.20454422687972781,0.1094310457986352,0.09454613119648826,0.09454613119648826,-0.01313690349069696,0.15535330094260025,0.21870144595169072,1.2255192878338277,1.0193861066235863,1.7007562117392871,-27991000.0,1004070000.0,2.218,0.10999809568323955,5.208476057322614,medium_factor_quality_value_momentum
APGE,False,0.3035152045966606,IGNORE,negative_or_zero_fcf;market_cap_too_small;roic_too_low,132.55,"Apogee Therapeutics, Inc.",Healthcare,Biotechnology,NASDAQ,False,False,False,True,-79.68241818160259,-1.6011498919773866,0.1992657512089507,0.07708978251316188,0.05000000000000001,0.05000000000000001,0.05,0.05,0.05,1.007116898849182,0.7556291390728478,2.2187955318115593,-232597000.0,8205207259.0,0.619,0.0,0.00978998388065712,medium_factor_quality_value_momentum
CDNA,False,0.30349757063391597,IGNORE,market_cap_too_small;roic_too_low,25.05,"CareDx, Inc",Healthcare,Medical - Diagnostics & Research,NASDAQ,False,False,False,True,8.270286670927003,-0.6698488354919361,0.23115569894794752,0.18874000000000002,0.08763720181332903,0.08763720181332903,0.06395122403943776,0.14430997338740337,0.05,0.46064139941690985,0.2852744997434584,0.3163426169206516,36119000.0,1294069999.0,2.479,0.0,0.08642003820508676,medium_factor_quality_value_momentum
CALT,False,0.30107374164450007,IGNORE,excluded_adr;not_actively_trading;negative_or_zero_fcf;market_cap_too_small;roic_too_low;debt_too_high_or_invalid,40.0001,Calliditas Therapeutics AB (publ),Healthcare,Biotechnology,NASDAQ,False,False,True,False,-623.4552348977552,-16.586341906589112,0.2,0.10693870156330101,0.29379671019723824,0.29379671019723824,0.598542597943786,0.05,0.05,0.02590407796870986,0.8613308515588647,1.1896571544310448,-447442000.0,2147483289.0,1.457,0.0,2.924478653309678,medium_factor_quality_value_momentum
CACC,False,0.3009135484666009,IGNORE,excluded_sector_or_industry;market_cap_too_small;debt_too_high_or_invalid,577.53,Credit Acceptance Corporation,Financial Services,Financial - Credit Services,NASDAQ,False,False,False,True,901.0003369414526,0.5600926998449476,0.513134233125354,0.0895721256728512,0.0008144658324499404,0.0008144658324499404,0.057779487965600174,-0.0020784243199902797,-0.10877624320519019,0.3394174126814786,0.26390773405698775,0.14591559356336425,1052999999.0,6041004805.0,1.388,0.11231976729290409,4.1703202940404305,medium_factor_quality_value_momentum
BCAC,False,0.30027980650350006,IGNORE,not_actively_trading;excluded_sector_or_industry;negative_or_zero_fcf;market_cap_too_small;roic_too_low,22.71,Brookline Capital Acquisition Corp.,Financial Services,Shell Companies,NASDAQ,False,False,False,False,-6.512724439404558,-1.2867778264819267,0.2,0.04055476,0.05000000000000001,0.05000000000000001,0.05,0.05,0.05,1.2440711462450595,1.271,1.3091001525165225,-451526.0,559613007.0,0.009246,0.0,0.0,medium_factor_quality_value_momentum
CHTR,False,0.30026691800513433,IGNORE,debt_too_high_or_invalid,125.54,"Charter Communications, Inc.",Communication Services,Telecommunications Services,NASDAQ,False,False,False,True,773.7613841357263,5.163464904697517,0.4914051517831344,0.04740280993950703,-0.022438875078806993,-0.022438875078806993,0.01463254021326188,-0.15544784546468848,0.1029317499158775,-0.4106379982160462,-0.4012210245158828,-0.6673820311051055,4418000000.0,17723532444.0,0.707,0.09140515178313433,6.049644948299489,medium_factor_quality_value_momentum
CGEM,False,0.3001377575664644,IGNORE,negative_or_zero_fcf;market_cap_too_small;roic_too_low,17.3,"Cullinan Therapeutics, Inc.",Healthcare,Medical - Pharmaceuticals,NASDAQ,False,False,False,True,-319.2926298401388,-19.456221378042702,0.19950768233308053,0.04034778391372141,0.05000000000000001,0.05000000000000001,0.05,0.05,0.05,0.3579277864992152,0.8039624608967675,1.1200980392156863,-175799000.0,1063223400.0,0.007,0.0,0.006564235558926431,medium_factor_quality_value_momentum
ATCOL,False,0.2997353020817424,IGNORE,not_actively_trading;excluded_sector_or_industry;negative_or_zero_fcf;market_cap_too_small,25.323,Atlas Corp.,Financial Services,Asset Management,NASDAQ,False,False,False,False,-236.78112443165935,-10.350437327001515,0.24733191083897066,0.1134269285063699,0.16350912731293912,0.16350912731293912,0.12792577111198322,0.05,0.40493953068425936,0.007560684440907295,0.012395041983206623,0.01891348088531175,-1837200000.0,5174306250.0,0.807,0.08382278352603154,2.1115854244784154,medium_factor_quality_value_momentum
BIOA,False,0.29917792816339,IGNORE,negative_or_zero_fcf;market_cap_too_small;roic_too_low,21.47,"BioAge Labs, Inc.",Healthcare,Biotechnology,NASDAQ,False,False,False,True,-30.78863947225458,-2.434030715987638,0.19846719916486247,0.09684954167370101,0.05000000000000001,0.05000000000000001,0.05,0.05,0.05,0.11243523316062176,0.7455284552845527,3.8906605922551254,-82346000.0,808337663.0,0.94607973,0.0,0.02043734446850039,medium_factor_quality_value_momentum
ANRO,False,0.29865247442345033,IGNORE,negative_or_zero_fcf;market_cap_too_small;roic_too_low,22.93,"Alto Neuroscience, Inc.",Healthcare,Biotechnology,NYSE,False,False,False,True,-17.12868557992973,-1.7469989350165605,0.19781265300181286,0.11696318512336963,0.05000000000000001,0.05000000000000001,0.05,0.05,0.05,0.06800186306474165,0.26058273776800434,9.101321585903083,-51793000.0,804704044.0,1.253,0.0,0.029164626642495136,medium_factor_quality_value_momentum
CDW,False,0.29819886735448625,IGNORE,,123.57,CDW Corporation,Technology,Information Technology Services,NASDAQ,False,False,False,True,149.7041979642713,0.2114930643705697,0.49036544417590877,0.07950884399307795,0.05704570190657379,0.05704570190657379,0.018718990747858433,0.12281441315008101,0.035046057358743665,0.027438263906210958,-0.14002366205024708,-0.2731176470588236,1088100000.0,15786493940.0,0.987,0.14872251652110713,2.4292621158052263,medium_factor_quality_value_momentum
CBK,False,0.29746189172596016,IGNORE,excluded_sector_or_industry;market_cap_too_small,31.17,"Commercial Bancgroup, Inc. Common Stock",Financial Services,Banks,NASDAQ,False,False,False,True,22.56610816383261,-0.2760311785745073,0.3299293670305674,0.11297020424756729,0.05192713095032609,0.05192713095032609,0.08272325246594359,-0.0069065896490924095,0.07858546881821882,0.2675884505896706,0.22283248332679495,0.0,35229380.0,427068555.0,0.6823082,0.08230558407533943,0.5852116875372689,medium_factor_quality_value_momentum
ABVX,False,0.29728166948056417,IGNORE,excluded_adr;negative_or_zero_fcf;market_cap_too_small;roic_too_low,101.66,Abivax S.A.,Healthcare,Biotechnology,NASDAQ,False,False,True,True,-2299.220557533127,-23.61676723916119,0.1924360663407052,0.03110181128044309,0.05000000000000001,0.05000000000000001,0.05,0.05,0.05,-0.15522685723782625,-0.08265656018769174,15.803305785123968,-155828179.0,6665632816.0,-0.2,0.0,0.10085244879059718,medium_factor_quality_value_momentum
BIPC,False,0.29418283982279175,IGNORE,market_cap_too_small;debt_too_high_or_invalid,37.86,Brookfield Infrastructure Corporation,Utilities,Regulated Gas,NYSE,False,False,False,True,-87.80731055413368,-3.3192633532523423,0.27931126713209264,0.08215073532342329,-0.1,-0.1,0.23038690837508957,-0.15247533724866535,-0.9457202505219207,-0.0731946144430845,-0.15320957280250502,-0.06518518518518523,218763688.0,4542518520.0,1.289,0.12931126713209262,-10.233403977677622,medium_factor_quality_value_momentum
BFS,False,0.29404556792557357,IGNORE,excluded_sector_or_industry;market_cap_too_small;roic_too_low;debt_too_high_or_invalid,35.77,"Saul Centers, Inc.",Real Estate,REIT - Retail,NYSE,False,False,False,True,83.64321785124748,1.3383622547175698,0.45761871047439295,0.05561960938421161,0.007893803970513908,0.007893803970513908,0.05070840536571675,-0.04179643455834092,-0.0032000410266095347,0.1046942557134034,0.11433021806853594,0.024048096192384794,99796000.0,877389238.0,0.894,0.04972490650387899,5.20369696575921,medium_factor_quality_value_momentum
AMBA,False,0.29395147992707277,IGNORE,market_cap_too_small;roic_too_low,70.71,"Ambarella, Inc.",Technology,Semiconductors,NASDAQ,False,False,False,True,19.763111398664385,-0.7205047178805772,0.24061260762984557,0.16876000000000002,0.09230669578547723,0.09230669578547723,0.04165520920299293,0.18804647508577443,0.05,0.3089596445760827,0.010431551871963318,0.3374314355967467,58005000.0,3101919361.0,2.146,0.0,0.022587842075088814,medium_factor_quality_value_momentum
CCCX,False,0.2938463666050664,IGNORE,not_actively_trading;excluded_sector_or_industry;negative_or_zero_fcf;market_cap_too_small;roic_too_low;wacc_out_of_range,13.66,Churchill Capital Corp X,Financial Services,Shell Companies,NASDAQ,False,False,False,False,15.909400087798812,0.16467057743768754,0.465868230975075,0.504640996,0.05000000000000001,0.05000000000000001,0.05,0.05,0.05,-0.14943960149439595,0.34714003944773175,0.0,-2272729.0,705080762.0,7.7440166,0.0,0.0,medium_factor_quality_value_momentum
ACRS,False,0.29339224100117706,IGNORE,negative_or_zero_fcf;market_cap_too_small;roic_too_low,4.84,"Aclaris Therapeutics, Inc.",Healthcare,Biotechnology,NASDAQ,False,False,False,True,-6.569330104146229,-2.3572996082946753,0.1927924908937694,0.08773717516433575,0.044332041930807885,0.044332041930807885,0.03724709434431772,0.05,0.05,0.31165311653116534,0.5973597359735974,2.408450704225352,-47113000.0,583679800.0,0.797,0.0,0.02052734716051299,medium_factor_quality_value_momentum
BANR,False,0.2925564742243407,IGNORE,excluded_sector_or_industry;market_cap_too_small,65.54,Banner Corporation,Financial Services,Banks - Regional,NASDAQ,False,False,False,True,56.63509028696753,-0.13586984609448383,0.3913723024104714,0.14515270691806736,0.015786097168386443,0.015786097168386443,0.067621333303578,-0.03930380281263279,-0.005249525130467836,0.1286378508696402,-0.021645021645021467,0.05369774919614145,247950000.0,2226256166.0,0.835,0.09429298767953524,0.19145125332875712,medium_factor_quality_value_momentum
AVBH,False,0.2914119468372031,IGNORE,excluded_sector_or_industry;negative_or_zero_fcf;market_cap_too_small;roic_too_low,32.05,"Avidbank Holdings, Inc.",Financial Services,Banks - Regional,NASDAQ,False,False,False,True,-1.448665399924672,-1.0452001684843892,0.24824663263159163,0.16719049905851935,0.10411895760961493,0.10411895760961493,0.08894430015005872,0.11782079270713819,0.11391551988244242,0.1870370370370369,0.17141812865497075,0.0,0.0,278908459.0,0.341,0.0,0.07829766637364358,medium_factor_quality_value_momentum
ADAM,False,0.288746976901338,IGNORE,excluded_sector_or_industry;market_cap_too_small;roic_too_low;debt_too_high_or_invalid,8.94,"Adamas Trust, Inc.",Real Estate,REIT - Mortgage,NASDAQ,False,False,False,True,50.16036851313633,4.610779475742319,0.43352568583856077,0.0381219887203987,0.02226021696355432,0.02226021696355432,0.2064799880584518,-0.02431547353815,-0.2763157894736842,0.21632653061224483,0.19839142091152806,0.3303571428571428,125886000.0,803358306.0,1.252,0.011265468875006384,7.710853851857355,medium_factor_quality_value_momentum
ARMP,False,0.2882182249968478,IGNORE,negative_or_zero_fcf;market_cap_too_small;roic_too_low;debt_too_high_or_invalid,6.87,"Armata Pharmaceuticals, Inc.",Healthcare,Biotechnology,AMEX,False,False,False,True,-22.632864082774276,-4.294448920345601,0.1880921233988478,0.08190855305746196,0.03809212339884778,0.03809212339884778,0.023207277647407487,0.05,0.05,-0.18116805721096552,0.21378091872791516,2.5968586387434556,-26305000.0,252203196.0,1.2230481,0.0,-1.3175812915149407,medium_factor_quality_value_momentum
BRDG,False,0.28764911818329525,IGNORE,not_actively_trading;excluded_sector_or_industry;market_cap_too_small;debt_too_high_or_invalid,9.6,Bridge Investment Group Holdings Inc.,Financial Services,Asset Management,NYSE,False,False,False,False,40.40626690034609,3.208986135452718,0.4587758386419927,0.07959603629745643,-0.1,-0.1,0.10752238202700348,0.02836735910289656,-0.7319516160940628,0.04347826086956519,-0.08484270734032417,0.16788321167883202,145205000.0,329769158.0,1.423,0.05877583864199266,5.3621303477458255,medium_factor_quality_value_momentum
ATXS,False,0.2871835054075905,IGNORE,not_actively_trading;negative_or_zero_fcf;market_cap_too_small;roic_too_low,12.58,"Astria Therapeutics, Inc.",Healthcare,Biotechnology,NASDAQ,False,False,False,False,-141.74530849816645,-12.26751259921832,0.19874249443248984,0.04114,0.05000000000000001,0.05000000000000001,0.05,0.05,0.05,0.030303030303030276,0.9176829268292683,0.6773333333333333,-81537000.0,718127262.0,0.019,0.0,0.016766740900135624,medium_factor_quality_value_momentum
BHE,False,0.2871601637072927,IGNORE,market_cap_too_small,93.66,"Benchmark Electronics, Inc.",Technology,"Hardware, Equipment & Parts",NYSE,False,False,False,True,21.55349542529723,-0.7698751289205933,0.1799160382435708,0.11157061320388183,-0.02104473187632489,-0.02104473187632489,0.04203426374286634,-0.059427234592640765,-0.08962896904023354,0.7334813992226539,1.1199637845178811,1.4836913285600635,85420000.0,3360239820.0,1.285,0.057736066012180294,0.3709337035814596,medium_factor_quality_value_momentum
AMPL,False,0.2869941843619581,IGNORE,market_cap_too_small;roic_too_low,6.46,"Amplitude, Inc.",Technology,Software - Application,NASDAQ,False,False,False,True,4.908786001400367,-0.24012600597517542,0.3899296456336329,0.12616839863148432,0.13890489701247813,0.13890489701247813,0.19685786061055444,0.12090421022336173,0.05,-0.0784593437945792,-0.43777197563098347,-0.4492753623188406,28203000.0,858333081.0,1.453,0.0,0.03899798651700048,medium_factor_quality_value_momentum
CABO,False,0.2866899440641046,IGNORE,market_cap_too_small,40.93,"Cable One, Inc.",Communication Services,Telecommunications Services,NYSE,False,False,False,True,4817.911566675489,116.71100822564107,0.4702447061273855,0.034866472418785356,-0.1,-0.1,-0.016667329164838485,-0.034358062726267624,-0.6163520788103671,-0.5666031342651419,-0.6941185262685898,-0.6752875842919477,278075000.0,232189751.0,0.538,0.07024470612738547,2.2278476156463487,medium_factor_quality_value_momentum
ADCT,False,0.2865130919227447,IGNORE,negative_or_zero_fcf;market_cap_too_small;roic_too_low;debt_too_high_or_invalid,1.09,ADC Therapeutics S.A.,Healthcare,Biotechnology,NYSE,False,False,False,True,-24.834485294885578,-23.783931463197778,0.2864437728277447,0.10564491609933704,0.1364437728277447,0.1364437728277447,0.24449848886242553,0.05,0.05,-0.7176165803108808,-0.7029972752043596,-0.6402640264026402,-141438000.0,138638190.0,1.766,0.0,-2.3623825564751337,medium_factor_quality_value_momentum
CCSI,False,0.28582568285226334,IGNORE,market_cap_too_small;debt_too_high_or_invalid,33.17,"Consensus Cloud Solutions, Inc.",Technology,Software - Infrastructure,NASDAQ,False,False,False,True,22.419258452605664,-0.32411038731969666,0.2847530786967545,0.1043485438115646,-0.07112124821430886,-0.07112124821430886,-0.0021106585851335957,-0.14616885495225074,-0.09657101736574658,0.24232209737827715,0.4248281786941581,0.49347140927510136,105853000.0,610260002.0,1.925,0.21439723362463314,42.14426777027518,medium_factor_quality_value_momentum
ABCB,False,0.28523636845553485,IGNORE,excluded_sector_or_industry;market_cap_too_small,87.36,Ameris Bancorp,Financial Services,Banks - Regional,NYSE,False,False,False,True,31.21703076250651,-0.6426621936526269,0.2266092342793515,0.14039310589911677,-0.036258858263182134,-0.036258858263182134,0.12531503958081314,-0.2936566916175245,0.026690096080340897,0.17277486910994777,0.1270803767255837,0.44015825914935713,369644000.0,5878673062.0,0.928,0.09028094482697288,0.18228947396828482,medium_factor_quality_value_momentum
AES,False,0.2848600675637858,IGNORE,negative_or_zero_fcf;roic_too_low;debt_too_high_or_invalid,14.65,The AES Corporation,Utilities,Independent Power Producers,NYSE,False,False,False,True,-269.92172834654514,-19.424691354712976,0.23662024194240283,0.05366647739647236,0.22658311179599275,0.22658311179599275,0.02362870349046986,0.05,0.8973665961010275,0.03900709219858167,0.08679525222551931,0.39258555133079853,-1623000000.0,10447760495.0,0.946,0.036620241942402834,4.403513866705387,medium_factor_quality_value_momentum
ADV,False,0.28283016586259246,IGNORE,market_cap_too_small;roic_too_low;wacc_out_of_range,35.84,Advantage Solutions Inc.,Communication Services,Advertising Agencies,NASDAQ,False,False,False,True,27.690737149239208,-0.22737898579131677,0.29605517000070974,0.3873137876637305,-0.03309757971551999,-0.03309757971551999,-0.004166097308785477,-0.12707127606817936,0.05,0.8637545501820074,0.6842105263157896,-0.09265822784810118,55055000.0,476502835.0,2.129,0.03880067288070156,0.023918780846201335,medium_factor_quality_value_momentum
ATKR,False,0.2819932395824748,IGNORE,market_cap_too_small,81.95,Atkore Inc.,Industrials,Electrical Equipment & Parts,NYSE,False,False,False,True,62.781963782020966,-0.2338991606830877,0.309382677137512,0.11751931265075324,-0.04222817442567268,-0.04222817442567268,-0.006695673523526069,-0.12675003922544859,0.013489620969697969,0.46026372059871723,0.28589361368272415,0.22881991303043936,295654000.0,2767227449.0,1.672,0.10292049409310422,0.6663753690980956,medium_factor_quality_value_momentum
AEO,False,0.2813634464245524,IGNORE,market_cap_too_small,17.79,"American Eagle Outfitters, Inc.",Consumer Cyclical,Apparel - Retail,NYSE,False,False,False,True,9.269757647734677,-0.47893436493902886,0.23433125899839066,0.10798770200741724,0.07619993107056725,0.07619993107056725,0.023413730274292277,0.2933698566518339,-0.14398255570878282,0.03310104529616731,-0.33915304606240726,0.8569937369519831,195387000.0,2981129594.0,1.307,0.07655365327454847,1.02464772494818,medium_factor_quality_value_momentum
AVBP,False,0.28039175561686525,IGNORE,negative_or_zero_fcf;market_cap_too_small;roic_too_low,32.7,"ArriVent BioPharma, Inc.",Healthcare,Biotechnology,NASDAQ,False,False,False,True,-66.49298646374707,-3.03342466249991,0.19999658229825795,0.09280000000000001,0.05000000000000001,0.05000000000000001,0.05,0.05,0.05,0.4850136239782017,0.47032374100719454,0.3137806347930896,-160588000.0,1523000146.0,0.88,0.0,4.5569356560685366e-05,medium_factor_quality_value_momentum
ATO,False,0.2803101068921918,IGNORE,negative_or_zero_fcf,169.59,Atmos Energy Corporation,Utilities,Regulated Gas,NYSE,False,False,False,True,-436.73812753886455,-3.5752587271588214,0.23024761412823547,0.06135724908004179,0.07587135151798709,0.07587135151798709,0.08387560330016508,0.05,0.09866987523061166,-0.060391157404842355,0.002482709700301511,0.11286829844477997,-1511943000.0,28307932613.0,0.601,0.05583791986980281,0.6861554301273924,medium_factor_quality_value_momentum
CGCT,False,0.27957998505133175,IGNORE,not_actively_trading;excluded_sector_or_industry;negative_or_zero_fcf;market_cap_too_small;roic_too_low,14.46,Cartesian Growth Corporation III,Financial Services,Shell Companies,NASDAQ,False,False,False,False,-0.7372979825512862,-1.0509887954738095,0.2,0.070465534,0.05000000000000001,0.05000000000000001,0.05,0.05,0.05,0.4220272904483431,0.44312561819980223,0.4445544554455445,-504499.0,399096000.0,0.5077589,0.0,0.0,medium_factor_quality_value_momentum
AAN,False,0.2793489348489812,IGNORE,not_actively_trading;market_cap_too_small;roic_too_low,10.09,"The Aaron's Company, Inc.",Industrials,Rental & Leasing Services,NYSE,False,False,False,False,15.820797500501314,0.5679680377107348,0.49514598953795663,0.07783602183544243,-0.1,-0.1,0.04645395478464853,-0.05103367527475455,-0.6687054217754604,0.011022044088176308,0.38980716253443526,0.0264496439471007,85999000.0,318347572.0,1.421,0.008232897710948022,0.8411587756398858,medium_factor_quality_value_momentum
ALXO,False,0.27932994198213656,IGNORE,negative_or_zero_fcf;market_cap_too_small;roic_too_low,1.63,ALX Oncology Holdings Inc.,Healthcare,Biotechnology,NASDAQ,False,False,False,True,-42.29669768940713,-26.948894287979837,0.18493995612178132,0.0711379755280404,0.05000000000000001,0.05000000000000001,0.05,0.05,0.05,-0.25229357798165153,0.12413793103448278,2.3504624871531345,-84354000.0,219337555.0,0.451,0.0,0.20080058504291598,medium_factor_quality_value_momentum
ADNT,False,0.2785037522593422,IGNORE,market_cap_too_small,20.59,Adient plc,Consumer Cyclical,Auto - Parts,NYSE,False,False,False,True,21.90014805203933,0.06363030850118179,0.4060373235060834,0.09290988920390014,0.024173999988296817,0.024173999988296817,0.015271592434465298,0.6312133602894754,-0.8685802253558079,0.05158324821246185,0.0553562275756021,0.08999470619375316,204000000.0,1614531638.0,1.509,0.10820904836193447,1.357304643261608,medium_factor_quality_value_momentum
CBAY,False,0.27835855162785506,IGNORE,not_actively_trading;negative_or_zero_fcf;market_cap_too_small;roic_too_low,32.48,"CymaBay Therapeutics, Inc.",Healthcare,Biotechnology,NASDAQ,False,False,False,False,-22.101891231941742,-1.680476946796236,0.1706180540348188,0.06133091893358199,0.05000000000000001,0.05000000000000001,0.05,0.05,0.05,0.4617461746174616,1.208021753908905,2.6290502793296087,-72976000.0,3728216800.0,0.32,0.0,0.39175927953574946,medium_factor_quality_value_momentum
BSIG,False,0.2783570019009693,IGNORE,not_actively_trading;excluded_sector_or_industry;market_cap_too_small;debt_too_high_or_invalid,26.34,BrightSphere Investment Group Inc.,Financial Services,Asset Management,NYSE,False,False,False,False,2.486734853231328,-0.9055909319198433,0.25,0.11012159059255933,-0.09501117516813769,-0.09501117516813769,-0.08410629688099047,-0.10160017531074028,-0.10693743152852819,-0.020745293891663574,-0.0196153846153847,0.1523508137432188,45900000.0,982953486.0,1.421,0.35070173743677086,17.08,medium_factor_quality_value_momentum
ALHC,False,0.2779949033152434,IGNORE,market_cap_too_small;roic_too_low,21.29,"Alignment Healthcare, Inc.",Healthcare,Medical - Healthcare Plans,NASDAQ,False,False,False,True,16.13441550952086,-0.24215991030902484,0.29772677629271516,0.10408674662577791,0.18602048321657272,0.18602048321657272,0.3560460872372886,0.05,0.05,0.2277970011534025,0.03600973236009719,0.4784722222222222,113146000.0,4401363092.0,1.149,0.0,1.8857299040033022,medium_factor_quality_value_momentum
AOSL,False,0.2775220197626593,IGNORE,negative_or_zero_fcf;market_cap_too_small;roic_too_low,49.36,Alpha and Omega Semiconductor Limited,Technology,Semiconductors,NASDAQ,False,False,False,True,1.846938962551365,-0.9625822738543078,0.17585475473168755,0.19195877552987892,0.03049776996154606,0.03049776996154606,0.01461769548142322,0.44263435871815004,-0.5559469642131142,1.3707973102785784,1.4618453865336658,1.0229508196721313,-7512000.0,1477323970.0,2.567,0.0,0.06190686973144666,medium_factor_quality_value_momentum
CDMO,False,0.27620216546459253,IGNORE,not_actively_trading;negative_or_zero_fcf;market_cap_too_small;roic_too_low;debt_too_high_or_invalid,12.49,"Avid Bioservices, Inc.",Healthcare,Biotechnology,NASDAQ,False,False,False,False,-15.1613831926846,-2.2138817608234267,0.2,0.10768937647152739,0.3,0.3,0.23727359646845425,9.579652605459057,-0.6028777352124863,0.20793036750483562,0.21498054474708184,0.992025518341308,-20853000.0,798901617.0,1.405,0.0,3.413325888091445,medium_factor_quality_value_momentum
AFRM,False,0.27491821269741495,IGNORE,roic_too_low;debt_too_high_or_invalid,72.2,"Affirm Holdings, Inc.",Technology,Software - Infrastructure,NASDAQ,False,False,False,True,9.217413089145351,-0.8723349987652999,0.2,0.20842231319112667,0.3,0.3,0.38731450977606485,1.0688896376726884,0.05,0.6480255649395115,0.002220988339811214,0.17055771725032431,601720000.0,24179675093.0,3.699,0.0,2.5589061485319853,medium_factor_quality_value_momentum
BLDP,False,0.2725554848023892,IGNORE,negative_or_zero_fcf;market_cap_too_small;roic_too_low,4.32,Ballard Power Systems Inc.,Industrials,Industrial - Machinery,NASDAQ,False,False,False,True,-0.108762751302121,-1.025176562801417,0.1713413488598932,0.1549505655579925,0.024156089402373328,0.024156089402373328,-0.008148798844660021,0.05,0.05,0.7925311203319503,0.707509881422925,1.7000000000000002,-67166561.0,1302375668.0,1.903,0.0,0.037529873899734965,medium_factor_quality_value_momentum
AWR,False,0.27189235210447416,IGNORE,negative_or_zero_fcf;market_cap_too_small,77.66,American States Water Company,Utilities,Regulated Water,NYSE,False,False,False,True,-29.841585141498353,-1.384259401770517,0.22623939755986727,0.06704940618069676,0.06457827480094011,0.06457827480094011,0.07170528169902934,0.05,0.07219167320617181,0.07265193370165735,0.04776038855909315,-0.0037203335471457377,-7092000.0,3043701432.0,0.593,0.07928737559598738,0.9016833711608028,medium_factor_quality_value_momentum
ATRI,False,0.26998455948190014,IGNORE,not_actively_trading;negative_or_zero_fcf;market_cap_too_small,459.92,Atrion Corporation,Healthcare,Medical - Instruments & Supplies,NASDAQ,False,False,False,False,-18.328389144611666,-1.0398512548804393,0.23261989378881634,0.08127999999999999,-0.013106189050046376,-0.013106189050046376,0.022237400103865212,0.021366717832852045,-0.13550272768221716,-0.0007170016295491299,0.2815782874021233,-0.010818367566404974,-2313000.0,809436204.0,0.688,0.08269400171465902,0.0009881056779022517,medium_factor_quality_value_momentum
AGNC,False,0.26945870126600496,IGNORE,excluded_sector_or_industry;roic_too_low;debt_too_high_or_invalid,10.38,AGNC Investment Corp.,Real Estate,REIT - Mortgage,NASDAQ,False,False,False,True,58.2803197500509,4.6146743497158855,0.4317419182711548,0.03222711088675925,-0.09382636652698109,-0.09382636652698109,-0.05661784790214219,-0.2487275089244121,0.06410830981948767,0.06461538461538474,-0.005747126436781436,0.12095032397408212,653000000.0,11915505843.0,1.312,0.03174191827115479,8.213830388122327,medium_factor_quality_value_momentum
BKD,False,0.269031637711059,IGNORE,market_cap_too_small;roic_too_low;debt_too_high_or_invalid,13.99,Brookdale Senior Living Inc.,Healthcare,Medical - Care Facilities,NYSE,False,False,False,True,-23.74083516796701,-2.6969860734786995,0.19451964416905929,0.051907498545770314,0.04238058538817136,0.04238058538817136,0.03285631712338555,0.05,0.05,0.0181950509461426,0.3260663507109005,1.0453216374269005,16505000.0,3341073963.0,0.623,0.002139058780887927,-148.9065314057158,medium_factor_quality_value_momentum
CAEP,False,0.2689724170524468,IGNORE,not_actively_trading;excluded_sector_or_industry;negative_or_zero_fcf;market_cap_too_small;roic_too_low,15.0,"Cantor Equity Partners III, Inc. Class A Ordinary Shares",Financial Services,Shell Companies,NASDAQ,False,False,False,False,-0.07065135440055714,-1.0047100902933706,0.19991650661765142,0.04534010456947361,0.05000000000000001,0.05000000000000001,0.05,0.05,0.05,0.46627565982404695,0.46771037181996067,0.0,-29729.0,526200000.0,0.08944949,0.0,0.0011132450979812114,medium_factor_quality_value_momentum
BEPC,False,0.26854344936118785,IGNORE,negative_or_zero_fcf;market_cap_too_small;debt_too_high_or_invalid,37.94,Brookfield Renewable Corporation,Utilities,Renewable Utilities,NYSE,False,False,False,True,-162.22370361788953,-5.275796089032408,0.23464488804204914,0.0727091046912467,-0.0881144446459047,-0.0881144446459047,0.021269706526949594,0.010704734177887643,-0.45511151522730176,-0.01658890616899955,0.019070641955412304,0.19496062992125984,-633000000.0,5602292714.0,1.15,0.08464488804204916,-38.33497536945813,medium_factor_quality_value_momentum
BATRA,False,0.2678828659644952,IGNORE,negative_or_zero_fcf;market_cap_too_small;roic_too_low,55.29,"Atlanta Braves Holdings, Inc.",Communication Services,Entertainment,NASDAQ,False,False,False,True,-25.29141188490764,-1.4574319385948207,0.18946429651609098,0.08002949294824915,0.14834541078798666,0.14834541078798666,0.06766606316185886,0.3214814814814815,0.05,0.20117314794699115,0.26724730689892273,0.19365284974093266,-26097000.0,3488041748.0,0.812,0.010479735457217523,1.591477996388176,medium_factor_quality_value_momentum
BJ,False,0.267285449029111,IGNORE,,83.82,"BJ's Wholesale Club Holdings, Inc.",Consumer Defensive,Discount Stores,NYSE,False,False,False,True,83.22339812649655,-0.007117655374653364,0.4035197297391982,0.05318949804088743,0.012617894045268713,0.012617894045268713,0.06519056403226786,-0.10982444180060447,0.09113605784008016,-0.13623248145094824,-0.12605567719737254,-0.22589582563723687,331003000.0,10703309990.0,0.228,0.13277764388673932,1.1870499472393123,medium_factor_quality_value_momentum
AXTA,False,0.26686162375490247,IGNORE,market_cap_too_small,34.33,Axalta Coating Systems Ltd.,Basic Materials,Chemicals - Specialty,NYSE,False,False,False,True,22.885417850680664,-0.3333697101462084,0.25710674238832854,0.0944934926276535,0.044459245625458006,0.044459245625458006,0.03750851778748232,0.00903026160020648,0.11150417733928664,0.349449685534591,0.07617554858934161,0.16768707482993195,453000000.0,7347264305.0,1.262,0.10443527851956366,1.4458653026427963,medium_factor_quality_value_momentum
BBDO,False,0.2668367509173485,IGNORE,excluded_adr;excluded_sector_or_industry;roic_too_low;debt_too_high_or_invalid;wacc_out_of_range,2.95,Banco Bradesco S.A.,Financial Services,Banks - Regional,NYSE,False,False,True,True,-0.27614749107931735,-1.093609319009938,0.22432989968806927,0.8841890222683993,0.3,0.3,38.37320800308115,0.2395221256661113,0.01968156294995982,-0.03908794788273606,0.027874564459930307,0.08455882352941169,46185768000.0,31198546386.0,0.256,0.02432989968806927,4.449389700142771,medium_factor_quality_value_momentum
CE,False,0.26584353232330277,IGNORE,market_cap_too_small;roic_too_low;debt_too_high_or_invalid,49.73,Celanese Corporation,Basic Materials,Chemicals,NYSE,False,False,False,True,100.76318941969589,1.0262052969977056,0.4385451653944021,0.059115942418277494,-0.017809884138420252,-0.017809884138420252,0.02826792107655174,-0.11175768490255844,0.030956206577843037,-0.12677787532923623,0.19629540534038958,-0.08567751424894288,803000000.0,5453518064.0,0.738,0.03854516539440204,3.1943689799950605,medium_factor_quality_value_momentum
BNTC,False,0.2656799501065094,IGNORE,negative_or_zero_fcf;market_cap_too_small;roic_too_low,12.3,Benitec Biopharma Inc.,Healthcare,Biotechnology,NASDAQ,False,False,False,True,-29.28299706297201,-3.38073146853431,0.23377623238285783,0.05686000000000001,0.08443068533521923,0.08443068533521923,0.12746904200424325,0.05,0.05,0.12021857923497259,0.13994439295644123,-0.17670682730923692,-23606000.0,322838666.0,0.281,0.0,0.008726039364818337,medium_factor_quality_value_momentum
CCC,False,0.26534655442442173,IGNORE,market_cap_too_small;roic_too_low,4.29,CCC Intelligent Solutions Holdings Inc.,Technology,Software - Infrastructure,NASDAQ,False,False,False,True,6.918003122215614,0.6125881403766,0.5172201550471404,0.061716509791561874,-0.04950849920909665,-0.04950849920909665,0.11320795224806934,0.30053056604195105,-0.9,-0.3091787439613527,-0.45210727969348663,-0.5445859872611465,254508000.0,2517974899.0,0.523,0.024400431038880722,0.7624036798898719,medium_factor_quality_value_momentum
AXON,False,0.2621710446557418,IGNORE,roic_too_low,410.03,"Axon Enterprise, Inc.",Industrials,Aerospace & Defense,NASDAQ,False,False,False,True,10.715802735731401,-0.9738658080244582,0.23681261978232593,0.12094617046356268,0.13098157006940522,0.13098157006940522,0.3394991860573524,0.0029011427943703705,-0.09393302099393697,-0.1737763717331292,-0.2544909090909091,-0.46803928437058084,75081000.0,33049269632.0,1.422,0.0,0.5889193371610574,medium_factor_quality_value_momentum
AAPG,False,0.26111216342455634,IGNORE,excluded_adr;negative_or_zero_fcf;market_cap_too_small;roic_too_low,17.13,Ascentage Pharma Group International,Healthcare,Biotechnology,NASDAQ,False,False,True,True,-2530.369949046332,-148.71570046972167,0.23789491521132042,0.04708338719090734,0.3,0.3,1.1150059614255219,0.05,0.05,-0.10361067503924648,-0.3991581901087339,-0.5225752508361204,-1201699000.0,1592462511.0,0.652,0.0,1.4947344638490612,medium_factor_quality_value_momentum
CBAN,False,0.26052368008557525,IGNORE,excluded_sector_or_industry;negative_or_zero_fcf;market_cap_too_small,20.71,"Colony Bankcorp, Inc.",Financial Services,Banks - Regional,NYSE,False,False,False,True,-4.975695470225406,-1.2402556962928732,0.2041089110866031,0.11626471253149319,0.031551340010449354,0.031551340010449354,0.14873550894614196,-0.09651792647838742,-0.010713098127680731,0.08828166053599573,0.12371134020618557,0.3553664921465969,-6899000.0,368437154.0,0.554,0.07405203798400646,0.6865928921047031,medium_factor_quality_value_momentum
BHF,False,0.2604056402343274,IGNORE,excluded_sector_or_industry;negative_or_zero_fcf;market_cap_too_small,63.05,"Brighthouse Financial, Inc.",Financial Services,Insurance - Life,NASDAQ,False,False,False,True,-6.4052761290980635,-1.1015904223488988,0.22267643050873553,0.06709152517658744,0.011077906642924441,0.011077906642924441,0.14727648524722214,0.05,-0.31970239060128436,0.062342038753159246,-0.03223330775134314,0.0710039069135382,-102000000.0,3621956744.0,0.873,0.09656084656084656,0.4661643026004728,medium_factor_quality_value_momentum
AENT,False,0.26006090740301113,IGNORE,market_cap_too_small,5.67,Alliance Entertainment Holding Corporation,Communication Services,Entertainment,NASDAQ,False,False,False,True,4.568995678887079,-0.1941806562809384,0.3321543980953493,0.07662201097533215,-0.1,-0.1,-0.053232152089718876,-0.28781725734578434,-0.2530992089071392,-0.13960546282245823,-0.20476858345021043,0.8590163934426229,26755000.0,289026152.0,0.417,0.12589905796487721,0.8809652980953673,medium_factor_quality_value_momentum
CCI,False,0.2600268028801427,IGNORE,excluded_sector_or_industry;debt_too_high_or_invalid,83.12,Crown Castle Inc.,Real Estate,REIT - Specialty,NYSE,False,False,False,True,53.49429953865947,-0.35642084289389475,0.28151428371024056,0.07048122915399568,-0.04098867844265811,-0.04098867844265811,-0.09435614556895133,0.17701367565472692,-0.2612572753361492,0.00922778047595929,-0.05813031161473081,-0.16361440933789484,2875000000.0,36277888827.0,0.948,0.07408262086779843,-18.083180428134558,medium_factor_quality_value_momentum
BATRK,False,0.259723084395542,IGNORE,negative_or_zero_fcf;market_cap_too_small;roic_too_low,50.89,"Atlanta Braves Holdings, Inc.",Communication Services,Entertainment,NASDAQ,False,False,False,True,-24.99133291223713,-1.4910853392068604,0.1810692347876959,0.07943351669252556,0.13995034905959158,0.13995034905959158,0.06766606316185886,0.2962962962962963,0.05,0.22685631629701075,0.2668658202638785,0.16506410256410264,-26097000.0,3210462011.0,0.812,0.010479735457217523,1.591477996388176,medium_factor_quality_value_momentum
BWIN,False,0.25753562523057444,IGNORE,excluded_sector_or_industry;negative_or_zero_fcf;market_cap_too_small;roic_too_low;debt_too_high_or_invalid,23.52,"The Baldwin Insurance Group, Inc.",Financial Services,Insurance - Brokers,NASDAQ,False,False,False,True,-71.31778972237456,-4.032218950781232,0.23844652040865372,0.08321285043909288,0.24402344509075888,0.24402344509075888,0.28036613350523054,0.3249154905986358,0.05,0.08687615526802217,0.03293807641633739,-0.4024390243902439,-68945000.0,1760951455.0,1.147,0.03844652040865372,2.949679698108178,medium_factor_quality_value_momentum
AIR,False,0.25645316929651873,IGNORE,market_cap_too_small,134.28,AAR Corp.,Industrials,Aerospace & Defense,NYSE,False,False,False,True,-26.24963857619548,-1.195484350433389,0.14081376940343468,0.10120778916731235,-0.1,-0.1,0.13896007109310538,-0.7538758961825212,-0.23083943268654128,0.32517517023586295,0.6534909493904693,1.0056758775205377,1400000.0,5339545907.0,1.14,0.05566190410135479,0.8646417959722681,medium_factor_quality_value_momentum
ARCB,False,0.2561355751506703,IGNORE,market_cap_too_small;roic_too_low,145.6,ArcBest Corporation,Industrials,Trucking,NASDAQ,False,False,False,True,4.886232625338264,-0.9664407099908087,0.14677102157596122,0.12059011572570029,-0.1,-0.1,0.01581578863387545,-0.1991687764862483,-0.24303709048457478,0.6624800182690112,0.8309859154929577,1.1345843717929922,100787000.0,3241606368.0,1.581,0.03548977352950677,0.5162500260472741,medium_factor_quality_value_momentum
ATRC,False,0.2557552681488032,IGNORE,market_cap_too_small;roic_too_low,28.44,"AtriCure, Inc.",Healthcare,Medical - Instruments & Supplies,NASDAQ,False,False,False,True,19.036633627977615,-0.33063876132286873,0.31275885734944886,0.11260298494298715,0.10843351278267924,0.10843351278267924,0.18147540376102822,0.05,0.05,-0.025359835503769634,-0.30311198235726533,-0.10028472002530842,48284000.0,1440229187.0,1.256,0.0,0.17892201205443808,medium_factor_quality_value_momentum
APSG,False,0.255213997872611,IGNORE,not_actively_trading;excluded_sector_or_industry;market_cap_too_small,7.39,Apollo Strategic Growth Capital,Financial Services,Shell Companies,NYSE,False,False,False,False,7.440837100795699,0.006879174667888899,0.41762821863229704,0.05068609041443663,-0.05801014686693598,-0.05801014686693598,0.12174989682212134,-0.36969696969696975,0.05,-0.2535353535353536,-0.2512664640324215,0.0,104000000.0,6330643685.0,0.0,0.07168625025767883,0.09079601990049752,medium_factor_quality_value_momentum
AEH,False,0.2550683381841914,IGNORE,excluded_adr;not_actively_trading;excluded_sector_or_industry,25.67,Aegon N.V. PRP CP SEC 6.375,Financial Services,Insurance - Diversified,NYSE,False,False,True,False,3.1873960189605777,-0.8758318652528018,0.1926681479992705,0.0991552608011724,-0.1,-0.1,-0.1264696906623275,-0.31444999846770627,-0.11258803253505756,0.0,0.0,0.0,887000000.0,52474613743.0,1.073,0.09848256456637523,0.7441922208947298,medium_factor_quality_value_momentum
AED,False,0.2549150228531914,IGNORE,excluded_adr;not_actively_trading;excluded_sector_or_industry,25.52,Aegon N.V. PERP CAP SECS,Financial Services,Insurance - Diversified,NYSE,False,False,True,False,3.1891494294702225,-0.8750333295662138,0.1926681479992705,0.09912745584942562,-0.1,-0.1,-0.1264696906623275,-0.31444999846770627,-0.11258803253505756,0.0,0.0,0.0,887000000.0,52167983081.0,1.073,0.09848256456637523,0.7441922208947298,medium_factor_quality_value_momentum
ACVA,False,0.2546492347961737,IGNORE,market_cap_too_small;roic_too_low,6.37,ACV Auctions Inc.,Consumer Cyclical,Auto - Dealerships,NYSE,False,False,False,True,5.714990337805959,-0.1028272625108384,0.37360284145741035,0.13434180100038343,0.09789773014273848,0.09789773014273848,0.2065476941550881,-0.015037068445235446,0.05,0.35244161358811055,-0.17487046632124348,-0.5900900900900901,69134000.0,1112105775.0,1.841,0.0,0.44218644907990307,medium_factor_quality_value_momentum
ANNX,False,0.2544964301690769,IGNORE,negative_or_zero_fcf;market_cap_too_small;roic_too_low,5.04,"Annexon, Inc.",Healthcare,Biotechnology,NASDAQ,False,False,False,True,-15.330824768130954,-4.041830311137094,0.19071536229966737,0.11062,0.05000000000000001,0.05000000000000001,0.05,0.05,0.05,-0.013698630136986356,0.02857142857142847,1.1538461538461542,-186493000.0,602759057.0,1.177,0.0,0.12379516933776837,medium_factor_quality_value_momentum
AEB,False,0.2543937515621914,IGNORE,excluded_adr;not_actively_trading;excluded_sector_or_industry,25.01,Aegon N.V. PERP CAP FLTG RT,Financial Services,Insurance - Diversified,NYSE,False,False,True,False,3.1952640870656026,-0.8722405403012554,0.1926681479992705,0.09903066471722215,-0.1,-0.1,-0.1264696906623275,-0.31444999846770627,-0.11258803253505756,0.0,0.0,0.0,887000000.0,51125440499.0,1.073,0.09848256456637523,0.7441922208947298,medium_factor_quality_value_momentum
ATEX,False,0.2526529931623154,IGNORE,market_cap_too_small;roic_too_low,77.02,Anterix Inc.,Communication Services,Telecommunications Services,NASDAQ,False,False,False,True,9.068005265242451,-0.8822642785608614,0.15167191799240945,0.09606609536975597,0.002935350961939154,0.002935350961939154,0.5649040732275348,-0.7777327114175624,0.05,0.9578037620742244,2.6091846298031864,1.8058287795992713,5480000.0,1456777152.0,0.936,0.0,0.016845772927062644,medium_factor_quality_value_momentum
CGON,False,0.25236196883598583,IGNORE,negative_or_zero_fcf;market_cap_too_small;roic_too_low,66.25,"CG Oncology, Inc. Common stock",Healthcare,Biotechnology,NASDAQ,False,False,False,True,-29.777368653720846,-1.4494697155278617,0.14930032739748234,0.05844999186083618,-0.06543485282822042,-0.06543485282822042,-0.2097284188634959,0.05,0.05,0.017977873386601173,0.7728124163767729,1.5209284627092847,-132480000.0,5843413836.0,0.308,0.0,0.009328968033568872,medium_factor_quality_value_momentum
BERY,False,0.25194336935507555,IGNORE,not_actively_trading;market_cap_too_small,67.58,"Berry Global Group, Inc.",Consumer Cyclical,Packaging & Containers,NYSE,False,False,False,False,110.27626309658054,0.6317884447555568,0.4696455379591028,0.06693524471580156,-0.00023027172772717162,-0.00023027172772717162,0.011521114699823976,-0.025510928775794528,0.014187940989271564,-0.015873015873015928,0.07474554707379122,0.3018686187632442,854000000.0,7825764000.0,1.111,0.06964553795910278,2.4526053215077606,medium_factor_quality_value_momentum
CDTX,False,0.2514930516572269,IGNORE,not_actively_trading;negative_or_zero_fcf;market_cap_too_small;roic_too_low,221.38,"Cidara Therapeutics, Inc.",Healthcare,Biotechnology,NASDAQ,False,False,False,False,-134.19745527289396,-1.6061859936439333,0.14835770446028362,0.13156,-0.1,-0.1,-0.42986497991946115,0.05,0.05,1.2472845396406456,3.351022012578616,7.257366654233495,-176662000.0,5613776178.0,1.526,0.0,0.021897273862884856,medium_factor_quality_value_momentum
AUTL,False,0.25054120758001774,IGNORE,excluded_adr;negative_or_zero_fcf;market_cap_too_small;roic_too_low,1.49,Autolus Therapeutics plc,Healthcare,Biotechnology,NASDAQ,False,False,True,True,-31.304993399175306,-22.010062684010272,0.20196669309882165,0.13617179779045077,0.3,0.3,1.6610355032200994,0.05,0.05,0.0875912408759123,-0.044871794871794934,-0.2766990291262136,-310700000.0,396553486.0,2.0122223,0.0,1.9737774253490448,medium_factor_quality_value_momentum
ANL,False,0.250276016,IGNORE,excluded_adr;negative_or_zero_fcf;market_cap_too_small;roic_too_low;debt_too_high_or_invalid,10.4,Adlai Nortye Ltd.,Healthcare,Biotechnology,NASDAQ,False,False,True,True,-27.37482257606209,-3.6321944784675084,0.15,0.09708874951973788,-0.1,-0.1,-0.890653020163583,0.05,0.05,0.4054054054054055,5.303030303030304,6.07482993197279,-33726960.0,552032000.0,0.99,0.0,-3.169430433782122,medium_factor_quality_value_momentum
AVR,False,0.2501764006705,IGNORE,negative_or_zero_fcf;market_cap_too_small;roic_too_low;debt_too_high_or_invalid,9.59,Anteris Technologies Global Corp.,Healthcare,Medical - Devices,NASDAQ,False,False,False,True,-38.83082816598184,-5.049095742021048,0.15,0.08358037252742029,-0.08029520582030181,-0.08029520582030181,-0.24316421309567904,0.05,0.05,0.7125000000000001,1.0232067510548521,1.3620689655172415,-79757000.0,352801341.0,0.726,0.0,-24.537634408602152,medium_factor_quality_value_momentum
CCLP,False,0.2501724213605,IGNORE,not_actively_trading;market_cap_too_small;roic_too_low;debt_too_high_or_invalid,2.42,CSI Compressco LP,Energy,Oil & Gas Equipment & Services,NASDAQ,False,False,False,False,-4.115111372891232,-2.7004592449963774,0.15,0.0719388366225163,-0.1,-0.1,-0.05125687280360858,-0.29106200527704484,0.05,0.4491017964071857,0.7410071942446044,0.967479674796748,4299000.0,344842721.0,0.719,0.0,-45.27825904708677,medium_factor_quality_value_momentum
AUY,False,0.24931793515983006,IGNORE,not_actively_trading;market_cap_too_small,5.85,Yamana Gold Inc.,Basic Materials,Gold,NYSE,False,False,False,False,-0.22651086299699577,-1.038719805640512,0.20122653338268404,0.108183434055388,-0.1,-0.1,0.0011933029872159828,-0.5032651831423471,-0.38086081263310967,0.044642857142857206,0.29424778761061954,0.052158273381295084,23300000.0,5628852403.0,1.269098,0.0689342632195494,0.23610306449153834,medium_factor_quality_value_momentum
ALH,False,0.24918647457486373,IGNORE,market_cap_too_small;debt_too_high_or_invalid,26.44,Alliance Laundry Holdings Inc.,Consumer Cyclical,"Furnishings, Fixtures & Appliances",NYSE,False,False,False,True,1.5873466895287422,-0.939964194798459,0.19368957420984628,0.125668993338522,0.08912557638605274,0.08912557638605274,0.07489360175786675,0.25669252325373404,-0.13376089465909724,0.36711478800413655,0.22577654149281412,0.0,158017000.0,4526874549.0,1.9057792,0.10456399782379354,5.0877720482099775,medium_factor_quality_value_momentum
ABSI,False,0.2489756155727874,IGNORE,negative_or_zero_fcf;market_cap_too_small;roic_too_low,8.4,Absci Corporation,Healthcare,Biotechnology,NASDAQ,False,False,False,True,-2.6005408367259224,-1.3095881948483241,0.14790101821598423,0.18742113877792405,-0.02788605672164914,-0.02788605672164914,-0.12524362762371055,0.05,0.05,1.8378378378378382,1.4778761061946901,2.0545454545454547,-94032000.0,1309602000.0,2.457,0.0,0.027986423786876678,medium_factor_quality_value_momentum
BWB,False,0.24818471827653202,IGNORE,excluded_sector_or_industry;market_cap_too_small,19.93,"Bridgewater Bancshares, Inc.",Financial Services,Banks - Regional,NASDAQ,False,False,False,True,4.444845187797929,-0.7769771606724571,0.18557668173079436,0.15045525757606054,0.027273747678284468,0.027273747678284468,0.21417819462778875,-0.19937786267145519,-0.00655773069611465,0.1765053128689491,0.07729729729729717,0.3322192513368982,21965000.0,555715504.0,0.594,0.08200945799878669,0.982753652617024,medium_factor_quality_value_momentum
CABA,False,0.2478153228841541,IGNORE,negative_or_zero_fcf;market_cap_too_small;roic_too_low,3.01,"Cabaletta Bio, Inc.",Healthcare,Biotechnology,NASDAQ,False,False,False,True,-5.901170201194755,-2.9605216615264967,0.1818622769988666,0.23576272300735768,0.05000000000000001,0.05000000000000001,0.05,0.05,0.05,0.023809523809523725,0.29184549356223166,0.7398843930635837,-132309000.0,490794936.0,3.232,0.0,0.24183630668177883,medium_factor_quality_value_momentum
ADTH,False,0.2477635345972933,IGNORE,not_actively_trading;negative_or_zero_fcf;market_cap_too_small;roic_too_low,3.205,"AdTheorent Holding Company, Inc.",Communication Services,Advertising Agencies,NASDAQ,False,False,False,False,0.4898329672189951,-0.8471660008677082,0.14702034267724162,0.10826776691248345,-0.1,-0.1,0.091354026991463,0.035540550312995745,-0.8011823178082373,0.0031347962382446415,1.1192052980132452,1.3703703703703702,-2473000.0,294520911.0,1.178,0.0,0.039728764303444936,medium_factor_quality_value_momentum
ALTO,False,0.2477280536760242,IGNORE,market_cap_too_small;roic_too_low,5.22,"Alto Ingredients, Inc.",Basic Materials,Chemicals - Specialty,NASDAQ,False,False,False,True,1.3169887730936196,-0.7477033001736361,0.14155636288996631,0.05756710419324333,-0.1,-0.1,-0.06632654886712663,-0.17140940883395617,-0.7377049180327868,0.2548076923076923,1.0,3.5,8648000.0,404472499.0,0.143,0.02140363557275589,0.3979636357705278,medium_factor_quality_value_momentum
AMSWA,False,0.24766827298418265,IGNORE,not_actively_trading;market_cap_too_small,10.95,"American Software, Inc.",Technology,Software - Application,NASDAQ,False,False,False,False,8.195115177391475,-0.25158765503274194,0.31736280483477375,0.08498971843622331,-0.042947213006190324,-0.042947213006190324,-0.029303812887699343,-0.13299943303698247,0.06484431680301594,0.000914076782449813,0.08308605341246289,0.02528089887640439,14283000.0,388512570.0,0.75,0.06802488227540406,0.00036020570044680835,medium_factor_quality_value_momentum
ARTNA,False,0.2474737856439587,IGNORE,negative_or_zero_fcf;market_cap_too_small,32.14,Artesian Resources Corporation,Utilities,Regulated Water,NASDAQ,False,False,False,True,-110.38695087876373,-4.434565988760539,0.2100257853405918,0.05222007520429195,0.053532928413303524,0.053532928413303524,0.05589545140789043,0.05,0.05410727504408497,0.05377049180327864,-0.0037197768133910847,-0.03858809452587497,-18499000.0,331827405.0,0.337,0.06130375792840061,0.7308120133481646,medium_factor_quality_value_momentum
AD,False,0.24619344916527033,IGNORE,market_cap_too_small;roic_too_low,38.77,"Array Digital Infrastructure, Inc.",Communication Services,Telecommunications Services,NYSE,False,False,False,True,62.29550694043074,0.6067966711485875,0.5000696265733405,0.0432217399801203,-0.1,-0.1,-0.5540933765166076,0.16470221516059635,0.2344978058828484,-0.14641127256715103,-0.23258115597783058,-0.35736781037626386,173636000.0,3343272097.0,0.201,0.0,0.6657383123554599,medium_factor_quality_value_momentum
CKPT,False,0.24527779271844002,IGNORE,not_actively_trading;negative_or_zero_fcf;market_cap_too_small;roic_too_low,4.26,"Checkpoint Therapeutics, Inc.",Healthcare,Biotechnology,NASDAQ,False,False,False,False,-5.671346057201284,-2.3313018913618038,0.15,0.10822000000000001,-0.1,-0.1,-0.5574610125041777,0.05,0.05,0.4895104895104896,0.05707196029776673,1.3798882681564244,-31101000.0,367723200.0,1.137,0.0,0.0,medium_factor_quality_value_momentum
CEVA,False,0.24523193311142588,IGNORE,market_cap_too_small;roic_too_low,48.41,"CEVA, Inc.",Technology,Semiconductors,NASDAQ,False,False,False,True,7.982017582691297,-0.8351163482195559,0.14319699635615737,0.15846465901705453,-0.1,-0.1,-0.00943138066070004,-0.7204163479920276,0.05,1.6068928379106082,1.3742030407062282,1.3499999999999996,516000.0,1348672053.0,2.006,0.0,0.09070671525123493,medium_factor_quality_value_momentum
CARR,False,0.24508191832427462,IGNORE,,71.85,Carrier Global Corporation,Industrials,Industrial - Machinery,NYSE,False,False,False,True,10.691904774377868,-0.8511913044623818,0.1474822257912281,0.1035330098712182,-0.008227070658832844,-0.008227070658832844,0.013478494931316698,-0.02695526500246115,-0.023545910323689467,0.23729981057344585,0.37118320610687006,0.028485542513598583,1697000000.0,59677203393.0,1.337,0.0663155349769714,0.9177774558099102,medium_factor_quality_value_momentum
BYON,False,0.24419735647687604,IGNORE,not_actively_trading;negative_or_zero_fcf;market_cap_too_small;roic_too_low,9.88,"Beyond, Inc.",Consumer Cyclical,Specialty Retail,NYSE,False,False,False,False,-1.4484232157649488,-1.146601540057181,0.14239221354609505,0.19864971122981878,-0.0679527514011992,-0.0679527514011992,-0.2153936906526982,0.05,0.05,0.5604249667994687,1.3359840954274351,0.16567460317460325,-56701000.0,567171280.0,2.773,0.0,0.10143715271873262,medium_factor_quality_value_momentum
AL,False,0.24400663682537124,IGNORE,not_actively_trading;negative_or_zero_fcf;market_cap_too_small;roic_too_low,65.0,Air Lease Corporation,Industrials,Rental & Leasing Services,NYSE,False,False,False,False,-1200.6189684610952,-19.471061053247617,0.18652206746792435,0.054362947606122466,0.14286552344505615,0.14286552344505615,0.09621552613895812,0.05,0.3754638032248363,0.012145748987854255,0.020568378081331495,0.5457788347205708,-1659291000.0,7282301390.0,1.084,0.0436565440228682,2.3286553985503655,medium_factor_quality_value_momentum
ATOM,False,0.2436351226660682,IGNORE,negative_or_zero_fcf;market_cap_too_small;roic_too_low,8.26,Atomera Incorporated,Technology,Semiconductors,NASDAQ,False,False,False,True,-1.6923493709214237,-1.2048849117338285,0.14187612208258527,0.16150708674261946,-0.1,-0.1,-0.36508828376306723,0.05,0.05,0.9435294117647057,2.6069868995633185,0.632411067193676,-14871000.0,268450000.0,2.035,0.0,0.10831837223219629,medium_factor_quality_value_momentum
ALOY,False,0.2427065198139074,IGNORE,negative_or_zero_fcf;market_cap_too_small;roic_too_low,19.7,REalloys Inc.,Basic Materials,Other Precious Metals,NASDAQ,False,False,False,True,-11.457948409828967,-1.5816217466918259,0.14012945857300926,0.07950296796528186,-0.06370906837971098,-0.06370906837971098,-0.20584540385434968,0.05,0.05,0.38732394366197176,1.605820105820106,2.426086956521739,-3160130.0,1205905911.0,0.654,0.0,0.1316072190265432,medium_factor_quality_value_momentum
BETR,False,0.2421231000095096,IGNORE,excluded_sector_or_industry;negative_or_zero_fcf;market_cap_too_small;roic_too_low;debt_too_high_or_invalid,26.38,Better Home & Finance Holding Company,Financial Services,Financial - Mortgages,NASDAQ,False,False,False,True,-780.1971290367037,-30.575327105257912,0.2,0.09066218957266337,0.3,0.3,-0.3819552850329664,2.08626741908691,0.05,-0.03405346027096301,-0.2456391192450672,0.9397058823529412,-233347000.0,413351333.0,1.712,0.0,16.547696527983216,medium_factor_quality_value_momentum
ABCL,False,0.24198921511011434,IGNORE,negative_or_zero_fcf;market_cap_too_small;roic_too_low,5.74,AbCellera Biologics Inc.,Healthcare,Biotechnology,NASDAQ,False,False,False,True,-2.8574414914079145,-1.4978121065170582,0.1388909860751429,0.11182,-0.1,-0.1,-0.33106505907960015,0.09975716158425207,0.04166666666666674,0.6882352941176471,0.7134328358208955,0.6541786743515849,-174067000.0,1752852500.0,1.197,0.0,0.14812018566476093,medium_factor_quality_value_momentum
AVIR,False,0.24190749227041386,IGNORE,negative_or_zero_fcf;market_cap_too_small;roic_too_low,4.39,"Atea Pharmaceuticals, Inc.",Healthcare,Biotechnology,NASDAQ,False,False,False,True,-59.475190143604266,-14.547879303782294,0.19977045317571543,0.05893857518713017,0.05000000000000001,0.05000000000000001,0.05,0.05,0.05,-0.22438162544169615,0.38050314465408785,0.3676012461059188,-132031000.0,351318965.0,0.318,0.0,0.003060624323794448,medium_factor_quality_value_momentum
AEE,False,0.24173052262119366,IGNORE,negative_or_zero_fcf,109.7,Ameren Corporation,Utilities,Regulated Electric,NYSE,False,False,False,True,-228.84655826455008,-3.08611265510073,0.16762160681440094,0.05419443539838711,0.07280507786263318,0.07280507786263318,0.08309155959368297,0.05,0.08643973119448334,0.03432019611540649,0.11336648736425459,0.161830120737132,-821000000.0,30359652275.0,0.49,0.055797052793272114,1.4797403178867248,medium_factor_quality_value_momentum
BGC,False,0.24144681280703753,IGNORE,excluded_sector_or_industry;market_cap_too_small,12.08,"BGC Group, Inc",Financial Services,Financial - Capital Markets,NASDAQ,False,False,False,True,7.810858018395647,-0.3534057931791683,0.2064318171529755,0.08688513571766557,0.021813597765816112,0.021813597765816112,0.10835268392188957,-0.07375894634369806,-0.007905758382059536,0.28647497337593175,0.35578002244668916,0.2622779519331244,267838000.0,5739268400.0,0.947,0.1144692043270533,1.846515568909688,medium_factor_quality_value_momentum
BDN,False,0.24126943041623483,IGNORE,excluded_sector_or_industry;market_cap_too_small;roic_too_low;debt_too_high_or_invalid,3.09,Brandywine Realty Trust,Real Estate,REIT - Office,NYSE,False,False,False,True,-12.354832332062106,-4.99832761555408,0.21910572188816024,0.05582727620825076,0.3,0.3,-0.001216735968646132,-0.610086976897308,3.499274310595065,0.11151079136690645,0.013114754098360715,-0.29612756264236895,3305000.0,536769601.0,1.26,0.01910572188816024,3.2553019179243425,medium_factor_quality_value_momentum
BECN,False,0.24120696851736761,IGNORE,not_actively_trading;market_cap_too_small,124.17,"Beacon Roofing Supply, Inc.",Industrials,Construction,NASDAQ,False,False,False,False,18.436487254317342,-0.8515222094361171,0.16184451732949703,0.10196412467361354,0.050046149080867894,0.050046149080867894,0.08892302768219351,-0.09202509715262686,0.18539926122845873,0.04108325647690125,0.3168946866051543,0.27275522755227555,292800000.0,7718630706.0,1.312,0.09210451630383618,1.7374153074027603,medium_factor_quality_value_momentum
AUR,False,0.24042332567917765,IGNORE,negative_or_zero_fcf;roic_too_low,6.56,"Aurora Innovation, Inc.",Technology,Information Technology Services,NASDAQ,False,False,False,True,-0.6544438906107224,-1.099762788202854,0.14449766355140187,0.19645652957380652,-0.1,-0.1,-0.8087269860809985,0.05,0.05,0.5883777239709442,0.6117936117936116,0.23076923076923062,-612000000.0,12857599324.0,2.629,0.0,0.07336448598130842,medium_factor_quality_value_momentum
BBT,False,0.24035580465533735,IGNORE,excluded_sector_or_industry;negative_or_zero_fcf;market_cap_too_small;roic_too_low,29.75,Beacon Financial Corp.,Financial Services,Asset Management,NYSE,False,False,False,True,32.5119162352025,0.09283752051100835,0.38503951068842274,0.13468669906908262,0.02431831007926642,0.02431831007926642,0.13302352044602217,-0.0800995196633657,-0.03646536604029693,0.03298611111111116,0.06402002861230316,0.24529091670154868,0.0,2493528559.0,0.5469947,0.0,0.35218410126996097,medium_factor_quality_value_momentum
BITF,False,0.2400859036440057,IGNORE,not_actively_trading;excluded_sector_or_industry;negative_or_zero_fcf;market_cap_too_small;roic_too_low,2.16,Bitfarms Ltd.,Financial Services,Financial - Capital Markets,NASDAQ,False,False,False,False,-4.884377973531689,-3.2612860988572634,0.12113159889737976,0.17728673829113809,0.06264772649050936,0.06264772649050936,0.07845738460364604,0.05,0.05,0.43805309734513287,-0.1995073891625615,2.1553398058252426,-326891000.0,1302158456.0,3.72004,0.0,1.2202150345750613,medium_factor_quality_value_momentum
ABUS,False,0.2400164114325659,IGNORE,negative_or_zero_fcf;market_cap_too_small;roic_too_low,4.52,Arbutus Biopharma Corporation,Healthcare,Biotechnology,NASDAQ,False,False,False,True,-4.600761072707771,-2.017867493961896,0.2021231415886987,0.0773004756784806,0.056224948943483476,0.056224948943483476,0.06400613512283782,0.05,0.05,0.06603773584905648,-0.025862068965517238,0.30259365994236287,-39637000.0,892870449.0,0.626,0.0,0.05469076473046385,medium_factor_quality_value_momentum
AMRN,False,0.23950316788727996,IGNORE,excluded_adr;market_cap_too_small;roic_too_low,15.81,Amarin Corporation plc,Healthcare,Biotechnology,NASDAQ,False,False,True,True,17.289651511443267,0.09358959591671523,0.38545012591613836,0.08788285504862052,-0.09428653341959572,-0.09428653341959572,-0.22201408764674246,-0.020174150063130503,0.05,0.09109730848861286,0.15149308084486535,0.18604651162790709,6743720.0,326994657.0,0.825,0.0,0.02647616600730272,medium_factor_quality_value_momentum
C,False,0.23899538565220546,IGNORE,excluded_sector_or_industry;negative_or_zero_fcf;debt_too_high_or_invalid,145.67,Citigroup Inc.,Financial Services,Banks - Diversified,NYSE,False,False,False,True,-370.13295767974773,-3.540900375367253,0.05721285715981999,0.0956037479361402,-0.1,-0.1,0.2048392772674532,-0.5476716855553745,-0.08880819495895498,0.33007669831994146,0.3069262515700699,0.8592214422463305,-74152000000.0,248451395035.0,1.115,0.05721285715981999,3.3718009713082515,medium_factor_quality_value_momentum
AXTI,False,0.23791308172574735,IGNORE,negative_or_zero_fcf;market_cap_too_small;roic_too_low,92.44,"AXT, Inc.",Technology,Semiconductors,NASDAQ,False,False,False,True,-1.9487213691567822,-1.021080932163098,0.1322123019503092,0.14674192841173606,-0.010201642775512712,-0.010201642775512712,-0.10457134330372708,0.05,0.08823529411764697,0.7042772861356932,6.4789644012944985,47.397905759162306,-18778000.0,4286480331.0,1.811,0.0,0.23716930732921074,medium_factor_quality_value_momentum
CCCC,False,0.23783994319918503,IGNORE,negative_or_zero_fcf;market_cap_too_small;roic_too_low,4.12,"C4 Therapeutics, Inc.",Healthcare,Biotechnology,NASDAQ,False,False,False,True,-3.7232815341743613,-1.9037091102364956,0.1341627892427788,0.21580000000000002,0.0016954389873098895,0.0016954389873098895,-0.05868526227855275,0.05,0.05,0.5259259259259259,1.0097560975609756,1.8611111111111112,-99301000.0,341248015.0,2.93,0.0,0.2337686632604146,medium_factor_quality_value_momentum
ATNF,False,0.2376361339837586,IGNORE,not_actively_trading;negative_or_zero_fcf;market_cap_too_small;roic_too_low;wacc_out_of_range,7.04,ETHZilla Corporation Common Stock,Healthcare,Biotechnology,NASDAQ,False,False,False,False,-3.154609353232393,-1.4480979194932377,0.12137182667969829,1.8696779968388941,0.05000000000000001,0.05000000000000001,0.05,0.05,0.05,1.4343434343434347,1.05982905982906,0.2819148936170215,-25293000.0,1077345280.0,0.406,0.0,1.0483756442706897,medium_factor_quality_value_momentum
ALIM,False,0.2375104730681843,IGNORE,not_actively_trading;negative_or_zero_fcf;market_cap_too_small;roic_too_low,5.54,"Alimera Sciences, Inc.",Healthcare,Drug Manufacturers - Specialty & Generic,NASDAQ,False,False,False,False,-52.47890532670323,-10.47272659326773,0.11546281778805045,0.11647501830156473,0.07494787301871972,0.07494787301871972,0.10613271429211935,0.05,0.05,0.8163934426229509,0.36790123456790136,0.7366771159874608,-89793000.0,301288468.0,1.245,0.0,1.4598007364089236,medium_factor_quality_value_momentum
ANDE,False,0.23747686169297683,IGNORE,negative_or_zero_fcf;market_cap_too_small;roic_too_low,70.86,"The Andersons, Inc.",Consumer Defensive,Food Distribution,NASDAQ,False,False,False,True,-70.21236566835303,-1.9908603678853094,0.1541306206070596,0.06752633706700087,0.017510806773463627,0.017510806773463627,-0.033415477052403664,0.11225420419896359,-0.02275172171305173,0.06652618904274532,0.2846265409717188,0.9213665943600866,-56125000.0,2413070408.0,0.651,0.04946120977616892,0.8378852792343059,medium_factor_quality_value_momentum
BLFY,False,0.23709667004388985,IGNORE,not_actively_trading;excluded_sector_or_industry;negative_or_zero_fcf;market_cap_too_small;roic_too_low,13.24,Blue Foundry Bancorp,Financial Services,Banks - Regional,NASDAQ,False,False,False,False,-17.02818500564462,-2.286116692269231,0.1597841308321529,0.10015500927965516,0.0875878086358307,0.0875878086358307,0.13457256943061902,0.05,0.05,0.058353317346123035,0.4565456545654565,0.4391304347826088,-8312000.0,274878619.0,0.535,0.0,1.037382370715704,medium_factor_quality_value_momentum
ACLX,False,0.23641146617870804,IGNORE,not_actively_trading;negative_or_zero_fcf;market_cap_too_small;roic_too_low,115.07,"Arcellx, Inc.",Healthcare,Biotechnology,NASDAQ,False,False,False,False,-69.37399602617785,-1.6028851657788985,0.13205708448593392,0.05728010591693796,-0.1,-0.1,-0.550540147578144,0.05,0.05,0.6857603281570464,0.31523602697451136,0.7782413846391594,-212585000.0,6732325464.0,0.248,0.0,0.23923887352088102,medium_factor_quality_value_momentum
BTBT,False,0.2363916186294423,IGNORE,excluded_sector_or_industry;negative_or_zero_fcf;market_cap_too_small;roic_too_low,2.23,"Bit Digital, Inc.",Financial Services,Financial - Capital Markets,NASDAQ,False,False,False,True,-1136.9299582041388,-510.83406197495015,0.18284698290876655,0.24389257602687187,0.046745574012999794,0.046745574012999794,0.04267754152924952,0.05,0.05,0.43870967741935485,0.13197969543147203,-0.07468879668049799,-574852843000.0,778693700.0,4.018,0.0,0.18531454805644343,medium_factor_quality_value_momentum
BN,False,0.23603576068399573,IGNORE,excluded_sector_or_industry;negative_or_zero_fcf;roic_too_low;debt_too_high_or_invalid,44.13,Brookfield Corporation,Financial Services,Asset Management,NYSE,False,False,False,True,-125.20799324038867,-3.837253415825712,0.15093263561664205,0.06890865001396687,0.10409415801310105,0.10409415801310105,0.0013079912442190977,0.4782349839422999,-0.2515447473429334,0.15342394145321503,-0.008760107816711549,0.11298865069356889,0.0,98568574755.0,1.84,0.046838477603540984,6.5401005944598465,medium_factor_quality_value_momentum
ADPT,False,0.23512515402050124,IGNORE,negative_or_zero_fcf;market_cap_too_small;roic_too_low,17.37,Adaptive Biotechnologies Corporation,Healthcare,Biotechnology,NASDAQ,False,False,False,True,-3.6567969361552133,-1.2105237153802655,0.1515574821539228,0.16027894549703553,0.09773880422546989,0.09773880422546989,0.15741230950730722,0.05,0.05,0.27908689248895446,0.07754342431761785,0.6590257879656161,-48945000.0,2779964280.0,2.151,0.0,1.2824176276206276,medium_factor_quality_value_momentum
CLB,False,0.2348868320149422,IGNORE,market_cap_too_small,11.77,Core Laboratories N.V.,Energy,Oil & Gas Equipment & Services,NYSE,False,False,False,True,4.94222306697917,-0.5800999943093313,0.22536581809298628,0.09530606472202827,0.03953405853953426,0.03953405853953426,0.02865811211396485,-0.004952027156665761,0.12801507993497308,-0.2739049969154843,-0.2739049969154843,-0.06438791732909388,22587000.0,542557947.0,0.988,0.0820804342957317,0.616648996563729,medium_factor_quality_value_momentum
ASO,False,0.23424527025774644,IGNORE,market_cap_too_small,51.88,"Academy Sports and Outdoors, Inc.",Consumer Cyclical,Specialty Retail,NASDAQ,False,False,False,True,5.482575615307983,-0.8943219812006943,0.1909739590750662,0.09632761664302746,-0.09884277623714077,-0.09884277623714077,-0.027694430539899062,-0.21906816365797943,-0.06080138650036615,-0.0019238168526355404,-0.04138950480413883,0.1758839528558478,222130000.0,3217513087.0,1.032,0.10633977302630543,0.8715441860165232,medium_factor_quality_value_momentum
AURA,False,0.2332423323652225,IGNORE,negative_or_zero_fcf;market_cap_too_small;roic_too_low,6.95,"Aura Biosciences, Inc.",Healthcare,Biotechnology,NASDAQ,False,False,False,True,-48.71374212403319,-8.009171528637868,0.19048099888250203,0.061337015177945604,0.05000000000000001,0.05000000000000001,0.05,0.05,0.05,0.06106870229007644,0.18803418803418803,0.139344262295082,-85189000.0,446188443.0,0.388,0.0,0.12692001489997298,medium_factor_quality_value_momentum
CCIR,False,0.23321333474147168,IGNORE,not_actively_trading;excluded_sector_or_industry;negative_or_zero_fcf;market_cap_too_small;roic_too_low,12.7,Cohen Circle Acquisition Corp. I,Financial Services,Shell Companies,NASDAQ,False,False,False,False,-1.3671774073654057,-1.1076517643594808,0.2004000929269263,0.04,0.05000000000000001,0.05000000000000001,0.05,0.05,0.05,0.025848142164781818,0.14414414414414423,0.0,-339537.0,429056800.0,0.0,0.000400092926926283,0.0,medium_factor_quality_value_momentum
CINC,False,0.23268147961470845,IGNORE,not_actively_trading;negative_or_zero_fcf;market_cap_too_small;roic_too_low,29.06,"CinCor Pharma, Inc.",Healthcare,Biotechnology,NASDAQ,False,False,False,False,-94.72624175758473,-4.2596779682582495,0.2,0.04,0.05000000000000001,0.05000000000000001,0.05,0.05,0.05,0.19244973327862125,-0.17490062464508804,0.16239999999999988,-30847206.0,1271790558.0,0.0,0.0,0.0,medium_factor_quality_value_momentum
ATII,False,0.23203033440927992,IGNORE,excluded_sector_or_industry;negative_or_zero_fcf;market_cap_too_small;roic_too_low,10.93,Archimedes Tech SPAC Partners II Co. Ordinary Shares,Financial Services,Shell Companies,NASDAQ,False,False,False,True,-1.5619743059139877,-1.142907072819212,0.2,0.0552419908,0.05000000000000001,0.05000000000000001,0.05,0.05,0.05,0.046934865900383205,0.052986512524084706,0.07051909892262476,-739050.0,323418700.0,0.25403318,0.0,0.0,medium_factor_quality_value_momentum
ABCM,False,0.23074984824461733,IGNORE,excluded_adr;not_actively_trading;negative_or_zero_fcf;market_cap_too_small;roic_too_low,23.99,Abcam plc,Healthcare,Biotechnology,NASDAQ,False,False,True,False,-1.3194238846821533,-1.0549989114081764,0.17621618009201867,0.08894572482890578,-0.032297106207303,-0.032297106207303,0.08613937295059815,-0.015911797685054463,-0.2937480273064781,0.05916114790286975,0.075302554908113,0.5088050314465407,-12600000.0,5521322682.0,0.863,0.049317707124622884,0.3080203604347228,medium_factor_quality_value_momentum
BGSX,False,0.23024994660623807,IGNORE,not_actively_trading;excluded_sector_or_industry;negative_or_zero_fcf;market_cap_too_small;roic_too_low,10.2,Build Acquisition Corp.,Financial Services,Shell Companies,NYSE,False,False,False,False,-5.340833353860305,-1.5236111131235592,0.2,0.04,0.05000000000000001,0.05000000000000001,0.05,0.05,0.05,0.027190332326283873,0.042944785276073594,0.06029106029106024,-993238.0,255000000.0,0.0,0.0,0.0,medium_factor_quality_value_momentum
BLL,False,0.23024134466119558,IGNORE,not_actively_trading,69.49,Ball Corporation,Consumer Cyclical,Packaging & Containers,NYSE,False,False,False,False,68.92537523581748,-0.00812526642945044,0.3667141118353585,0.06375777858465592,0.03701339345455593,0.03701339345455593,0.03488838070078182,-0.06041904742341331,0.18741208027905798,-0.2480251055080619,-0.2320698419714886,0.0,788000000.0,21849392694.0,0.547767,0.057588917487354285,0.9951745671302867,medium_factor_quality_value_momentum
ACQR,False,0.2292700273146418,IGNORE,not_actively_trading;excluded_sector_or_industry;negative_or_zero_fcf;market_cap_too_small;roic_too_low,10.19,Independence Holdings Corp.,Financial Services,Shell Companies,NASDAQ,False,False,False,False,-5.095804991602419,-1.5000789981945455,0.2,0.04,0.05000000000000001,0.05000000000000001,0.05,0.05,0.05,0.0159521435692922,0.034517766497461855,0.052685950413223104,-1821586.0,631663803.0,0.0,0.0,0.0,medium_factor_quality_value_momentum
CCS,False,0.22918939058472995,IGNORE,market_cap_too_small,62.45,"Century Communities, Inc.",Consumer Cyclical,Residential Construction,NYSE,False,False,False,True,18.66860817002174,-0.7010631197754725,0.18211281945850502,0.06720106605019509,-0.1,-0.1,-0.005892162948205937,-0.3146316086560518,-0.23872435741356746,0.12199065756378014,0.015447154471544655,0.19361620795107037,124314000.0,1796643160.0,1.353,0.07387480526567952,0.5568264774289934,medium_factor_quality_value_momentum
AFTR,False,0.2290946545589358,IGNORE,not_actively_trading;excluded_sector_or_industry;negative_or_zero_fcf;market_cap_too_small;roic_too_low,10.41,AfterNext HealthTech Acquisition Corp.,Financial Services,Shell Companies,NYSE,False,False,False,False,0.10850608,-0.9895767454370797,0.2,0.04,0.05000000000000001,0.05000000000000001,0.05,0.05,0.05,0.011661807580175099,0.026627218934911268,0.0698869475847892,0.0,325312479.0,0.0,0.0,0.0,medium_factor_quality_value_momentum
CLAA,False,0.22904555693478787,IGNORE,not_actively_trading;excluded_sector_or_industry;negative_or_zero_fcf;market_cap_too_small;roic_too_low,10.2,Colonnade Acquisition Corp. II,Financial Services,Shell Companies,NYSE,False,False,False,False,-5.744038790935082,-1.563141057934812,0.2,0.04,0.05000000000000001,0.05000000000000001,0.05,0.05,0.05,0.02102102102102088,0.034482758620689724,0.04081632653061207,-1767408.0,420749980.0,0.0,0.0,0.0,medium_factor_quality_value_momentum
AHRN,False,0.2288769546610341,IGNORE,not_actively_trading;excluded_sector_or_industry;market_cap_too_small;roic_too_low,10.4901,Ahren Acquisition Corp.,Financial Services,Shell Companies,NASDAQ,False,False,False,False,4.804364761289435,-0.5420096318157659,0.2,0.04,0.05000000000000001,0.05000000000000001,0.05,0.05,0.05,0.010597302504816941,0.02944062806673209,0.05959595959595965,1585205.0,393376641.0,0.0,0.0,0.0,medium_factor_quality_value_momentum
BPAC,False,0.2283475963039271,IGNORE,not_actively_trading;excluded_sector_or_industry;negative_or_zero_fcf;market_cap_too_small;roic_too_low,10.48,Bullpen Parlay Acquisition Company,Financial Services,Shell Companies,NASDAQ,False,False,False,False,-6.086147138482831,-1.5807392307712624,0.2,0.04,0.05000000000000001,0.05000000000000001,0.05,0.05,0.05,0.002870813397129357,0.02946954813359537,0.056451612903225756,-1241765.0,301300000.0,0.0,0.0,0.0,medium_factor_quality_value_momentum
CAKE,False,0.22828896177730745,IGNORE,market_cap_too_small;roic_too_low;debt_too_high_or_invalid,76.91,The Cheesecake Factory Incorporated,Consumer Cyclical,Restaurants,NASDAQ,False,False,False,True,55.93318235341652,-0.27274499605491453,0.24225281312563607,0.06733195861026885,0.10501542400884976,0.10501542400884976,0.0639822527452163,0.016139166185907827,0.3203961532705295,0.3457567804024497,0.5302427377636292,0.30532926001357774,155077000.0,3821304114.0,1.045,0.04633538753875211,7.933166371466477,medium_factor_quality_value_momentum
CCVI,False,0.22823566372070553,IGNORE,not_actively_trading;excluded_sector_or_industry;negative_or_zero_fcf;market_cap_too_small;roic_too_low,10.485,Churchill Capital Corp VI,Financial Services,Shell Companies,NYSE,False,False,False,False,-1.5048300424905154,-1.1435221785875551,0.2,0.04198,0.05000000000000001,0.05000000000000001,0.05,0.05,0.05,0.00816914944738123,0.022417153996101336,0.052156469408224604,-894415.0,433132184.0,0.033,0.0,0.0,medium_factor_quality_value_momentum
BHLB,False,0.22801509332309983,IGNORE,not_actively_trading;excluded_sector_or_industry;market_cap_too_small;roic_too_low,26.13,"Berkshire Hills Bancorp, Inc.",Financial Services,Banks - Regional,NYSE,False,False,False,False,28.827480423881106,0.10323308166403011,0.39129323266561206,0.07942,-0.03192237681239564,-0.03192237681239564,0.18709100952868085,-0.21871035625510427,-0.18976718033048567,0.07942973523421593,-0.021056520132988532,-0.03776325344952791,30994000.0,1212168087.0,0.657,0.0,0.0,medium_factor_quality_value_momentum
CCXIU,False,0.22793340227295847,IGNORE,excluded_sector_or_industry;negative_or_zero_fcf;market_cap_too_small;roic_too_low,10.56,Churchill Capital Corp XI Units,Financial Services,Financial - Conglomerates,NASDAQ,False,False,False,True,-1.1444470706947212,-1.1083756695733638,0.2,0.04110698566,0.05000000000000001,0.05000000000000001,0.05,0.05,0.05,0.02424830261881672,0.03428011753183147,0.0,-632840.0,442464000.0,0.018449761,0.0,0.0,medium_factor_quality_value_momentum
AACB,False,0.22783471164791264,IGNORE,excluded_sector_or_industry;negative_or_zero_fcf;market_cap_too_small;roic_too_low,10.5,Artius II Acquisition Inc. Class A Ordinary Shares,Financial Services,Shell Companies,NASDAQ,False,False,False,True,8.12656748079526,-0.22604119230521336,0.3095835230779147,0.04342980682,0.05000000000000001,0.05000000000000001,0.05,0.05,0.05,0.01547388781431347,0.018428709990300662,0.035502958579881616,-842148.0,290587479.0,0.057163447,0.0,0.0,medium_factor_quality_value_momentum
AVAN,False,0.22741393397929952,IGNORE,not_actively_trading;excluded_sector_or_industry;negative_or_zero_fcf;market_cap_too_small;roic_too_low,10.04,Avanti Acquisition Corp.,Financial Services,Shell Companies,NYSE,False,False,False,False,-2.403839599233015,-1.2394262549036867,0.2,0.04,0.05000000000000001,0.05000000000000001,0.05,0.05,0.05,0.012096774193548265,0.0161943319838056,0.02763561924257929,-1592732.0,473960288.0,0.0,0.0,0.0,medium_factor_quality_value_momentum
BRKR,False,0.2273342488554098,IGNORE,market_cap_too_small;roic_too_low,56.53,Bruker Corporation,Healthcare,Medical - Devices,NASDAQ,False,False,False,True,-10.761156184375151,-1.1903618642203282,0.1241463149512366,0.1027952450434779,-0.1,-0.1,0.09186640400505519,-0.4801991754824019,-0.2511784416186652,0.6950524737631183,0.27291150641747364,0.47098620869112673,13900000.0,8605314525.0,1.302,0.036518592582012094,0.8316303684103399,medium_factor_quality_value_momentum
BKDT,False,0.2267315050019148,IGNORE,not_actively_trading;market_cap_too_small;roic_too_low;debt_too_high_or_invalid,77.6,Brookdale Senior Living Inc. 7.,Healthcare,Medical - Care Facilities,NYSE,False,False,False,False,32.19977863564701,-0.5850543990251674,0.20580982855618352,0.05797272287186955,0.04489807895884735,0.04489807895884735,0.03852067765740652,0.05,0.05,0.123986095017381,-0.14753378007250362,-0.1420674405749034,218030000.0,1233164182.0,1.319,0.010911749597336177,-29.073291176010546,medium_factor_quality_value_momentum
BNJ,False,0.22660370698831633,IGNORE,excluded_sector_or_industry;negative_or_zero_fcf;roic_too_low;debt_too_high_or_invalid,15.11,Brookfield Finance Inc. 4.50% P,Financial Services,Investment - Banking & Investment Services,NYSE,False,False,False,True,-125.20799324038867,-9.28643237858297,0.15093263561664205,0.05234829524341364,0.10409415801310105,0.10409415801310105,0.0013079912442190977,0.4782349839422999,-0.2515447473429334,0.023664638269100813,-0.003291639236339572,0.0019854401058903015,0.0,99139607343.0,0.6858628,0.046838477603540984,6.5401005944598465,medium_factor_quality_value_momentum
AUDC,False,0.22656405488549103,IGNORE,market_cap_too_small,9.06,AudioCodes Ltd.,Technology,Communication Equipment,NASDAQ,False,False,False,True,8.151015395525055,-0.10032942654248844,0.3347054816165833,0.08582352694592349,-0.1,-0.1,-0.0033471549743608886,-0.1608941745875908,-0.2538254652676747,0.08763505402160865,0.01912260967379087,-0.04126984126984112,22889000.0,230609743.0,0.973,0.055192508247916196,0.4047367468578334,medium_factor_quality_value_momentum
CCXI,False,0.22625071606692912,IGNORE,excluded_sector_or_industry;negative_or_zero_fcf;market_cap_too_small;roic_too_low,10.37,Churchill Capital Corp XI,Financial Services,Financial - Conglomerates,NASDAQ,False,False,False,True,-1.0605741544456402,-1.1022733032252305,0.2,0.04197274036,0.05000000000000001,0.05000000000000001,0.05,0.05,0.05,0.02066929133858264,0.0,0.0,-632840.0,434503000.0,0.032879006,0.0,0.0,medium_factor_quality_value_momentum
AEAQU,False,0.22612347059722224,IGNORE,excluded_sector_or_industry;negative_or_zero_fcf;market_cap_too_small;roic_too_low,10.15,Activate Energy Acquisition Corp. Unit,Financial Services,Asset Management,NASDAQ,False,False,False,True,-1.333777763142174,-1.1314066761716428,0.2,0.0457627264,0.05000000000000001,0.05000000000000001,0.05,0.05,0.05,0.00694444444444442,0.015000000000000124,0.0,-594690.0,239996750.0,0.09604544,0.0,0.0,medium_factor_quality_value_momentum
CEPV,False,0.22609186847227264,IGNORE,excluded_sector_or_industry;negative_or_zero_fcf;market_cap_too_small;roic_too_low,10.29,"Cantor Equity Partners V, Inc. Class A Ordinary Shares",Financial Services,Shell Companies,NASDAQ,False,False,False,True,-0.11175777375506582,-1.0108608137760025,0.2,0.0476090704,0.05000000000000001,0.05000000000000001,0.05,0.05,0.05,0.01579466929911133,0.0039024390243902474,0.0,-57976.0,262806600.0,0.12681784,0.0,0.0,medium_factor_quality_value_momentum
ALOVU,False,0.22608018451255016,IGNORE,excluded_sector_or_industry;negative_or_zero_fcf;market_cap_too_small;roic_too_low;debt_too_high_or_invalid,10.155,"Aldabra 4 Liquidity Opportunity Vehicle, Inc. Units",Financial Services,Financial - Conglomerates,NASDAQ,False,False,False,True,-0.08801814444127565,-1.0086674686795938,0.2,0.04220223125843552,0.05000000000000001,0.05000000000000001,0.05,0.05,0.05,0.018555667001002973,0.0,0.0,-33710.0,304802325.0,0.03716538,0.0,-3.7677555480200446,medium_factor_quality_value_momentum
BLZR,False,0.2260719076896398,IGNORE,excluded_sector_or_industry;negative_or_zero_fcf;market_cap_too_small;roic_too_low,10.115,Trailblazer Acquisition Corp.,Financial Services,Shell Companies,NASDAQ,False,False,False,True,-0.764104713198921,-1.0755417412949997,0.2,0.04300056778,0.05000000000000001,0.05000000000000001,0.05,0.05,0.05,0.01098901098901095,0.007968127490039834,0.0,-315460.0,347703125.0,0.050009463,0.0,0.0,medium_factor_quality_value_momentum
ARCI,False,0.22583591403965736,IGNORE,excluded_sector_or_industry;negative_or_zero_fcf;market_cap_too_small;roic_too_low,9.9833,Archimedes Tech SPAC Partners III Co.,Financial Services,Financial - Conglomerates,NASDAQ,False,False,False,True,0.0,-1.0,0.2,0.04,0.05000000000000001,0.05000000000000001,0.05,0.05,0.05,0.013197969543147225,0.0,0.0,0.0,352031125.0,0.0,0.0,0.0,medium_factor_quality_value_momentum
AONE,False,0.225832721046,IGNORE,not_actively_trading;excluded_sector_or_industry;negative_or_zero_fcf;market_cap_too_small;roic_too_low,8.56,One,Financial Services,Shell Companies,NYSE,False,False,False,False,1.066499683994312,-0.8754089154212252,0.2,0.04,0.05000000000000001,0.05000000000000001,0.05,0.05,0.05,0.0,0.0,0.0,0.0,1665442092.0,0.0,0.0,0.0,medium_factor_quality_value_momentum
ACHV,False,0.2258164047107385,IGNORE,negative_or_zero_fcf;market_cap_too_small;roic_too_low,5.1,"Achieve Life Sciences, Inc.",Healthcare,Biotechnology,NASDAQ,False,False,False,True,-8.377882410088608,-2.642722041193845,0.1478750348545404,0.17215825689826428,0.05000000000000001,0.05000000000000001,0.05,0.05,0.05,0.2749999999999999,0.20567375886524797,0.6242038216560508,-49468000.0,523560900.0,2.264,0.0,0.6949995352727949,medium_factor_quality_value_momentum
BDCI,False,0.22575022804180922,IGNORE,excluded_sector_or_industry;negative_or_zero_fcf;market_cap_too_small;roic_too_low,10.06,BTC Development Corp. Class A Ordinary Shares,Financial Services,Asset Management,NASDAQ,False,False,False,True,-1.6953301142816055,-1.168521880147277,0.2,0.043855216,0.05000000000000001,0.05000000000000001,0.05,0.05,0.05,0.008016032064128265,0.003992015968063978,0.0,-745840.0,349551480.0,0.0642536,0.0,0.0,medium_factor_quality_value_momentum
ALOV,False,0.22569005946639512,IGNORE,excluded_sector_or_industry;negative_or_zero_fcf;market_cap_too_small;roic_too_low;debt_too_high_or_invalid,9.96,Aldabra 4 Liquidity Opportunity Vehicle Inc.,Financial Services,Financial - Conglomerates,NASDAQ,False,False,False,True,-0.10672254409951296,-1.010715114869429,0.2,0.03996924921969895,0.05000000000000001,0.05000000000000001,0.05,0.05,0.05,0.011201629327902252,0.0,0.0,-33711.0,259956000.0,0.0,0.0,-3.7677555480200446,medium_factor_quality_value_momentum
ATVC,False,0.22561111725668007,IGNORE,not_actively_trading;excluded_sector_or_industry;negative_or_zero_fcf;market_cap_too_small;roic_too_low,9.81,Tribe Capital Growth Corp I,Financial Services,Shell Companies,NASDAQ,False,False,False,False,-3989.287207978599,-407.65516900903145,0.2,0.04,0.05000000000000001,0.05000000000000001,0.05,0.05,0.05,0.006153846153846176,0.0030674846625768915,0.0,-1215879000.0,338444990.0,0.0,0.0,0.0,medium_factor_quality_value_momentum
BLUW,False,0.22556251738194566,IGNORE,excluded_sector_or_industry;negative_or_zero_fcf;market_cap_too_small;roic_too_low,10.3163,Blue Water Acquisition Corp III,Financial Services,Shell Companies,NASDAQ,False,False,False,True,7.164053356224735,-0.3055598076612026,0.277776076935519,0.03950979346,0.05000000000000001,0.05000000000000001,0.05,0.05,0.05,0.0019417475728153999,0.006829268292682933,0.0,-938877.0,333299031.0,-0.008170109,0.0,0.0,medium_factor_quality_value_momentum
ALUB,False,0.22538685164622566,IGNORE,excluded_sector_or_industry;negative_or_zero_fcf;market_cap_too_small;roic_too_low,10.05,Alussa Energy Acquisition Corp. II,Financial Services,Shell Companies,NYSE,False,False,False,True,-2.712998538861951,-1.2699501033693483,0.19994533214215704,0.04312743508435738,0.05000000000000001,0.05000000000000001,0.05,0.05,0.05,0.0050000000000001155,0.0,0.0,-330856.0,361171865.0,0.052517805,0.0,0.0007289047712398132,medium_factor_quality_value_momentum
ACAA,False,0.225177700689,IGNORE,excluded_sector_or_industry;negative_or_zero_fcf;market_cap_too_small;roic_too_low;debt_too_high_or_invalid,9.9601,Averin Capital Acquisition Corp.,Financial Services,Shell Companies,NASDAQ,False,False,False,True,-0.0067877265500794915,-1.0006814918073192,0.2,0.03997598817948132,0.05000000000000001,0.05000000000000001,0.05,0.05,0.05,0.0,0.0,0.0,0.0,355401378.0,0.0,0.0,-4.412169563689726,medium_factor_quality_value_momentum
CCCM,False,0.225175978011,IGNORE,not_actively_trading;excluded_sector_or_industry;negative_or_zero_fcf;market_cap_too_small;roic_too_low,10.34,Columbus Circle Capital Corp I Class A Ordinary Shares,Financial Services,Shell Companies,NASDAQ,False,False,False,False,0.0,-1.0,0.2,0.04,0.05000000000000001,0.05000000000000001,0.05,0.05,0.05,0.0,0.0,0.0,0.0,351956022.0,0.0,0.0,0.0,medium_factor_quality_value_momentum
ANDA,False,0.2251679598,IGNORE,excluded_adr;not_actively_trading;excluded_sector_or_industry;negative_or_zero_fcf;market_cap_too_small;roic_too_low,9.2,Andina Acquisition Corp. III,Financial Services,Shell Companies,NASDAQ,False,False,True,False,-8.591073563721194,-1.9338123438827386,0.2,0.0400849,0.05000000000000001,0.05000000000000001,0.05,0.05,0.05,0.0,0.0,0.0,-254332.0,335919600.0,0.001415,0.0,0.0,medium_factor_quality_value_momentum
AACI,False,0.22512735478,IGNORE,excluded_sector_or_industry;negative_or_zero_fcf;market_cap_too_small;roic_too_low;debt_too_high_or_invalid,9.98,Armada Acquisition Corp. III,Financial Services,Financial - Conglomerates,NASDAQ,False,False,False,True,-0.07055622478619075,-1.0070697620026243,0.2,0.03999434730089113,0.05000000000000001,0.05000000000000001,0.05,0.05,0.05,0.0,0.0,0.0,-20920.0,254709560.0,0.0,0.0,-1.2880143112701252,medium_factor_quality_value_momentum
CAQ,False,0.22512379688950002,IGNORE,excluded_sector_or_industry;negative_or_zero_fcf;market_cap_too_small;roic_too_low;debt_too_high_or_invalid,9.91,Cambridge Acquisition Corp. Class A Ordinary Shares,Financial Services,Financial - Conglomerates,NASDAQ,False,False,False,True,-0.015907440744074405,-1.0016051907915313,0.2,0.03999998286888225,0.05000000000000001,0.05000000000000001,0.05,0.05,0.05,0.0,0.0,0.0,0.0,247593779.0,0.0,0.0,-2.7774896537272773,medium_factor_quality_value_momentum
ACAAU,False,0.22469752841554455,IGNORE,excluded_sector_or_industry;negative_or_zero_fcf;market_cap_too_small;roic_too_low;debt_too_high_or_invalid,10.01,Averin Capital Acquisition Corp. Units,Financial Services,Financial - Conglomerates,NASDAQ,False,False,False,True,-0.0067877265500794915,-1.0006780945604474,0.2,0.04076492694399825,0.05000000000000001,0.05000000000000001,0.05,0.05,0.05,-0.008910891089108919,0.0,0.0,0.0,286145940.0,0.013255648,0.0,-4.412169563689726,medium_factor_quality_value_momentum
BNH,False,0.2239481449238954,IGNORE,excluded_sector_or_industry;negative_or_zero_fcf;roic_too_low;debt_too_high_or_invalid,15.45,Brookfield Finance Inc. 4.625%,Financial Services,Financial - Credit Services,NYSE,False,False,False,True,-125.20799324038867,-9.104077232387617,0.15093263561664205,0.054020674479308445,0.10409415801310105,0.10409415801310105,0.0013079912442190977,0.4782349839422999,-0.2515447473429334,0.021825396825396748,-0.05214723926380371,-0.006430868167202619,0.0,98813291628.0,0.8035011,0.046838477603540984,6.5401005944598465,medium_factor_quality_value_momentum
AGMB,False,0.22385594505875964,IGNORE,negative_or_zero_fcf;market_cap_too_small;roic_too_low,11.84,AgomAb Therapeutics N.V. American Depositary Shares,Healthcare,Biotechnology,NASDAQ,False,False,False,True,0.0,-1.0,0.2,0.19724555200000002,0.05000000000000001,0.05000000000000001,0.05,0.05,0.05,-0.028712059064807227,0.0,0.0,0.0,583096024.0,2.6207592,0.0,0.0,medium_factor_quality_value_momentum
AEHA,False,0.22367924078607454,IGNORE,not_actively_trading;excluded_sector_or_industry;negative_or_zero_fcf;market_cap_too_small;roic_too_low;debt_too_high_or_invalid,9.9608,Aesther Healthcare Acquisition Corp.,Financial Services,Shell Companies,NASDAQ,False,False,False,False,-14.313228279958631,-2.4369556943175876,0.2,0.04253326996717115,0.05000000000000001,0.05000000000000001,0.05,0.05,0.05,-0.0205703048180923,-0.010844091360476593,0.0,-4180000.0,364370048.0,0.0,0.0,-0.16698082281593182,medium_factor_quality_value_momentum
AVY,False,0.22284322114429153,IGNORE,,157.48,Avery Dennison Corporation,Consumer Cyclical,Packaging & Containers,NYSE,False,False,False,True,135.30109319229746,-0.14083633990159095,0.311026025191203,0.07547172561527891,-0.0014337379224785343,-0.0014337379224785343,0.013039133129385316,-0.020740961597702223,-0.0014186445133707037,-0.02283445023579056,-0.1434787338192104,-0.09457827861783485,712400000.0,12045705830.0,0.833,0.14222898807302933,1.6649123589491994,medium_factor_quality_value_momentum
AGR,False,0.22265918960936157,IGNORE,not_actively_trading;negative_or_zero_fcf;roic_too_low,36.02,"Avangrid, Inc.",Utilities,Regulated Electric,NYSE,False,False,False,False,-296.5634774841872,-9.233300318828073,0.17694492638603648,0.05202914976251579,0.044626717301983254,0.044626717301983254,0.07003782771494005,0.05,-0.014255427570955437,0.00755244755244755,0.017514124293785516,0.10524700828474987,-2053000000.0,13936534508.0,0.558,0.028884017308808938,0.6208774429967426,medium_factor_quality_value_momentum
AAWW,False,0.2216600641729664,IGNORE,not_actively_trading;negative_or_zero_fcf;market_cap_too_small,102.48,"Atlas Air Worldwide Holdings, Inc.",Industrials,"Airlines, Airports & Air Services",NASDAQ,False,False,False,False,-53.73799837781013,-1.5243754720707468,0.174227368989412,0.06950525802156582,-0.07335284934586023,-0.07335284934586023,0.1416684871522469,-0.43053530849376154,0.03237816637977753,0.018687872763419655,0.02490249024902491,0.22029054536794468,-8538000.0,2934330336.0,1.154682,0.08451523342061348,0.80383819241602,medium_factor_quality_value_momentum
CEPT,False,0.2209481514506097,IGNORE,excluded_sector_or_industry;market_cap_too_small;roic_too_low,10.64,"Cantor Equity Partners II, Inc. Class A Ordinary Share",Financial Services,Shell Companies,NASDAQ,False,False,False,True,0.01766072098992622,-0.9983401578016987,0.19987612053975887,0.09429517280062422,0.05000000000000001,0.05000000000000001,0.05,0.05,0.05,-0.021159153633854566,-0.019354838709677358,-0.07074235807860252,42984.0,325371168.0,0.90683895,0.0,0.0016517261365484271,medium_factor_quality_value_momentum
BCC,False,0.2204594120506559,IGNORE,market_cap_too_small,72.54,Boise Cascade Company,Basic Materials,Construction Materials,NYSE,False,False,False,True,2.0005327558178903,-0.9724216603829902,0.1937049403412648,0.09105748735152444,-0.1,-0.1,-0.05189184855194051,-0.6118864101572312,-0.33472891700999374,0.06207906295754051,-0.04915454187966972,-0.13601715102429712,12717000.0,2552663449.0,1.072,0.06258111041005919,0.2516822675839254,medium_factor_quality_value_momentum
BIPH,False,0.21973130040188232,IGNORE,excluded_sector_or_industry;negative_or_zero_fcf;market_cap_too_small;debt_too_high_or_invalid,16.12,Brookfield Infrastructure Corpo,Financial Services,Financial - Conglomerates,NYSE,False,False,False,True,-405.6057085648201,-26.161644451911915,0.19285019781348706,0.053516797116118,0.1146625829908763,0.1146625829908763,0.24048613749535108,0.14567517836034338,-0.18350341907227397,0.014474512271869022,-0.042186571598336164,0.0018645121193288094,-2159000000.0,5889546957.0,0.97252107,0.07818761482261079,9.08822483102099,medium_factor_quality_value_momentum
ARNC,False,0.2191269788756363,IGNORE,not_actively_trading;market_cap_too_small,29.99,Arconic Corporation,Industrials,Manufacturing - Metal Fabrication,NYSE,False,False,False,False,-6.237804683426133,-1.207996154832482,0.15872805041474677,0.1121617524062458,-0.05562643791993176,-0.05562643791993176,0.04753056301843084,-0.2928932188134524,0.09395973154362403,0.039514731369150624,0.2407943731899047,0.07800143781452196,93000000.0,3009376540.0,1.812375,0.10345907473309608,1.2630803242446573,medium_factor_quality_value_momentum
AKR,False,0.21895313726651908,IGNORE,excluded_sector_or_industry;market_cap_too_small;roic_too_low,21.25,Acadia Realty Trust,Real Estate,REIT - Retail,NYSE,False,False,False,True,17.048964101794347,-0.19769580697438371,0.2900030032555277,0.08065861148138655,0.0743095554710292,0.0743095554710292,0.08859388221789222,0.29486490157595213,-0.2850921171800812,0.09592573491490453,0.04834731129748393,0.10275038920601975,166982000.0,2837236250.0,1.118,0.009505418812269966,0.8631153098402398,medium_factor_quality_value_momentum
CDZI,False,0.2184570395021713,IGNORE,negative_or_zero_fcf;market_cap_too_small;roic_too_low;debt_too_high_or_invalid,4.0,Cadiz Inc.,Utilities,Regulated Water,NASDAQ,False,False,False,True,-9.552585755697773,-3.3881464389244433,0.2,0.13996947227544296,0.3,0.3,1.3190690668458092,0.05,0.05,-0.13043478260869557,-0.24242424242424243,0.33333333333333326,-26506000.0,336345144.0,1.814,0.0,4.480951152390781,medium_factor_quality_value_momentum
AVA,False,0.21807101354429506,IGNORE,negative_or_zero_fcf;market_cap_too_small,39.71,Avista Corporation,Utilities,Diversified Utilities,NYSE,False,False,False,True,-140.87370345552623,-4.5475624138888495,0.16811152228830592,0.04481805094877733,0.05967403245802723,0.05967403245802723,0.08087382864352444,0.05,0.03178548877407361,0.034923117018504035,0.02371745295179184,0.05893333333333328,-101000000.0,3281570864.0,0.234,0.05190371352906052,1.2462163159837578,medium_factor_quality_value_momentum
CHAC,False,0.21765863761101062,IGNORE,not_actively_trading;excluded_sector_or_industry;negative_or_zero_fcf;market_cap_too_small;roic_too_low,9.72,Crane Harbor Acquisition Corp.,Financial Services,Shell Companies,NASDAQ,False,False,False,False,-1.1269781541766406,-1.1159442545449219,0.19975719516179774,0.09686468672431864,0.05000000000000001,0.05000000000000001,0.05,0.05,0.05,-0.11796733212341193,-0.03187250996015922,0.0,-1987621.0,291340797.0,0.9516237,0.0,0.0032373978426970497,medium_factor_quality_value_momentum
ARHS,False,0.21666006770866622,IGNORE,market_cap_too_small,6.95,"Arhaus, Inc.",Consumer Cyclical,Home Improvement,NASDAQ,False,False,False,True,3.024990543348626,-0.5647495621081113,0.19275567480804218,0.12085567783947257,0.05968118674133507,0.05968118674133507,0.14697668501590155,-0.12005904538336454,0.15470053837925146,0.025073746312684442,-0.39459930313588854,-0.20480549199084663,58978000.0,983703424.0,2.343,0.08718821311620163,1.3881830006599272,medium_factor_quality_value_momentum
BKU,False,0.21488650571608947,IGNORE,excluded_sector_or_industry;market_cap_too_small,48.5,"BankUnited, Inc.",Financial Services,Banks - Regional,NYSE,False,False,False,True,2.353259635641818,-0.9514791827702718,0.1564075161544672,0.18922587239205704,-0.018101133305498167,-0.018101133305498167,0.1830724127259311,-0.25888836833372075,-0.0592673728260229,0.11213024535656957,0.06336329752247316,0.436611374407583,358614000.0,3525063129.0,1.175,0.05487599621671039,0.6462464008299089,medium_factor_quality_value_momentum
BKH,False,0.2143254594002724,IGNORE,negative_or_zero_fcf;market_cap_too_small,72.92,Black Hills Corporation,Utilities,Diversified Utilities,NYSE,False,False,False,True,-132.37721119422199,-2.815375907764975,0.1534554342787551,0.060440093618920776,0.039431104505631955,0.039431104505631955,0.04338470139963535,0.05,0.015670567476073094,0.07488207547169812,0.03300750814562958,0.3028408075754869,-146400000.0,5551262365.0,0.703,0.05623651200975878,1.2294957631551418,medium_factor_quality_value_momentum
BKV,False,0.21411658797514513,IGNORE,negative_or_zero_fcf;market_cap_too_small,25.69,BKV Corporation,Energy,Oil & Gas Exploration & Production,NYSE,False,False,False,True,-8.359828667078812,-1.325411781513383,0.1890531094733713,0.09788007615641915,-0.1,-0.1,0.0017144730180580492,-0.7532482009611091,-0.3678685548602836,-0.11718213058419247,-0.019465648854961715,0.05720164609053491,-57458000.0,2810142011.0,1.0467849,0.05696103308616517,0.23877231483725142,medium_factor_quality_value_momentum
ANGO,False,0.2138535054943203,IGNORE,negative_or_zero_fcf;market_cap_too_small;roic_too_low,12.39,"AngioDynamics, Inc.",Healthcare,Medical - Instruments & Supplies,NASDAQ,False,False,False,True,-10.586423399986051,-1.8544328813548063,0.17418594939361226,0.06110003178002622,0.02834482789828514,0.02834482789828514,0.001275862771141556,0.05,0.05,0.19020172910662825,-0.057794676806083634,0.2111436950146628,-14592000.0,511941171.0,0.364,0.0,0.05545171339563863,medium_factor_quality_value_momentum
BRMK,False,0.21367746897053558,IGNORE,not_actively_trading;excluded_sector_or_industry;market_cap_too_small;roic_too_low,4.82,Broadmark Realty Capital Inc.,Real Estate,REIT - Mortgage,NYSE,False,False,False,False,4.60595558340574,-0.04440755531001239,0.34979859869268315,0.1034485160046789,-0.014004599634692423,-0.014004599634692423,0.03238227190756815,-0.08519016144750147,0.0,-0.05490196078431364,0.15865384615384626,-0.3530201342281879,57081000.0,635035000.0,1.1643,0.02607226083401472,0.11347520023102128,medium_factor_quality_value_momentum
CERS,False,0.21242662678209862,IGNORE,market_cap_too_small;roic_too_low,2.6,Cerus Corporation,Healthcare,Medical - Devices,NASDAQ,False,False,False,True,0.421562838986493,-0.8378604465436565,0.10136731403501223,0.13671666360026205,0.06457966455818115,0.06457966455818115,0.12030424525590755,0.0,0.05,0.5116279069767442,0.18721461187214627,0.9402985074626866,8522000.0,520959332.0,1.768,0.0,1.5094980069755854,medium_factor_quality_value_momentum
AZPN,False,0.2118380944202926,IGNORE,not_actively_trading;roic_too_low,264.33,"Aspen Technology, Inc.",Technology,Software - Application,NASDAQ,False,False,False,False,95.30935363552194,-0.639430433036273,0.15937100387701866,0.0832524543032906,0.009944646519505435,0.009944646519505435,0.17565825682076874,0.08509412689791263,-0.43420679465063194,0.05130652666746194,0.17323568575233006,0.28290623179965046,335271000.0,16734309372.0,0.729,0.0,0.007648568566490451,medium_factor_quality_value_momentum
CLDX,False,0.21177474113675315,IGNORE,negative_or_zero_fcf;market_cap_too_small;roic_too_low,33.41,"Celldex Therapeutics, Inc.",Healthcare,Biotechnology,NASDAQ,False,False,False,True,-22.770292058467685,-1.6815412169550341,0.14966765623666214,0.09580000000000001,-0.0817369270862431,-0.0817369270862431,-0.24640808594404695,0.05,0.05,0.08122977346278315,0.29646876212650364,0.6047070124879921,-213659000.0,2223049982.0,0.93,0.0,0.004431250177838058,medium_factor_quality_value_momentum
AMWD,False,0.21029732532541773,IGNORE,not_actively_trading;market_cap_too_small,48.09,American Woodmark Corporation,Consumer Cyclical,"Furnishings, Fixtures & Appliances",NASDAQ,False,False,False,False,38.24107760044288,-0.20480187979948272,0.3063319070552978,0.08378773441609515,-0.011170183870620427,-0.011170183870620427,-0.0049722726156288255,-0.17276097441617533,0.2188201794377287,-0.06494264048220877,-0.07251687560270004,-0.1675610178293232,65684000.0,700651824.0,1.34,0.08000449686119981,0.5566911718147857,medium_factor_quality_value_momentum
AEVA,False,0.2094205722907501,IGNORE,negative_or_zero_fcf;market_cap_too_small;roic_too_low;debt_too_high_or_invalid,25.27,"Aeva Technologies, Inc.",Consumer Cyclical,Auto - Parts,NASDAQ,False,False,False,True,-19.80033989104609,-1.7835512422258049,0.10862405178275009,0.17397992009923532,0.10862405178275007,0.10862405178275007,0.18190411651118765,0.05,0.05,0.7909284195605955,0.9619565217391304,-0.08475190148496925,-119686000.0,1593041016.0,2.409,0.0,7.748316307226636,medium_factor_quality_value_momentum
AMED,False,0.20858843493333268,IGNORE,not_actively_trading;market_cap_too_small;roic_too_low,100.99,"Amedisys, Inc.",Healthcare,Medical - Care Facilities,NASDAQ,False,False,False,False,58.22926417318384,-0.42341554437881135,0.19779367541031728,0.09074411544133847,-0.09304125626278963,-0.09304125626278963,0.03185167598421845,-0.06767511480418575,-0.38087633294471157,0.07757148954332038,0.08848889846949759,0.0298796655109117,214292000.0,3321328621.0,0.901,0.047580763804683304,0.40561160857121953,medium_factor_quality_value_momentum
AMHC,False,0.2077080618180029,IGNORE,not_actively_trading;excluded_sector_or_industry;negative_or_zero_fcf;market_cap_too_small;roic_too_low,10.23,Amplitude Healthcare Acquisition Corporation,Financial Services,Shell Companies,NASDAQ,False,False,False,False,-570.3868396197666,-56.756289307895074,0.17768609973500363,0.039955877061918936,0.05000000000000001,0.05000000000000001,0.05,0.05,0.05,0.0,0.0,0.0,-77168000.0,1118364060.0,0.0,0.0,0.2975186701999518,medium_factor_quality_value_momentum
AVO,False,0.20745775897573765,IGNORE,market_cap_too_small,11.39,"Mission Produce, Inc.",Consumer Defensive,Food Distribution,NASDAQ,False,False,False,True,5.368980760343054,-0.5286232870638232,0.18901282725648488,0.07052181059012211,-0.09684337740872323,-0.09684337740872323,0.11761623159733392,-0.3921568627450981,-0.08279236741627516,-0.06792144026186575,-0.13318112633181123,-0.09170653907496007,37200000.0,804797786.0,0.503,0.0646683695687614,0.3420738974970203,medium_factor_quality_value_momentum
BRKS,False,0.20713122436482978,IGNORE,not_actively_trading;market_cap_too_small;roic_too_low,113.1,"Brooks Automation, Inc.",Technology,Semiconductors,NASDAQ,False,False,False,False,11.448274009509017,-0.8987774181298938,0.161217605062806,0.1453018488255654,-0.061904400284194395,-0.061904400284194395,-0.015285724477326568,-0.14435381482808896,-0.031467630082088194,0.33121468926553677,0.0,0.0,38324000.0,7815594540.0,1.770909,0.01344304290654069,0.02967250458312922,medium_factor_quality_value_momentum
CERE,False,0.20679837174742852,IGNORE,not_actively_trading;negative_or_zero_fcf;market_cap_too_small;roic_too_low,44.96,"Cerevel Therapeutics Holdings, Inc.",Healthcare,Biotechnology,NASDAQ,False,False,False,False,-23.377317538677154,-1.5199581303086556,0.1464807159978924,0.12003745574897129,0.05000000000000001,0.05000000000000001,0.05,0.05,0.05,0.05465634529673924,0.07303102625298341,0.46688417618270805,-346109000.0,8191487560.0,1.407,0.0,0.713590453361435,medium_factor_quality_value_momentum
ATAI,False,0.20616905303997576,IGNORE,negative_or_zero_fcf;market_cap_too_small;roic_too_low,4.05,Atai Beckley Inc.,Healthcare,Biotechnology,NASDAQ,False,False,False,True,-1.4456804086858253,-1.3569581256014382,0.1492996024770816,0.1368907701380343,-0.1,-0.1,-0.3306942675535546,0.05,0.05,0.16045845272206294,-0.0024630541871920597,0.7381974248927037,-103576000.0,1491075030.0,1.605,0.0,0.009338633638912176,medium_factor_quality_value_momentum
ACHC,False,0.20595517249052428,IGNORE,negative_or_zero_fcf;market_cap_too_small,25.21,"Acadia Healthcare Company, Inc.",Healthcare,Medical - Care Facilities,NASDAQ,False,False,False,True,-122.08472556657591,-5.842710256508366,0.11639144642417815,0.061735818993059674,-0.07724293617526627,-0.07724293617526627,0.09380137425893742,-0.457176785740957,0.1505692173048625,0.10910690717113947,0.7350309704060565,0.17146840148698894,-439909000.0,2318488751.0,0.693,0.06855716557695705,1.3622095887037189,medium_factor_quality_value_momentum
AIV,False,0.20584035353462754,IGNORE,excluded_sector_or_industry;negative_or_zero_fcf;market_cap_too_small;roic_too_low,2.9,Apartment Investment and Management Company,Real Estate,REIT - Residential,NYSE,False,False,False,True,-36.197520450553505,-13.48190360363914,0.2,0.08954914781605838,0.3,0.3,-0.04973654046934739,0.05,6.8979591836734695,-0.28395061728395066,-0.493006993006993,-0.6596244131455399,-91530000.0,417182931.0,1.187,0.0,2.4061372988478746,medium_factor_quality_value_momentum
AC,False,0.20576541203129398,IGNORE,not_actively_trading;excluded_sector_or_industry;market_cap_too_small;roic_too_low,30.92,"Associated Capital Group, Inc.",Financial Services,Financial - Capital Markets,NYSE,False,False,False,False,32.51822866896964,0.05168915488258863,0.3706756619530355,0.07618,-0.1,-0.1,-0.08726134395056018,-0.6641071590454044,0.352886457979132,-0.10733404710920769,-0.09864864864864864,-0.058441558441558406,26874000.0,652197972.0,0.603,0.0,0.0,medium_factor_quality_value_momentum
AREC,False,0.20432251779396332,IGNORE,negative_or_zero_fcf;market_cap_too_small;roic_too_low,2.24,American Resources Corporation,Energy,Coal,NASDAQ,False,False,False,True,-0.7506549921096799,-1.33511383576325,0.14360877537972827,0.11027029477801194,-0.1,-0.1,-0.6330374898005718,0.05,0.05,-0.13513513513513498,0.05164319248826299,1.2420178160344313,-17819970.0,239615649.0,1.115,0.0,0.08521632827028988,medium_factor_quality_value_momentum
BPYPO,False,0.20425208432407688,IGNORE,excluded_sector_or_industry;negative_or_zero_fcf;market_cap_too_small;roic_too_low;debt_too_high_or_invalid,15.31,Brookfield Property Partners L.P.,Real Estate,Real Estate - Services,NASDAQ,False,False,False,True,-412.0404814738745,-27.913160122395457,0.17050592677344306,0.04848638322747212,0.13406703874735204,0.13406703874735204,0.0016508371815420197,0.3666666666666667,0.05,0.052233676975945054,0.048630136986301364,0.0254521098459477,-1353000000.0,6423053552.0,-0.775,0.03643888802609101,5.659685283687943,medium_factor_quality_value_momentum
CHH,False,0.2038984121671351,IGNORE,market_cap_too_small;debt_too_high_or_invalid,109.88,"Choice Hotels International, Inc.",Consumer Cyclical,Travel Lodging,NYSE,False,False,False,True,20.081407943381667,-0.8172423740136361,0.1668170250458775,0.06790999054585892,0.004958164087579265,0.004958164087579265,0.10544583158952414,-0.2009846060366226,0.11289698426999228,0.1254737273379085,0.1540804537338516,-0.10985093972780302,124652000.0,4999045540.0,0.683,0.16185886095829824,11.755359241622477,medium_factor_quality_value_momentum
BRCC,False,0.20383316646841484,IGNORE,negative_or_zero_fcf;market_cap_too_small;roic_too_low,1.23,BRC Inc.,Consumer Defensive,Packaged Foods,NYSE,False,False,False,True,-2.7695211164528026,-3.25164318410797,0.13954948338004886,0.11657208931000083,0.0914622821008339,0.0914622821008339,0.14329013472687624,0.05,0.05,0.44705882352941173,0.016528925619834656,-0.1398601398601398,-13470000.0,391342085.0,1.196,0.0,1.358837316277134,medium_factor_quality_value_momentum
AQST,False,0.20293936527208054,IGNORE,negative_or_zero_fcf;market_cap_too_small;roic_too_low;debt_too_high_or_invalid,4.72,"Aquestive Therapeutics, Inc.",Healthcare,Drug Manufacturers - Specialty & Generic,NASDAQ,False,False,False,True,-4.594202955299169,-1.973348083749824,0.16334765826494857,0.12262699245164926,0.013347658264948574,0.013347658264948574,-0.03246776890386571,0.05,0.05,0.18592964824120606,-0.16163410301953818,0.388235294117647,-52994000.0,468727322.0,1.451,0.0,-3.9048481967797515,medium_factor_quality_value_momentum
CBAH,False,0.20161836612404976,IGNORE,not_actively_trading;excluded_sector_or_industry;negative_or_zero_fcf;market_cap_too_small;roic_too_low,10.75,"CBRE Acquisition Holdings, Inc.",Financial Services,Shell Companies,NYSE,False,False,False,False,-14.727200182288534,-2.3699721099803286,0.16315198841735892,0.05882639389398844,0.05000000000000001,0.05000000000000001,0.05,0.05,0.05,0.0,0.0,0.0,-53357000.0,1708218000.0,0.0,0.02621333195081321,0.8408179137793909,medium_factor_quality_value_momentum
BIO,False,0.20104752599165457,IGNORE,market_cap_too_small;roic_too_low,280.96,"Bio-Rad Laboratories, Inc.",Healthcare,Medical - Devices,NYSE,False,False,False,True,125.1369005396264,-0.5546095510406235,0.16234057991046627,0.0930353375460791,-0.1,-0.1,-0.030385266062466276,-0.08555438109253455,-0.8021018248952638,0.06283791447691778,-0.0669476898566117,0.21168103448275866,374600000.0,7595835921.0,1.08,0.027745887412881205,0.2054041000321992,medium_factor_quality_value_momentum
AIB,False,0.2009627213643125,IGNORE,market_cap_too_small;roic_too_low;wacc_out_of_range,2.34,"BlockchAIn Digital Infrastructure, Inc.",Technology,Software - Application,AMEX,False,False,False,True,0.08727272377008877,-0.9627039642008167,0.14922023401377302,0.53548,-0.1,-0.1,-0.22788553752230922,-0.43055170268122867,0.05,0.5294117647058822,0.0,0.0,2297032.0,231891836.0,8.258,0.0,0.010396879816359792,medium_factor_quality_value_momentum
ALEX,False,0.20017086780032492,IGNORE,not_actively_trading;excluded_sector_or_industry;market_cap_too_small;roic_too_low,20.84,"Alexander & Baldwin, Inc.",Real Estate,REIT - Retail,NYSE,False,False,False,False,-1.905744257880826,-1.0914464615105963,0.15739068621241745,0.08245227085367704,-0.06015641241761756,-0.06015641241761756,-0.050242992077128124,-0.2658265528433057,0.22852195753993576,-0.0004796163069544779,0.11563169164882225,0.13755458515283836,27281000.0,1518725253.0,0.946,0.045827348617882596,0.5124888320728685,medium_factor_quality_value_momentum
CIIG,False,0.2001357987832255,IGNORE,not_actively_trading;excluded_sector_or_industry;negative_or_zero_fcf;market_cap_too_small;roic_too_low,8.75,"CIIG Capital Partners II, Inc.",Financial Services,Shell Companies,NASDAQ,False,False,False,False,-4.276090615735537,-1.4886960703697758,0.19997321528153186,0.03998728354673174,0.05000000000000001,0.05000000000000001,0.05,0.05,0.05,-0.7348927875243665,-0.7296222664015904,-0.7241379310344827,-1355363.0,314453116.0,0.0,0.0,0.00035712957957527365,medium_factor_quality_value_momentum
CLAQ,False,0.20013230224,IGNORE,not_actively_trading;excluded_sector_or_industry;negative_or_zero_fcf;market_cap_too_small;roic_too_low;debt_too_high_or_invalid,5.6,CleanTech Acquisition Corp.,Financial Services,Shell Companies,NASDAQ,False,False,False,False,-365.68450423535234,-66.30080432774149,0.2,0.061001247760003555,0.3,0.3,1.9191560597675705,0.05,0.05,-0.44279161401379097,-0.4371859296482412,0.0,-23966298.0,264604480.0,0.0,0.0,3.1323864156026877,medium_factor_quality_value_momentum
AVXL,False,0.20011769313250002,IGNORE,negative_or_zero_fcf;market_cap_too_small;roic_too_low,2.54,Anavex Life Sciences Corp.,Healthcare,Biotechnology,NASDAQ,False,False,False,True,-5.434608676354542,-3.1396097151002134,0.2,0.10726,0.05000000000000001,0.05000000000000001,0.05,0.05,0.05,-0.37438423645320185,-0.3520408163265306,-0.7187153931339978,-39044000.0,235386265.0,1.121,0.0,0.0,medium_factor_quality_value_momentum
BBOT,False,0.19991152012876212,IGNORE,negative_or_zero_fcf;market_cap_too_small;roic_too_low,7.87,BridgeBio Oncology Therapeutics Inc.,Healthcare,Biotechnology,NASDAQ,False,False,False,True,-140.0147724448809,-18.790949484737087,0.19949537334345263,0.057017053363399135,0.05000000000000001,0.05000000000000001,0.05,0.05,0.05,-0.09331797235023043,-0.3114610673665792,-0.27532228360957633,-114500000.0,630442908.0,0.287,0.0,0.006728355420631677,medium_factor_quality_value_momentum
ASIX,False,0.19986304440310834,IGNORE,market_cap_too_small,19.48,AdvanSix Inc.,Basic Materials,Chemicals,NYSE,False,False,False,True,-11.121940326953576,-1.5709414952234895,0.1666815524532471,0.09222235154594617,-0.1,-0.1,-0.025022770714128062,-0.5538861467680933,-0.21786475420510598,-0.038024691358024665,0.19143730886850152,-0.17909818794774546,6418000.0,525162021.0,1.287,0.05188946054141022,0.4694387745088418,medium_factor_quality_value_momentum
ALLO,False,0.19947841114054332,IGNORE,negative_or_zero_fcf;market_cap_too_small;roic_too_low,2.1,"Allogene Therapeutics, Inc.",Healthcare,Biotechnology,NASDAQ,False,False,False,True,-9.260116832686629,-5.40957944413649,0.12865614168221998,0.06754,-0.1,-0.1,-0.9422268160846439,0.05,0.05,0.01449275362318847,0.47887323943661975,0.627906976744186,-149632000.0,512125730.0,0.459,0.0,0.2845847775704001,medium_factor_quality_value_momentum
ACHR,False,0.19874198897675505,IGNORE,negative_or_zero_fcf;market_cap_too_small;roic_too_low,5.43,Archer Aviation Inc.,Industrials,Aerospace & Defense,NYSE,False,False,False,True,-1.7154790819363208,-1.3159261661024533,0.19584960050844383,0.2241089676781849,0.05000000000000001,0.05000000000000001,0.05,0.05,0.05,-0.05729166666666663,-0.28364116094986813,-0.4676470588235294,-511700000.0,4124617140.0,3.146,0.0,0.055338659887416014,medium_factor_quality_value_momentum
BKI,False,0.19836138686711338,IGNORE,not_actively_trading;roic_too_low,75.775,"Black Knight, Inc.",Technology,Software - Application,NYSE,False,False,False,False,1.6230893418995396,-0.9785801472530579,0.11873226276133268,0.06329931321951864,-0.04221671812592721,-0.04221671812592721,0.08641220411610528,-0.2070723039386727,-0.05219118389087396,0.3219333449659745,0.2875594833446635,0.14510278113663855,131400000.0,11878564169.0,0.512642,0.046122190091997584,1.0318656977421987,medium_factor_quality_value_momentum
BBCP,False,0.19819879740401833,IGNORE,market_cap_too_small;roic_too_low,11.26,"Concrete Pumping Holdings, Inc.",Industrials,Engineering & Construction,NASDAQ,False,False,False,True,-2.2522903633527305,-1.2000257871538837,0.07506737256404994,0.08006684424040778,-0.0284100872092862,-0.0284100872092862,0.056101369532585155,0.12553281387334048,-0.42834735231696885,0.6583210603829159,0.6318840579710143,0.8829431438127089,17528000.0,567429909.0,0.918,0.039305921991391914,1.5231806590312262,medium_factor_quality_value_momentum
ADSE,False,0.19693108217456512,IGNORE,negative_or_zero_fcf;market_cap_too_small;roic_too_low;debt_too_high_or_invalid,11.5,ADS-TEC Energy PLC,Industrials,Electrical Equipment & Parts,NASDAQ,False,False,False,True,-12.72853752489049,-2.1068293499904773,0.1727279304576778,0.10076320119899126,0.02272793045767779,0.02272793045767779,-0.011362156470224982,0.05,0.05,0.046405823475887065,-0.03765690376569031,-0.05814905814905824,-50268519.0,695016300.0,0.353,0.0,-5.822029670180236,medium_factor_quality_value_momentum
ABM,False,0.19506631767207752,IGNORE,market_cap_too_small,43.86,ABM Industries Incorporated,Industrials,Specialty Business Services,NYSE,False,False,False,True,30.460722140097655,-0.30550109119704383,0.2277907654568515,0.0696259728657198,-0.001040186267059411,-0.001040186267059411,0.08856286919759238,-0.17873259080380466,0.08629230960875489,0.17304092003209415,-0.0909844559585492,-0.0034083162917518672,155100000.0,2569358274.0,0.72,0.07111855408620668,0.9483646953405018,medium_factor_quality_value_momentum
AKAM,False,0.19506082916780818,IGNORE,roic_too_low,120.74,"Akamai Technologies, Inc.",Technology,Software - Infrastructure,NASDAQ,False,False,False,True,105.70924361536127,-0.12448862336126154,0.2401605411645394,0.058387001836631126,-0.007796320180211085,-0.007796320180211085,0.05006468475460668,-0.050226440178069764,-0.0598731500530586,0.09286748732802308,0.37909765848086807,0.5341804320203303,699265000.0,17553839354.0,0.598,0.044059261091044,1.3880436077600002,medium_factor_quality_value_momentum
BEN,False,0.1940390411800693,IGNORE,excluded_sector_or_industry;roic_too_low,33.93,"Franklin Resources, Inc.",Financial Services,Asset Management,NYSE,False,False,False,True,2.164202713519919,-0.9362156583106419,0.08673990470255374,0.0823712877040806,-0.07973821025257764,-0.07973821025257764,0.010089004032523663,-0.059698497271355455,-0.2894522082946135,0.44629156010230164,0.4334600760456273,0.50199203187251,911599999.0,17631288907.0,1.593,0.019328828181995373,1.101185646392555,medium_factor_quality_value_momentum
AMNB,False,0.19375236416187858,IGNORE,not_actively_trading;excluded_sector_or_industry;market_cap_too_small;roic_too_low,47.76,American National Bankshares Inc.,Financial Services,Banks - Regional,NASDAQ,False,False,False,False,15.002978511312813,-0.6858672841014906,0.13848482750263924,0.08100773883082968,0.01674882647690259,0.01674882647690259,0.10597308220996537,-0.12822798468702024,0.05576553175666121,-0.04480000000000006,0.25255704169944915,0.4976481655691438,16822000.0,507722232.0,0.914,0.0,0.3768533196568445,medium_factor_quality_value_momentum
AIRS,False,0.19300055699986282,IGNORE,market_cap_too_small;roic_too_low,4.74,"AirSculpt Technologies, Inc.",Healthcare,Medical - Care Facilities,NASDAQ,False,False,False,True,-1.1911445502304328,-1.2512963186140154,0.07854170466982853,0.16700803531911493,-0.1,-0.1,0.03302554781880995,-0.671478086221216,0.05,0.7886792452830189,1.1255605381165918,-0.051999999999999935,692000.0,334386528.0,2.344,0.0,0.9527772710689529,medium_factor_quality_value_momentum
CCCS,False,0.19279643204856264,IGNORE,not_actively_trading;market_cap_too_small;roic_too_low,8.75,CCC Intelligent Solutions Holdings Inc.,Technology,Software - Infrastructure,NASDAQ,False,False,False,False,4.555482176219399,-0.4793734655749259,0.19762577635410566,0.09204342420372053,-0.04950849920909665,-0.04950849920909665,0.11320795224806934,0.30053056604195105,-0.9,-0.2701894317048853,-0.1643835616438356,-0.41299117882919,254508000.0,5629031450.0,0.721,0.04240893128150915,0.040450249299108565,medium_factor_quality_value_momentum
API,False,0.19157612185077386,IGNORE,excluded_adr;negative_or_zero_fcf;market_cap_too_small;roic_too_low,4.17,"Agora, Inc.",Technology,Software - Application,NASDAQ,False,False,True,True,0.3185528043927526,-0.9236084401935845,0.14781334322812853,0.07137218868621537,0.00878522181256234,0.00878522181256234,-0.042733250921734744,0.05,0.05,0.1914285714285715,0.0692307692307692,0.12096774193548376,-4681000.0,375772490.0,0.781,0.0,0.14629171445911737,medium_factor_quality_value_momentum
ALGT,False,0.19114231773420365,IGNORE,market_cap_too_small,102.18,Allegiant Travel Company,Industrials,"Airlines, Airports & Air Services",NASDAQ,False,False,False,True,-22.74111950966317,-1.2225594001728632,0.08256362135492301,0.09656768586300209,-0.1,-0.1,0.11147955279841804,-0.49507147617101765,-0.1487336621948543,0.32615184944841036,0.19522751198970645,0.9992173742907455,75104000.0,1866430711.0,1.559,0.06541933113104619,1.7714094636816422,medium_factor_quality_value_momentum
AER,False,0.18923908046469926,IGNORE,negative_or_zero_fcf,146.85,AerCap Holdings N.V.,Industrials,Rental & Leasing Services,NYSE,False,False,False,True,-414.48271953514916,-3.8224904292485475,0.12900167574926227,0.05694361380636269,0.06775686401842569,0.06775686401842569,0.15579077316772016,-0.31756196426442496,0.4696672881441126,0.11588145896656532,0.04185881518268886,0.27806788511749336,-681174000.0,23156057082.0,0.941,0.061244811730836575,2.3775940224675933,medium_factor_quality_value_momentum
AVNT,False,0.18884451333603852,IGNORE,market_cap_too_small;roic_too_low,37.28,Avient Corporation,Basic Materials,Chemicals - Specialty,NYSE,False,False,False,True,13.960834040542931,-0.6255141083545351,0.12947034871327334,0.08994855753508668,-0.01928114298846128,-0.01928114298846128,-0.004196146132153578,0.09997444763783148,-0.2283345226405158,0.16828580382325287,0.2115697107572312,0.09101551068188463,195000000.0,3418955026.0,1.296,0.04022028553409719,0.8099991576109847,medium_factor_quality_value_momentum
APPS,False,0.1868000647367954,IGNORE,market_cap_too_small,9.25,"Digital Turbine, Inc.",Technology,Software - Application,NASDAQ,False,False,False,True,-2.5432896111298033,-1.274950228230249,0.05744880363125298,0.19099429289394548,-0.1,-0.1,-0.06751126802189933,-0.6465058572144822,-0.5428571428571428,1.9647435897435894,0.8137254901960786,0.37240356083086046,11186000.0,1116123306.0,2.855,0.051414800893964975,1.9195466301694932,medium_factor_quality_value_momentum
CGNT,False,0.18679420205955577,IGNORE,market_cap_too_small;roic_too_low,8.13,Cognyte Software Ltd.,Technology,Software - Infrastructure,NASDAQ,False,False,False,True,4.832554412025532,-0.40558986321949186,0.2044579746526684,0.13758450190982902,0.01905997237395891,0.01905997237395891,-0.041544573412661046,0.07923934833875812,0.05,0.02264150943396226,-0.13418530351437696,-0.09966777408637861,29692000.0,599229024.0,1.644,0.010903033088235294,0.17692114028972036,medium_factor_quality_value_momentum
ALRS,False,0.1861814767480124,IGNORE,excluded_sector_or_industry;market_cap_too_small;roic_too_low,29.76,Alerus Financial Corporation,Financial Services,Banks - Regional,NASDAQ,False,False,False,True,-0.4083292281128889,-1.0137207401919655,0.11013447682920749,0.12723660879488144,-0.09904243427665806,-0.09904243427665806,0.08589357964078914,-0.20614034002213388,-0.3082676034933387,0.27342747111681653,0.2833117723156533,0.41310541310541327,58831000.0,747828505.0,0.714,0.018620866389757938,0.7798185274740058,medium_factor_quality_value_momentum
CELC,False,0.18561299393125852,IGNORE,negative_or_zero_fcf;market_cap_too_small;roic_too_low,89.93,Celcuity Inc.,Healthcare,Biotechnology,NASDAQ,False,False,False,True,-178.52491876533045,-2.98515421733938,0.05427527223907316,0.04802926652321808,0.05000000000000001,0.05000000000000001,0.05,0.05,0.05,-0.15192380233874003,-0.09207470974255416,6.614733276883997,-153529000.0,4385552280.0,0.118,0.0,1.9429963701456914,medium_factor_quality_value_momentum
APEN,False,0.18547554934602717,IGNORE,not_actively_trading;negative_or_zero_fcf;market_cap_too_small;roic_too_low,10.0,"Apollo Endosurgery, Inc.",Healthcare,Medical - Devices,NASDAQ,False,False,False,False,-6.801604016118272,-1.6801604016118272,0.07318056760630476,0.16910226131584438,0.05448924404982197,0.05448924404982197,0.06010079911209942,0.05,0.05,0.012145748987854255,0.890359168241966,0.6778523489932886,-34007000.0,579718970.0,2.323044,0.0,1.7507823525802295,medium_factor_quality_value_momentum
BV,False,0.18442109031377393,IGNORE,market_cap_too_small;roic_too_low,13.19,"BrightView Holdings, Inc.",Industrials,Specialty Business Services,NYSE,False,False,False,True,-4.0498307536853835,-1.3070379646463521,0.14708679890639398,0.08936547337272246,-0.056381482069084464,-0.056381482069084464,0.011470913037518127,-0.2445185822285404,0.09011937795689429,0.15701754385964906,0.024068322981366297,-0.15340179717586655,37600000.0,1229308000.0,1.205,0.03513468513493684,0.5073051497139048,medium_factor_quality_value_momentum
AORT,False,0.1840322582833324,IGNORE,negative_or_zero_fcf;market_cap_too_small;roic_too_low,20.13,"Artivion, Inc.",Healthcare,Medical - Devices,NYSE,False,False,False,True,-5.087122269935215,-1.2527134759033887,0.17377057255499315,0.10863155412718567,0.04646415861225031,0.04646415861225031,0.10238332133565886,-0.030451952610794253,0.05,-0.4299065420560748,-0.5733361593895718,-0.3222222222222222,-911000.0,977176629.0,1.258,0.026171901011939145,0.6515398275892841,medium_factor_quality_value_momentum
BGCP,False,0.1839878590438205,IGNORE,not_actively_trading;excluded_sector_or_industry;negative_or_zero_fcf;market_cap_too_small;roic_too_low,4.43,"BGC Partners, Inc.",Financial Services,Financial - Capital Markets,NASDAQ,False,False,False,False,0.35302013428534473,-0.920311482102631,0.1484575565845367,0.20696769065879103,-0.09968890373790312,-0.09968890373790312,0.09913835379371116,-0.4312511829386576,0.0,-0.16729323308270683,0.19407008086253352,0.29532163742690054,-183258000.0,1734216446.0,1.871126,0.0,0.020565912206177383,medium_factor_quality_value_momentum
AINV,False,0.18293684011182704,IGNORE,not_actively_trading;excluded_sector_or_industry;negative_or_zero_fcf;market_cap_too_small;roic_too_low,13.65,Apollo Investment Corporation,Financial Services,Asset Management,NASDAQ,False,False,False,False,-4.204534234389296,-1.3080244860358459,0.15,0.14228548000000002,-0.1,-0.1,-0.8154961568231591,0.05,-0.2514619883040935,0.1441743503772004,0.011111111111111072,-0.0065502183406113135,-49746000.0,893411610.0,1.704758,0.0,0.0,medium_factor_quality_value_momentum
AIN,False,0.18281603732018412,IGNORE,market_cap_too_small;roic_too_low,71.99,Albany International Corp.,Consumer Cyclical,Apparel - Manufacturers,NYSE,False,False,False,True,18.140052705267234,-0.7480198262916067,0.10294092334300456,0.10014112909229254,-0.043550361573553506,-0.043550361573553506,0.06217737936667711,-0.15716945342008404,-0.08457720568421889,0.4679853181076672,0.4317820206841685,0.06889383815887151,82644000.0,2041273786.0,1.207,0.0,0.6274543554266059,medium_factor_quality_value_momentum
ARGO,False,0.18281388602523932,IGNORE,not_actively_trading;excluded_sector_or_industry;market_cap_too_small;roic_too_low,29.99,"Argo Group International Holdings, Ltd.",Financial Services,Insurance - Property & Casualty,NYSE,False,False,False,False,19.73248484907569,-0.3420311820915075,0.213187527163397,0.09916,-0.1,-0.1,-0.07899853945719804,-0.4288922723979992,0.05,0.009764309764309642,0.025299145299145342,0.18210484824595974,5500000.0,1056112845.0,0.986,0.0,0.0,medium_factor_quality_value_momentum
AFRI,False,0.18160860916912963,IGNORE,negative_or_zero_fcf;market_cap_too_small;roic_too_low;debt_too_high_or_invalid,9.95,Forafric Global PLC,Consumer Defensive,Agricultural Farm Products,NASDAQ,False,False,False,True,-5.506048305644626,-1.5533716890095102,0.15,0.06558221833449032,-0.05998252499146932,-0.05998252499146932,-0.09377387600060028,-0.08824907364027423,0.05,0.032157676348547604,-0.08799266727772692,0.2789203084832903,-161000.0,268289810.0,0.373,0.0,-18.34342271837956,medium_factor_quality_value_momentum
AMR,False,0.18133660897572765,IGNORE,market_cap_too_small;roic_too_low,175.1,"Alpha Metallurgical Resources, Inc.",Energy,Coal,NYSE,False,False,False,True,46.28391222437035,-0.7356715464056519,0.14886444148961983,0.07769687949081228,-0.1,-0.1,-0.01461833435896076,-0.3363862731932151,-0.02273519408117486,-0.09597810934999229,-0.11677175283732666,0.5132659234292629,17773000.0,2226330662.0,0.617,0.0,0.01514078013840226,medium_factor_quality_value_momentum
BNTX,False,0.1811576168063084,IGNORE,excluded_adr;roic_too_low,90.19,BioNTech SE,Healthcare,Biotechnology,NASDAQ,False,False,True,True,67.62280145204704,-0.2502184116637427,0.2488694189726443,0.11948252587444734,-0.1,-0.1,-0.3826384808180271,-0.28420656179191484,-0.6951416605467537,0.010305813823232812,-0.015393013100436614,-0.13611111111111118,269813636.0,22807631500.0,1.324,0.0,0.013909551491448315,medium_factor_quality_value_momentum
AWK,False,0.1805848106207066,IGNORE,negative_or_zero_fcf,124.92,"American Water Works Company, Inc.",Utilities,Regulated Water,NYSE,False,False,False,True,-284.6942289498298,-3.27901239953434,0.1319082898802964,0.05851432342489837,0.036843192589183976,0.036843192589183976,0.06940606336973132,0.05,-0.04801776008813474,-0.08005007732528158,-0.06783075889858958,-0.11467044649184965,-1067000000.0,24394442683.0,0.613,0.0552293493904019,1.468856694657193,medium_factor_quality_value_momentum
CLCO,False,0.18040073997209546,IGNORE,not_actively_trading;negative_or_zero_fcf;market_cap_too_small,9.67,Cool Company Ltd.,Industrials,Marine Shipping,NYSE,False,False,False,False,-129.8167225194547,-14.424686920315892,0.10635735855140512,0.033736981050843384,-0.1,-0.1,0.25809545492173624,-0.9783841076978292,-0.5081945704504145,0.012565445026177846,0.3853868194842407,0.1763990267639901,-41380000.0,511233840.0,-0.694,0.08528910510426131,1.7190899540380826,medium_factor_quality_value_momentum
BZH,False,0.17876794553505132,IGNORE,market_cap_too_small;roic_too_low,26.48,"Beazer Homes USA, Inc.",Consumer Cyclical,Residential Construction,NYSE,False,False,False,True,-26.49114834258931,-2.000421009916515,0.10200686453321389,0.07112002086144932,-0.1,-0.1,0.025981394517645473,-0.41077232986233403,-0.21535212335235354,0.4198391420911529,0.23738317757009364,0.23449883449883457,3480000.0,723799686.0,2.204,0.01547497182071191,0.8462414304999736,medium_factor_quality_value_momentum
CALX,False,0.17861966112313724,IGNORE,market_cap_too_small;roic_too_low,37.47,"Calix, Inc.",Technology,Software - Application,NYSE,False,False,False,True,23.30198793354666,-0.3781161480238415,0.22573285931062742,0.11259901279712511,0.0017338962556367715,0.0017338962556367715,0.10146489176856255,0.25659937754329953,-0.5800263167017089,-0.2552176505664878,-0.29461596385542166,-0.2049649904519415,115518000.0,2389922781.0,1.22,0.02747232832689322,0.029692080831545856,medium_factor_quality_value_momentum
ACIU,False,0.17828421105967368,IGNORE,negative_or_zero_fcf;market_cap_too_small;roic_too_low,2.5,AC Immune S.A.,Healthcare,Biotechnology,NASDAQ,False,False,False,True,-5.324152383867747,-3.129660953547099,0.15612031484844827,0.1336250758532459,0.013708207160781844,0.013708207160781844,-0.031656533888240856,0.05,0.05,-0.1228070175438597,-0.14965986394557818,0.26262626262626254,-67007723.0,254433933.0,1.558,0.0,0.10117189749778058,medium_factor_quality_value_momentum
ASLE,False,0.17774102923512433,IGNORE,negative_or_zero_fcf;market_cap_too_small;roic_too_low,6.34,AerSale Corporation,Industrials,"Airlines, Airports & Air Services",NASDAQ,False,False,False,True,-17.808294864634124,-3.8088793161883476,0.14717637108951753,0.056045008567369964,-0.06975550408702628,-0.06975550408702628,-0.003804292149734878,0.05,-0.38129118409214846,0.02922077922077926,-0.08381502890173409,0.08006814310051102,-29050000.0,299582752.0,0.265,0.02276940034515626,0.34124039007518303,medium_factor_quality_value_momentum
CBRE,False,0.1776499764829261,IGNORE,excluded_sector_or_industry,129.95,"CBRE Group, Inc.",Real Estate,Real Estate - Services,NYSE,False,False,False,True,20.63442254159021,-0.841212600680337,0.12655968678021448,0.09829379580667115,-0.022154236288592314,-0.022154236288592314,0.09950603925457702,-0.14478535019212624,-0.0815281165196301,-0.015455716342147263,-0.1878632585463409,-0.02637296770809927,1193000000.0,38051514441.0,1.221,0.060962142288211785,1.125366073439964,medium_factor_quality_value_momentum
CCIX,False,0.17754800954059677,IGNORE,excluded_sector_or_industry;negative_or_zero_fcf;market_cap_too_small;roic_too_low,10.83,Churchill Capital Corp IX Ordinary Shares,Financial Services,Shell Companies,NASDAQ,False,False,False,True,-13.045897239665152,-2.2046073166819165,0.15,0.0370224523,-0.028451178451178446,-0.028451178451178446,0.05,0.05,-0.303030303030303,0.01214953271028052,0.023629489603024467,0.022662889518413554,-3410095.0,397054875.0,-0.049625795,0.0,0.0,medium_factor_quality_value_momentum
AI,False,0.1773784803163401,IGNORE,negative_or_zero_fcf;market_cap_too_small;roic_too_low,9.7,"C3.ai, Inc.",Technology,Information Technology Services,NYSE,False,False,False,True,-6.360547721920982,-1.6557265692702043,0.17667868104949958,0.16198,0.026678681049499595,0.026678681049499595,-0.0024729676386259225,0.05,0.05,0.14521841794569057,-0.309608540925267,-0.5985099337748345,-190693000.0,1375374931.0,2.033,0.0,0.0,medium_factor_quality_value_momentum
BBBY,False,0.17726400753887747,IGNORE,negative_or_zero_fcf;market_cap_too_small;roic_too_low,5.83,Bed Bath & Beyond Inc.,Consumer Cyclical,Specialty Retail,NYSE,False,False,False,True,-2.8313001306647116,-1.4856432471123004,0.14239221354609505,0.2064583083432827,-0.0679527514011992,-0.0679527514011992,-0.2153936906526982,0.05,0.05,0.24839400428265535,-0.05967741935483872,-0.0535714285714286,-79513000.0,431061455.0,2.8621752,0.0,0.10143715271873262,medium_factor_quality_value_momentum
CHYM,False,0.1767216140813841,IGNORE,excluded_sector_or_industry;market_cap_too_small;roic_too_low,16.92,"Chime Financial, Inc. Class A Common Stock",Financial Services,Banks - Regional,NASDAQ,False,False,False,True,3.927404259634345,-0.7678839090050624,0.1720571089255114,0.08581066600000001,0.029262525039874913,0.029262525039874913,0.2941776385179513,-0.33778260957097705,0.05,-0.11644908616187977,-0.31497975708502013,-0.46540284360189565,32893000.0,6446843866.0,0.7635111,0.0,0.09607221485817996,medium_factor_quality_value_momentum
BBAI,False,0.1757990143477472,IGNORE,negative_or_zero_fcf;market_cap_too_small;roic_too_low,3.815,"BigBear.ai Holdings, Inc.",Technology,Information Technology Services,NYSE,False,False,False,True,-0.03963693468698183,-1.0103897600752245,0.16044936411700944,0.2313270997563367,0.0134313700986722,0.0134313700986722,-0.032279417277987554,0.05,0.05,0.06564245810055858,-0.29871323529411775,-0.03661616161616166,-42476000.0,1368170448.0,3.083,0.0,0.03976007975550362,medium_factor_quality_value_momentum
ATEC,False,0.17571125589126158,IGNORE,market_cap_too_small;roic_too_low;debt_too_high_or_invalid,8.55,"Alphatec Holdings, Inc.",Healthcare,Medical - Devices,NASDAQ,False,False,False,True,-2.226045871421397,-1.2603562422715084,0.17505380791626157,0.07234497298530847,0.17505380791626157,0.17505380791626157,0.3313710678115884,0.05,0.05,-0.3088116410670977,-0.5631067961165048,-0.2148760330578512,2776000.0,1314895950.0,0.874,0.0,17.206916650476007,medium_factor_quality_value_momentum
CCIV,False,0.17521239202147088,IGNORE,not_actively_trading;excluded_sector_or_industry;negative_or_zero_fcf;roic_too_low,24.25,"Lucid Group, Inc.",Financial Services,Shell Companies,NYSE,False,False,False,False,-125.85896808466173,-6.190060539573679,0.11002273148683861,0.0408996610617315,0.05000000000000001,0.05000000000000001,0.05,0.05,0.05,0.0,0.0,0.0,-3800070000.0,44388413664.0,0.0,0.0,1.1996969135088187,medium_factor_quality_value_momentum
AMRC,False,0.17459439524550271,IGNORE,negative_or_zero_fcf;market_cap_too_small;roic_too_low,28.94,"Ameresco, Inc.",Industrials,Engineering & Construction,NYSE,False,False,False,True,-151.89640332158595,-6.248666320718243,0.0928948427796879,0.10720580373486874,0.045799013255936855,0.045799013255936855,0.12280031274762293,0.05,-0.11450506584353004,0.08552138034508627,-0.006522485410229928,0.7975155279503106,-436359000.0,1532413950.0,2.568,0.03219720433280535,1.801351664120724,medium_factor_quality_value_momentum
ACCO,False,0.17286038853245753,IGNORE,market_cap_too_small,3.82,ACCO Brands Corporation,Industrials,Business Equipment & Supplies,NYSE,False,False,False,True,-0.2748934608823987,-1.07196163897445,0.10592443078401706,0.0637378790553375,-0.1,-0.1,-0.06851951764917996,-0.22163749776908448,-0.5809523809523809,0.3310104529616724,0.010582010582010692,0.12684365781710905,50800000.0,352364623.0,1.207,0.05983655837956324,1.3854950346072825,medium_factor_quality_value_momentum
BTDR,False,0.16988133868753683,IGNORE,negative_or_zero_fcf;market_cap_too_small;roic_too_low,17.43,Bitdeer Technologies Group,Technology,Software - Application,NASDAQ,False,False,False,True,-49.49314163173926,-3.839537672503687,0.04730831320692102,0.16241027397165447,-0.06828924681215534,-0.06828924681215534,0.11966000548346134,0.05,-0.6216216216216216,1.1491985203452528,0.785860655737705,0.4771186440677966,-2006361000.0,4069376244.0,2.45,0.0,1.3692224905743864,medium_factor_quality_value_momentum
CLBK,False,0.16954731276993423,IGNORE,excluded_sector_or_industry;market_cap_too_small;roic_too_low,19.78,"Columbia Financial, Inc.",Financial Services,Banks - Regional,NASDAQ,False,False,False,True,-0.5392583808305056,-1.0272628099509862,0.09936812445289436,0.09285601609256464,-0.014829831731325372,-0.014829831731325372,0.13204268583830547,-0.10970452830981303,-0.16626282200285558,0.14933178384660084,0.18160095579450442,0.43022415039768624,58561000.0,2058267240.0,0.256,0.025837719396757185,1.0195945992515043,medium_factor_quality_value_momentum
AMT,False,0.16903772241875537,IGNORE,excluded_sector_or_industry;debt_too_high_or_invalid,176.43,American Tower Corporation,Real Estate,REIT - Specialty,NYSE,False,False,False,True,102.05130546349156,-0.42157623157347646,0.14057844727501953,0.07073648419621657,0.019815901930041974,0.019815901930041974,0.0327719627346601,0.02384860238475328,-0.012145270361261229,-0.0020363142711691262,-0.011541262815844,-0.18122331538889913,3783600000.0,82197514164.0,0.891,0.08939303797436812,12.310444900752909,medium_factor_quality_value_momentum
BG,False,0.16806818588454991,IGNORE,negative_or_zero_fcf;roic_too_low,111.42,Bunge Global S.A.,Consumer Defensive,Agricultural Farm Products,NYSE,False,False,False,True,-189.11013654672044,-2.6972728105072736,0.10198775304343023,0.05834347219798305,-0.1,-0.1,0.04420333732188775,-0.7602927721866423,-0.2250250172541719,-0.056961489631824014,0.19922505650629652,0.3023962594973699,-923000000.0,21617485560.0,0.617,0.026756679099768258,0.996919014084507,medium_factor_quality_value_momentum
BBD,False,0.16620139356108893,IGNORE,excluded_adr;excluded_sector_or_industry;negative_or_zero_fcf;roic_too_low;debt_too_high_or_invalid,3.43,Banco Bradesco S.A.,Financial Services,Banks - Regional,NYSE,False,False,True,True,-326.87297009376084,-96.29824200984281,0.11774606436573005,0.18298497514493395,0.11774606436573007,0.11774606436573007,0.21401846386914358,0.05,0.026820361907498036,0.0058651026392961825,0.03625377643504546,0.11003236245954695,-315800552000.0,36274920035.0,0.256,0.0,4.4748921073985235,medium_factor_quality_value_momentum
BOC,False,0.16549846584606362,IGNORE,negative_or_zero_fcf;market_cap_too_small;roic_too_low,13.16,Boston Omaha Corporation,Communication Services,Advertising Agencies,NYSE,False,False,False,True,-5.279029672553455,-1.4011420723824815,0.13424472177706212,0.07582004083712711,-0.07944836756087022,-0.07944836756087022,0.19033457958144862,0.05,-0.8131868131868132,0.11525423728813555,-0.02734663710273466,-0.05323741007194249,-10040655.0,400121996.0,0.691,0.0,0.2100703763058383,medium_factor_quality_value_momentum
BCYP,False,0.16529737795477234,IGNORE,not_actively_trading;negative_or_zero_fcf;market_cap_too_small;roic_too_low,8.44,Big Cypress Acquisition Corp.,Healthcare,Biotechnology,NASDAQ,False,False,False,False,-37.857658874003214,-5.485504605924552,0.14705400893597534,0.039888936288105484,-0.1,-0.1,-0.6157803153982777,0.05,0.05,-0.1511701582001589,0.0,0.0,-44775111.0,425357432.0,0.0,0.0,0.03927988085366206,medium_factor_quality_value_momentum
CIR,False,0.1650106674449539,IGNORE,not_actively_trading;negative_or_zero_fcf;market_cap_too_small;debt_too_high_or_invalid,56.0,"CIRCOR International, Inc.",Industrials,Industrial - Machinery,NYSE,False,False,False,False,-29.122530814094453,-1.5200451931088295,0.06443969704495389,0.1406490094554916,-0.1,-0.1,-0.0955244416667077,-0.9213453086183834,0.05,0.0005360014293371851,0.9642230796211855,2.404255319148936,-22809000.0,1141940800.0,2.258209,0.06443969704495389,3.363894722281604,medium_factor_quality_value_momentum
ASH,False,0.16427613648969477,IGNORE,negative_or_zero_fcf;market_cap_too_small;roic_too_low,67.69,Ashland Inc.,Basic Materials,Chemicals - Specialty,NYSE,False,False,False,True,-31.46642459960742,-1.4648607563836227,0.08795955882352942,0.055403351988834434,-0.09642348672284565,-0.09642348672284565,-0.03587321113723019,-0.22398595231928808,-0.026180339499412897,0.38680598238065955,0.13250794713066738,0.3910809699958899,-4000000.0,3099374625.0,0.433,0.0,0.8272058823529411,medium_factor_quality_value_momentum
BEP,False,0.16418654104336625,IGNORE,negative_or_zero_fcf;roic_too_low;debt_too_high_or_invalid,35.74,Brookfield Renewable Partners L.P.,Utilities,Renewable Utilities,NYSE,False,False,False,True,-754.6122052023024,-22.113939709073936,0.09756624243695251,0.06674826401575651,0.08253424618924243,0.08253424618924243,0.12320205392579542,0.05,0.05,0.15926046059033427,0.3385767790262173,0.4296,-5184190691.0,10839082989.0,0.989,0.015031996247710079,7.775196213961073,medium_factor_quality_value_momentum
BURL,False,0.16381435382759096,IGNORE,debt_too_high_or_invalid,340.27,"Burlington Stores, Inc.",Consumer Cyclical,Apparel - Retail,NYSE,False,False,False,True,-51.81737153470638,-1.1522831032259864,0.09600475496434652,0.11873615717617775,-0.04503221310574069,-0.04503221310574069,0.05541699420824098,-0.2903442031355328,0.12203735731098408,0.09630130807397386,0.26881199194570793,0.4968108036774732,171589000.0,21417342394.0,1.461,0.09600475496434652,3.3227871600030765,medium_factor_quality_value_momentum
CATX,False,0.16306273763589585,IGNORE,negative_or_zero_fcf;market_cap_too_small;roic_too_low,3.05,"Perspective Therapeutics, Inc.",Healthcare,Medical - Devices,AMEX,False,False,False,True,-4.911377221710304,-2.61028761367551,0.14941023325009298,0.14376733209548961,-0.1,-0.1,-0.4650571285251772,0.05,0.05,-0.3146067415730338,0.1776061776061777,-0.11594202898550732,-95233000.0,235612500.0,1.725,0.0,0.007863556665426917,medium_factor_quality_value_momentum
AGNT,False,0.1621763541718187,IGNORE,excluded_sector_or_industry;market_cap_too_small;roic_too_low,4.52,"eXp World Holdings, Inc. Common Stock",Financial Services,Real Estate - Development,NASDAQ,False,False,False,True,3.936151114655562,-0.1291701073770879,0.2983319570491648,0.16534000000000001,-0.1,-0.1,0.06062816803376525,-0.17456098990678826,-0.803921568627451,-0.23519458544839267,-0.548,-0.49327354260089695,108385000.0,742744136.0,2.089,0.0,0.0,medium_factor_quality_value_momentum
BAK,False,0.16111187145240755,IGNORE,excluded_adr;negative_or_zero_fcf;market_cap_too_small;roic_too_low;debt_too_high_or_invalid,2.93,Braskem S.A.,Basic Materials,Chemicals,NYSE,False,False,True,True,-412.3223878847676,-141.72436446579098,0.15,0.0678389859103451,-0.1,-0.1,-0.09991128169645647,-0.6388964485412921,0.05,-0.24484536082474218,0.08518518518518525,-0.19060773480662985,-7156605000.0,1167558709.0,0.665,0.0,-4.4166717217415785,medium_factor_quality_value_momentum
BGS,False,0.16064012351386436,IGNORE,market_cap_too_small;debt_too_high_or_invalid,3.78,"B&G Foods, Inc.",Consumer Defensive,Packaged Foods,NYSE,False,False,False,True,4.276627097203253,0.13138282994795047,0.3562682647319529,0.06311791394241303,0.03841805545071442,0.03841805545071442,-0.02889737887463739,0.12045067151832645,0.05,-0.22061855670103092,-0.19915254237288138,-0.11888111888111896,70749000.0,306811264.0,0.532,0.06529707730205826,4.416015762903339,medium_factor_quality_value_momentum
BALY,False,0.1594945203370782,IGNORE,negative_or_zero_fcf;market_cap_too_small;roic_too_low;debt_too_high_or_invalid,14.44,Bally's Corporation,Consumer Cyclical,"Gambling, Resorts & Casinos",NYSE,False,False,False,True,-203.45817290553128,-15.089901170743165,0.11588612607866061,0.08992208590352209,0.11245840342554057,0.11245840342554057,0.19053140770746624,0.05,0.05,0.19933554817275745,-0.11951219512195121,0.43253968253968256,-275493000.0,706820614.0,2.9088202,0.0034277226531200414,6.469051674042737,medium_factor_quality_value_momentum
BLX,False,0.15779033714260193,IGNORE,excluded_sector_or_industry;market_cap_too_small;roic_too_low,60.96,"Banco Latinoamericano de Comercio Exterior, S. A.",Financial Services,Banks - Regional,NYSE,False,False,False,True,64.02409636396,0.05026404796522299,0.26568438878881206,0.09223585319392563,-0.03361554740548658,-0.03361554740548658,0.21517768682463112,-0.6501361297638342,0.39357885767179934,0.24408163265306126,0.3911455956184391,0.4615200191800528,370862000.0,2269553602.0,0.804,0.045578769602722856,2.4895514327054644,medium_factor_quality_value_momentum
BMO,False,0.15715158985357386,IGNORE,excluded_sector_or_industry;roic_too_low;debt_too_high_or_invalid,173.18,Bank of Montreal,Financial Services,Banks - Diversified,NYSE,False,False,False,True,-246.90984186118706,-2.4257410893936195,0.02186234614922022,0.08727966610926391,-0.002694794603074421,-0.002694794603074421,0.24539407806180913,-0.3332523193707746,-0.003036252781291271,0.2940297392214002,0.3486488591231214,0.6299294117647058,8511000000.0,121298150078.0,1.163,0.02186234614922022,4.715392215874891,medium_factor_quality_value_momentum
BCSF,False,0.15690852643928238,IGNORE,excluded_sector_or_industry;market_cap_too_small,12.18,"Bain Capital Specialty Finance, Inc.",Financial Services,Asset Management,NYSE,False,False,False,True,-6.113195065239296,-1.5019043567519947,0.12233050458884037,0.055262281262877994,-0.022453276111756258,-0.022453276111756258,0.08062973372806281,-0.14205663539036006,-0.04921425687348868,0.004950495049504955,-0.11353711790393017,-0.1869158878504673,29524000.0,790098415.0,0.626,0.07104959605929437,1.3162545529393865,medium_factor_quality_value_momentum
BCS,False,0.15665810340657166,IGNORE,excluded_adr;excluded_sector_or_industry;negative_or_zero_fcf;roic_too_low;debt_too_high_or_invalid,27.29,Barclays PLC,Financial Services,Banks - Diversified,NYSE,False,False,True,True,29.251255895190074,0.07186720026346927,0.2287468801053877,0.08263659996425503,-0.1,-0.1,0.1926596443983255,-0.6574300345438129,0.05737126344056409,0.3597409068261086,0.11981945014361917,0.545300113250283,-8070000000.0,92154257077.0,0.899,0.0,2.8275866502108404,medium_factor_quality_value_momentum
AZTA,False,0.15323003121458953,IGNORE,market_cap_too_small;roic_too_low,22.27,"Azenta, Inc.",Healthcare,Medical - Instruments & Supplies,NASDAQ,False,False,False,True,10.737254280717051,-0.5178601580279725,0.14517194985946613,0.11708714554604333,-0.09635807893412816,-0.09635807893412816,0.0368975838646417,-0.3716043486219067,0.05,0.10302129767211476,-0.3557998264391091,-0.2561790247160989,38324000.0,1026486745.0,1.397,0.0,0.06437400187378474,medium_factor_quality_value_momentum
AMCR,False,0.15286418878439156,IGNORE,roic_too_low,40.68,Amcor plc,Consumer Cyclical,Packaging & Containers,NYSE,False,False,False,True,36.34970616936135,-0.10644773428315268,0.24233825016320973,0.054180958469251764,-0.03136982432431385,-0.03136982432431385,0.03936779222700815,-0.04964920447059784,-0.14542598720753186,0.06269592476489017,-0.027956989247311825,-0.10099447513812154,810000000.0,18808222669.0,0.636,0.030892787259826873,1.2796725784447476,medium_factor_quality_value_momentum
CIO,False,0.15226034854317852,IGNORE,not_actively_trading;excluded_sector_or_industry;market_cap_too_small;roic_too_low,6.99,"City Office REIT, Inc.",Real Estate,REIT - Office,NYSE,False,False,False,False,5.17849322199803,-0.25915690672417313,0.19105268019494728,0.0691233669390465,-0.1,-0.1,0.015618220497268132,0.030828330770155565,-0.9453703703703704,0.004310344827586299,0.23498233215547715,0.27787934186471674,58864000.0,282141844.0,1.589,0.010835998035157177,0.8816074020072086,medium_factor_quality_value_momentum
BKCC,False,0.15119346004050732,IGNORE,not_actively_trading;excluded_sector_or_industry;market_cap_too_small;roic_too_low,3.68,BlackRock Capital Investment Corporation,Financial Services,Asset Management,NASDAQ,False,False,False,False,-0.006452946450578581,-1.0017535180572223,0.11517438719943915,0.08798873837705992,-0.1,-0.1,-0.3324008486176092,-0.8312815963986361,-0.34141444006185795,-0.06835443037974687,-0.03157894736842093,0.05747126436781613,28789624.0,267064607.0,1.401,0.03461870716158754,0.9259242661619786,medium_factor_quality_value_momentum
BLND,False,0.1502033779835,IGNORE,negative_or_zero_fcf;market_cap_too_small;roic_too_low;debt_too_high_or_invalid,1.68,"Blend Labs, Inc.",Technology,Software - Application,NYSE,False,False,False,True,-0.36295745266833906,-1.2160461027787732,0.15,0.07588455094661234,-0.037983913770570726,-0.037983913770570726,-0.1479638059837841,0.05,0.05,0.024390243902439046,-0.4455445544554455,-0.4782608695652174,-81000.0,406755967.0,1.094,0.0,-5.26878764074365,medium_factor_quality_value_momentum
BYND,False,0.1501799316595,IGNORE,negative_or_zero_fcf;market_cap_too_small;roic_too_low;debt_too_high_or_invalid,0.6983,"Beyond Meat, Inc.",Consumer Defensive,Packaged Foods,NASDAQ,False,False,False,True,-11.494514414731471,-17.460710890350093,0.15,0.10823304105370259,-0.026676965659566433,-0.026676965659566433,-0.12252317273402447,0.05,0.05,0.0038815411155836976,-0.334952380952381,-0.7940117994100295,-172843000.0,359863319.0,2.766,0.0,-4576.324324324324,medium_factor_quality_value_momentum
AVAL,False,0.14989457986727725,IGNORE,excluded_adr;excluded_sector_or_industry;market_cap_too_small;debt_too_high_or_invalid,5.34,Grupo Aval Acciones y Valores S.A.,Financial Services,Banks - Regional,NYSE,False,False,True,True,-12299.849769957367,-2304.342653550069,0.06537135516201004,0.1935727129854838,-0.1,-0.1,0.19625586268901785,-0.6016394331740803,-0.08839741005888624,0.28985507246376807,0.31851851851851865,0.8936170212765957,1452164489000.0,6339507964.0,0.412,0.06537135516201004,3.7228652442125663,medium_factor_quality_value_momentum
CFFN,False,0.1476117000287577,IGNORE,excluded_sector_or_industry;market_cap_too_small;roic_too_low,8.19,"Capitol Federal Financial, Inc.",Financial Services,Banks - Regional,NASDAQ,False,False,False,True,0.3447820117810677,-0.9579020742636059,0.06685228684694833,0.08615877286569373,0.02029510690545975,0.02029510690545975,0.10619857401584798,-0.06444608220312298,-0.024400043652442638,0.16999999999999993,0.1390820584144643,0.4072164948453607,49839000.0,1038246300.0,0.686,0.03620685250278371,1.8619956341506017,medium_factor_quality_value_momentum
BLDR,False,0.14721909586514137,IGNORE,market_cap_too_small,77.33,"Builders FirstSource, Inc.",Industrials,Construction Materials,NYSE,False,False,False,True,13.072001365059636,-0.8309582133058369,0.12068803605229536,0.10118043182017691,-0.1,-0.1,-0.06520956249438714,-0.1337901927509798,-0.17702159913618531,-0.047894607239596154,-0.252922422954304,-0.2762751520823584,853284000.0,8317614800.0,1.62,0.0680177224605471,1.2977291521100232,medium_factor_quality_value_momentum
ALLY,False,0.14661362483222398,IGNORE,excluded_sector_or_industry;negative_or_zero_fcf;roic_too_low,45.57,Ally Financial Inc.,Financial Services,Financial - Credit Services,NYSE,False,False,False,True,-45.752540391434565,-2.004005714097752,0.07595746579833094,0.18296475890319397,-0.1,-0.1,0.03251118042855561,-0.37280771230359,-0.2672275511924397,0.18579234972677594,0.02083333333333326,0.23697068403908794,-647000000.0,13968255935.0,1.094,0.03128557265082804,1.4043747580332946,medium_factor_quality_value_momentum
AHPA,False,0.145783609454051,IGNORE,not_actively_trading;excluded_sector_or_industry;negative_or_zero_fcf;market_cap_too_small;roic_too_low,6.125,Avista Public Acquisition Corp. II,Financial Services,Shell Companies,NASDAQ,False,False,False,False,-19.225763517992945,-4.13890016620293,0.14428877978631374,0.03887890542487459,-0.1,-0.1,-0.29271342503126063,0.05,0.05,-0.39416419386745793,-0.3862725450901804,0.0,-37020000.0,705171250.0,0.0,0.0,0.07614960284915008,medium_factor_quality_value_momentum
CFR,False,0.1445398383358331,IGNORE,excluded_sector_or_industry;market_cap_too_small;roic_too_low,149.39,"Cullen/Frost Bankers, Inc.",Financial Services,Banks - Regional,NYSE,False,False,False,True,113.99839588314856,-0.2369074510800685,0.18427102352737745,0.086705479016636,0.007226194005579877,0.007226194005579877,0.20270083096514568,-0.31621940921406455,0.10144532491591485,0.1296030245746691,0.163745423385526,0.20904823567497566,127327000.0,9381251001.0,0.552,0.0,1.0425625339490001,medium_factor_quality_value_momentum
ALTI,False,0.14405261648720613,IGNORE,excluded_sector_or_industry;negative_or_zero_fcf;market_cap_too_small;roic_too_low,2.95,"AlTi Global, Inc.",Financial Services,Asset Management - Global,NASDAQ,False,False,False,True,-10.69662758788336,-4.625975453519782,0.14229198674900767,0.07374325027602552,-0.0054290128467550615,-0.0054290128467550615,0.35468410981958676,-0.5225325182997143,0.05,-0.10060975609756084,-0.38541666666666663,-0.2804878048780487,-52252000.0,438054176.0,0.725,0.0,0.102773510013231,medium_factor_quality_value_momentum
CGBD,False,0.14375371930837527,IGNORE,excluded_sector_or_industry;negative_or_zero_fcf;market_cap_too_small,10.73,"Carlyle Secured Lending, Inc.",Financial Services,Asset Management,NASDAQ,False,False,False,True,-119.46339313052948,-12.133587430617846,0.11405593911026818,0.05705419797498693,-0.00030022752560595554,-0.00030022752560595554,-0.0011682770872124548,0.14546728638621143,-0.21721539927011901,-0.021877848678213296,-0.16171875000000002,-0.23027259684361545,-204560000.0,745704183.0,0.683,0.06250611163217178,1.3126689669587146,medium_factor_quality_value_momentum
BLCO,False,0.142258996305362,IGNORE,negative_or_zero_fcf;market_cap_too_small;roic_too_low,14.93,Bausch + Lomb Corporation,Healthcare,Medical - Instruments & Supplies,NYSE,False,False,False,True,-16.705525740884127,-2.118923358398133,0.1005269658529546,0.06974393614073968,-0.1,-0.1,0.07887861732780399,-0.75,-0.9175,-0.05025445292620867,-0.11552132701421802,0.2926406926406926,-66000000.0,5323087706.0,0.575,0.012988194140795802,0.8328163771712159,medium_factor_quality_value_momentum
APD,False,0.14079181960808104,IGNORE,negative_or_zero_fcf;roic_too_low,283.11,"Air Products and Chemicals, Inc.",Basic Materials,Chemicals - Specialty,NYSE,False,False,False,True,-319.4069248830154,-2.1282078516584204,0.058121518279655775,0.06824385770373864,-0.1,-0.1,0.03915609505488282,-0.653981998404922,0.23502601852544025,0.007473043663926537,0.1490786589820603,0.02807030285423795,-3765800000.0,63043129013.0,0.747,0.0,1.225046422937923,medium_factor_quality_value_momentum
ALT,False,0.1406079266867763,IGNORE,negative_or_zero_fcf;market_cap_too_small;roic_too_low,2.93,"Altimmune, Inc.",Healthcare,Biotechnology,NASDAQ,False,False,False,True,-16.105175864509132,-6.496647052733492,0.13809828717784536,0.05212649351648206,-0.1,-0.1,-0.7897278497912,0.05,0.05,-0.12275449101796398,-0.424361493123772,-0.5678466076696165,-67546000.0,258593889.0,0.234,0.0,0.15868950429539513,medium_factor_quality_value_momentum
AMBC,False,0.14034456594908767,IGNORE,not_actively_trading;excluded_sector_or_industry;negative_or_zero_fcf;market_cap_too_small;roic_too_low,8.29,"Ambac Financial Group, Inc.",Financial Services,Insurance - Specialty,NYSE,False,False,False,False,-16.010936336504944,-2.9313554085048183,0.13768235096885958,0.07124336943158546,-0.1,-0.1,-0.16330541144885047,-0.8959385479068613,-0.6456659650679475,-0.24344569288389517,-0.3074285714285715,-0.46935201401050786,-52283000.0,397370348.0,0.872,0.0,0.16423532041520558,medium_factor_quality_value_momentum
CLF,False,0.1401756042513973,IGNORE,negative_or_zero_fcf;market_cap_too_small;roic_too_low,11.89,Cleveland-Cliffs Inc.,Basic Materials,Steel,NYSE,False,False,False,True,-31.55144406634345,-3.653611780180273,0.04979970568999346,0.11058179152406718,-0.1,-0.1,-0.023223673806487488,-0.12651229589033752,-0.6181696809794113,0.5204603580562659,-0.08043310131477177,0.6221009549795362,-1023000000.0,6782230272.0,2.089,0.0,1.3360039241334205,medium_factor_quality_value_momentum
ALCO,False,0.13946525562518916,IGNORE,market_cap_too_small;roic_too_low,40.15,"Alico, Inc.",Consumer Defensive,Agricultural Farm Products,NASDAQ,False,False,False,True,13.612847559738377,-0.6609502475781226,0.08772784183554624,0.08473743520596047,-0.1,-0.1,-0.20181337079953532,0.05,-0.4190022231571402,0.043670392513647016,0.07352941176470584,0.2794773741236456,14622000.0,297765650.0,0.937,0.0,0.8302954421927168,medium_factor_quality_value_momentum
BNS,False,0.13630730842636476,IGNORE,excluded_sector_or_industry;roic_too_low;debt_too_high_or_invalid,86.9,The Bank of Nova Scotia,Financial Services,Banks - Diversified,NYSE,False,False,False,True,-226.39861727328056,-3.6052775290366,0.016069065081992,0.06672815701337872,-0.017310105121820296,-0.017310105121820296,0.2403903012149462,-0.3238917111151477,-0.07283850880536225,0.275315526856472,0.2157246782316733,0.6003683241252304,5060000000.0,106546004400.0,1.217,0.016069065081992,5.802316211175834,medium_factor_quality_value_momentum
BXC,False,0.13382645633871193,IGNORE,market_cap_too_small;roic_too_low,55.52,BlueLinx Holdings Inc.,Industrials,Construction,NYSE,False,False,False,True,-6.215776832531563,-1.1119556345917068,0.09143379207801264,0.11033822223941603,-0.1,-0.1,-0.08838062057235496,-0.2918182939195575,-0.8258260688545327,0.22452580502867225,-0.122906793048973,-0.16158260344306852,32851000.0,432078848.0,1.449,0.023318607771783247,1.091797542583608,medium_factor_quality_value_momentum
BHVN,False,0.13365210330458538,IGNORE,negative_or_zero_fcf;market_cap_too_small;roic_too_low;debt_too_high_or_invalid,15.5,Biohaven Ltd.,Healthcare,Biotechnology,NYSE,False,False,False,True,-34.92472022352516,-3.253207756356462,0.05000000000000002,0.20806751144689725,0.05000000000000001,0.05000000000000001,0.05,0.05,0.05,0.7357222844344906,0.42594296228150874,0.07713690062543432,-610153000.0,1640912677.0,3.306,0.0,5.465778153326164,medium_factor_quality_value_momentum
CHCT,False,0.13332228930010906,IGNORE,excluded_sector_or_industry;market_cap_too_small;roic_too_low,17.5,Community Healthcare Trust Incorporated,Real Estate,REIT - Healthcare Facilities,NYSE,False,False,False,True,0.8274241153240541,-0.9527186219814826,0.07731081340248686,0.0657799740663626,-0.1,-0.1,0.07550961008009538,-0.07539279032255708,-0.5535831595857628,0.12612612612612617,0.10062893081761004,0.04228707564026202,35906000.0,500006378.0,0.7,0.020966711228923143,1.2487453043524839,medium_factor_quality_value_momentum
CDXS,False,0.13315846194182526,IGNORE,negative_or_zero_fcf;market_cap_too_small;roic_too_low,2.37,"Codexis, Inc.",Healthcare,Biotechnology,NASDAQ,False,False,False,True,-1.594872838390196,-1.6729421259030364,0.041337647687466596,0.1739469220690385,-0.014275960116929309,-0.014275960116929309,-0.09462091026309094,0.05,0.05,0.48124999999999996,0.4720496894409938,0.008510638297872353,-23847000.0,215424864.0,2.478,0.0,1.448831364167112,medium_factor_quality_value_momentum
AVTR,False,0.13173249840171114,IGNORE,market_cap_too_small;roic_too_low,9.35,"Avantor, Inc.",Healthcare,Medical - Instruments & Supplies,NYSE,False,False,False,True,7.330906405784633,-0.21594583895351516,0.21043702829999555,0.07333743219174008,-0.039154260141844144,-0.039154260141844144,-0.029505696541469617,-0.12449461360820757,0.06955914285695197,0.24500665778961395,-0.1576576576576577,-0.29646350639578634,495000000.0,6383763009.0,0.961,0.0,0.7091284815813118,medium_factor_quality_value_momentum
ARRY,False,0.12711134438777888,IGNORE,market_cap_too_small;debt_too_high_or_invalid,8.54,"Array Technologies, Inc.",Energy,Solar,NASDAQ,False,False,False,True,2.8732942250641424,-0.6635486855896788,0.08274327794027524,0.10807807441397603,0.008265265480434767,0.008265265480434767,0.10758088358493234,-0.15197871500527216,0.05,0.27462686567164174,0.01909307875894961,0.13262599469496017,79813000.0,1313677268.0,1.778,0.07447801245984047,2.942505030953807,medium_factor_quality_value_momentum
ARCO,False,0.12680078206880466,IGNORE,market_cap_too_small;debt_too_high_or_invalid,8.3,Arcos Dorados Holdings Inc.,Consumer Cyclical,Restaurants,NYSE,False,False,False,True,-5.75987757064666,-1.693961153089959,0.0877651512376584,0.05138276031271244,-0.005725889793905922,-0.005725889793905922,0.15160373437140073,-0.5285000965419426,0.46377617199753574,0.08072916666666674,0.14482758620689662,0.08923884514435709,14994000.0,1748503381.0,0.473,0.0877651512376584,2.9142805227842024,medium_factor_quality_value_momentum
BPMC,False,0.126344995406292,IGNORE,not_actively_trading;negative_or_zero_fcf;market_cap_too_small;roic_too_low,129.46,Blueprint Medicines Corporation,Healthcare,Biotechnology,NASDAQ,False,False,False,False,-39.53663871752482,-1.3053965604628828,0.03219928682637738,0.09221338673352332,-0.018980489430217785,-0.018980489430217785,-0.10520610121799001,0.05,0.05,0.576665448788211,0.23424539994279736,0.07435684647302909,-197216000.0,8360811612.0,0.833,0.0,1.5706761756483016,medium_factor_quality_value_momentum
CGC,False,0.126229855031695,IGNORE,negative_or_zero_fcf;market_cap_too_small;roic_too_low,0.9571,Canopy Growth Corporation,Healthcare,Drug Manufacturers - Specialty & Generic,NASDAQ,False,False,False,True,-0.16841505453432043,-1.1759639061062799,0.12003479101024378,0.16450348923197897,-0.025785909681350347,-0.025785909681350347,-0.12051829678303827,0.05,0.05,0.013018628281117772,-0.5015104166666666,-0.258062015503876,-96419175.0,404044447.0,2.414,0.0,0.39953611986341625,medium_factor_quality_value_momentum
BEPI,False,0.1260918778300082,IGNORE,excluded_sector_or_industry;negative_or_zero_fcf;roic_too_low;debt_too_high_or_invalid,15.45,Brookfield BRP Holdings Canada 4.875% Perpetual Subordinated Notes,Real Estate,Real Estate - Development,NYSE,False,False,False,True,-775.1407016077088,-51.17091919790996,0.09756624243695251,0.06562101309028456,0.08253424618924243,0.08253424618924243,0.12320205392579542,0.05,0.05,0.0012961762799741372,-0.04156327543424332,-0.0012928248222366934,-5184190691.0,10639241310.0,0.91881955,0.015031996247710079,7.775196213961073,medium_factor_quality_value_momentum
BEPH,False,0.12549082844727222,IGNORE,excluded_sector_or_industry;negative_or_zero_fcf;roic_too_low;debt_too_high_or_invalid,14.74,Brookfield BRP Holdings Canada 4.625% Perpetual Subordinated Notes,Real Estate,Real Estate - Development,NYSE,False,False,False,True,-829.3798105365457,-57.26728701062047,0.09756624243695251,0.06295071042539772,0.08253424618924243,0.08253424618924243,0.12320205392579542,0.05,0.05,-0.004054054054054124,-0.04161248374512361,-0.011401743796110031,-5184190691.0,10608278741.0,0.72941154,0.015031996247710079,7.775196213961073,medium_factor_quality_value_momentum
CEQP,False,0.12493250891304526,IGNORE,not_actively_trading;market_cap_too_small;roic_too_low,28.26,Crestwood Equity Partners LP,Energy,Oil & Gas Midstream,NYSE,False,False,False,False,-5.20508207399454,-1.184185494479637,0.06275449513219984,0.10823828306445799,0.040312352827975115,0.040312352827975115,0.1320233152278305,-0.06441849065201088,0.01398669324824331,0.059617547806524174,0.17995824634655544,-0.0629973474801061,209900000.0,2970012960.0,2.421161,0.006480261012278427,1.7871749161073827,medium_factor_quality_value_momentum
AQNB,False,0.12342184265760804,IGNORE,negative_or_zero_fcf;roic_too_low,25.39,Algonquin Power & Utilities Cor,Utilities,Regulated Electric,NYSE,False,False,False,True,-27.561099277060105,-2.085510014850733,0.06824154529431528,0.048436818431573665,-0.06756726219146866,-0.06756726219146866,0.07521465284893836,0.05,-0.5294819855594857,-0.007815552950371174,-0.008203124999999978,0.0055445544554455495,-390703000.0,18637510686.0,0.17474447,0.025431240593458485,1.4291959373219094,medium_factor_quality_value_momentum
CIGI,False,0.12220536122963667,IGNORE,excluded_sector_or_industry;market_cap_too_small,89.61,Colliers International Group Inc.,Real Estate,Real Estate - Services,NASDAQ,False,False,False,True,29.50804467386591,-0.6707058958390145,0.09353358251781113,0.08610389768885773,-0.011888368875087065,-0.011888368875087065,0.0844640315014713,0.0018912796048498048,-0.2252626423481091,-0.10640207419226166,-0.3745812395309883,-0.3051872528494999,232342302.0,4460615541.0,1.255,0.07574093722443888,1.7627647294217033,medium_factor_quality_value_momentum
AQN,False,0.1209291897354966,IGNORE,negative_or_zero_fcf;market_cap_too_small;roic_too_low,5.86,Algonquin Power & Utilities Corp.,Utilities,Renewable Utilities,NYSE,False,False,False,True,-14.256517213765076,-3.4328527668541082,0.07677521146598548,0.06101709972282275,-0.0315208625509299,-0.0315208625509299,0.01708653407055194,0.05,-0.2510169496202884,-0.0638977635782747,-0.0377668308702791,0.019130434782608674,-181421235.0,4510240088.0,0.899,0.032516307306200656,1.4098812778695355,medium_factor_quality_value_momentum
ACDC,False,0.11992117820529034,IGNORE,market_cap_too_small;roic_too_low,6.11,ProFrac Holding Corp.,Energy,Oil & Gas Equipment & Services,NASDAQ,False,False,False,True,-5.792464855966827,-1.948030254659055,0.06147168873418027,0.11395804135033562,0.024558296899002865,0.024558296899002865,0.2608234717616458,-0.30742307165185245,0.05,-0.048286604361370666,0.5507614213197971,-0.3648648648648648,19600000.0,1105425801.0,1.418,0.0,1.5078214421976346,medium_factor_quality_value_momentum
ALK,False,0.1159467734007756,IGNORE,negative_or_zero_fcf;market_cap_too_small;roic_too_low,48.8,"Alaska Air Group, Inc.",Industrials,"Airlines, Airports & Air Services",NYSE,False,False,False,True,-75.81995215694168,-2.553687544199625,0.04780962690299914,0.07604173003130285,-0.1,-0.1,0.2322336110801646,-0.7520325203252033,-0.3069022713821222,0.3221349227851531,-0.04761904761904767,0.04117772562406663,-339000000.0,5437735200.0,1.307,0.023349937733499377,1.6738708110733365,medium_factor_quality_value_momentum
ARKO,False,0.11509540922991807,IGNORE,market_cap_too_small;roic_too_low;debt_too_high_or_invalid,7.46,Arko Corp.,Consumer Cyclical,Specialty Retail,NASDAQ,False,False,False,True,-15.317737305902826,-3.053315992748368,0.019962961860630013,0.04874535370707818,-0.1,-0.1,0.0075341140739555446,-0.1611513447424755,-0.22694482430605456,0.4890219560878244,0.48015873015873023,0.7761904761904761,65216000.0,836905479.0,0.993,0.019962961860630013,10.759856660104182,medium_factor_quality_value_momentum
BC,False,0.11422097475098066,IGNORE,market_cap_too_small;roic_too_low,81.52,Brunswick Corporation,Consumer Cyclical,Auto - Recreational Vehicles,NYSE,False,False,False,True,26.60169140139182,-0.6736789572940158,0.03794752706692913,0.09753200799975156,-0.06879952809397061,-0.06879952809397061,-0.021345307031896077,0.06599899678682952,-0.36590575753931975,0.15680431389243643,0.08548601864181093,0.46829971181556185,396300000.0,5296716186.0,1.38,0.0,1.494032972440945,medium_factor_quality_value_momentum
AGRO,False,0.11271477242016523,IGNORE,excluded_adr;market_cap_too_small;roic_too_low,9.15,Adecoagro S.A.,Consumer Defensive,Agricultural Farm Products,NYSE,False,False,True,True,-0.3655099280774041,-1.0399464402270386,0.07842440460591873,0.03849400633229204,-0.1,-0.1,0.06153972571082322,-0.3757760318921981,-0.0784585169501546,-0.35152374202693115,0.1776061776061777,-0.0368421052631579,20597000.0,5162121663.0,-0.103,0.016757102622401123,1.1777693068864319,medium_factor_quality_value_momentum
CBRL,False,0.11102438104030564,IGNORE,market_cap_too_small;roic_too_low;debt_too_high_or_invalid,46.12,"Cracker Barrel Old Country Store, Inc.",Consumer Cyclical,Restaurants,NASDAQ,False,False,False,True,-25.551373380596054,-1.5540193707848236,0.02647718042149807,0.0907822829390051,-0.1,-0.1,0.05412431172256915,-0.28595241227534485,-0.33775385731990704,0.6825975921196643,0.7254021698466142,-0.21870235473488064,60252000.0,1030849335.0,1.296,0.02647718042149807,2.5549861486845042,medium_factor_quality_value_momentum
BXP,False,0.10950735598461667,IGNORE,excluded_sector_or_industry;debt_too_high_or_invalid,64.91,"BXP, Inc.",Real Estate,REIT - Office,NYSE,False,False,False,True,7.379784978662179,-0.8863074259950365,0.07289015798622761,0.058800283392534486,-0.047714376096282096,-0.047714376096282096,0.047835842423672004,-0.11408492630682243,-0.13925898782037982,0.2463517665130568,-0.0665803853897039,-0.0948263840468554,689662000.0,10351652070.0,1.062,0.07289015798622761,3.3724682788084372,medium_factor_quality_value_momentum
AQNU,False,0.10881557533165233,IGNORE,not_actively_trading;negative_or_zero_fcf;roic_too_low,19.34,Algonquin Power & Utilities Corp.,Utilities,Renewable Utilities,NYSE,False,False,False,False,-14.886943218927568,-1.7697488737811566,0.07566832980452204,0.05804660316818595,-0.030796440606096216,-0.030796440606096216,0.018716483446427734,0.05,-0.2510169496202884,-0.0679518072289157,-0.13156713066906156,-0.3365351629502573,-181421235.0,13338805059.0,0.49,0.031409425644737206,1.4098812778695355,medium_factor_quality_value_momentum
BLMN,False,0.10848327225881456,IGNORE,market_cap_too_small;debt_too_high_or_invalid,8.33,"Bloomin' Brands, Inc.",Consumer Cyclical,Restaurants,NASDAQ,False,False,False,True,-6.982095523755706,-1.838186737545703,0.055963350792182766,0.06934530231039666,-0.1,-0.1,-0.010247007176302891,-0.23300737859231446,-0.6840150089914557,0.43127147766323026,0.17821782178217815,-0.07031250000000011,96770000.0,713167011.0,1.219,0.055963350792182766,6.059172307120461,medium_factor_quality_value_momentum
CAL,False,0.10706445749212087,IGNORE,market_cap_too_small;roic_too_low,12.67,"Caleres, Inc.",Consumer Cyclical,Apparel - Footwear & Accessories,NYSE,False,False,False,True,-12.592117289024271,-1.9938529825591376,0.054598276253767127,0.06997988667614807,-0.1,-0.1,-0.0017824613047865423,-0.3118094822636506,-0.04610004752372954,0.18080149114631872,-0.06632277081798088,-0.03503427265803505,32366000.0,425582056.0,0.741,0.01564706573820763,1.4806505264592067,medium_factor_quality_value_momentum
BIP,False,0.10549505230048149,IGNORE,debt_too_high_or_invalid,36.25,Brookfield Infrastructure Partners L.P.,Utilities,Diversified Utilities,NYSE,False,False,False,True,-125.03708136311222,-4.449298796223785,0.06613323361694776,0.0581565553424623,-0.013949476744817408,-0.013949476744817408,0.18954197597693567,-0.2755942442286279,-0.02846523096260789,-0.006032355360570341,0.06304985337243396,0.11298741172858451,268000000.0,16748297500.0,1.031,0.06613323361694776,12.300106799572802,medium_factor_quality_value_momentum
AN,False,0.10399096903303935,IGNORE,negative_or_zero_fcf;market_cap_too_small;debt_too_high_or_invalid,188.3,"AutoNation, Inc.",Consumer Cyclical,Auto - Dealerships,NYSE,False,False,False,True,-397.26232982884505,-3.1097309072163837,0.07857981395620521,0.05136992792536893,-0.1,-0.1,0.016859123032540335,-0.5286539076111925,-0.017810444604576925,0.03769425768764467,-0.0886210735201588,-0.023897154113317054,-197500000.0,6300800450.0,0.744,0.07857981395620521,4.350177267096664,medium_factor_quality_value_momentum
CC,False,0.10161355281750001,IGNORE,market_cap_too_small;roic_too_low;debt_too_high_or_invalid,21.46,The Chemours Company,Basic Materials,Chemicals - Specialty,NYSE,False,False,False,True,-22.209780334405863,-2.0349385057971046,0.0,0.08050931249467597,-0.1,-0.1,-0.02186512153058262,-0.5437544620314329,-0.6020887871228893,0.21242937853107358,0.8484065460809649,0.9509090909090909,51000000.0,3227105635.0,1.393,0.0,18.34,medium_factor_quality_value_momentum
ALX,False,0.09925032824786459,IGNORE,excluded_sector_or_industry;market_cap_too_small;debt_too_high_or_invalid,261.89,"Alexander's, Inc.",Real Estate,REIT - Retail,NYSE,False,False,False,True,33.683151961457156,-0.8713843523561146,0.055733395522791856,0.07143314509033931,-0.1,-0.1,0.008424436101468258,-0.11265692202003486,-0.32142449364561865,0.09398888842474618,0.19415439332451778,0.14894270422040878,73444000.0,1337548178.0,0.754,0.055733395522791856,8.639644178973212,medium_factor_quality_value_momentum
CDR-PB,False,0.09334186249234783,IGNORE,excluded_sector_or_industry;market_cap_too_small;debt_too_high_or_invalid,19.5086,"Cedar Realty Trust, Inc.",Real Estate,REIT - Retail,NYSE,False,False,False,True,-7552.979998439535,-388.1615594373525,0.060536097061172904,0.048509858946950354,-0.003596567359943163,-0.003596567359943163,0.12852948149930943,-0.21549567741224207,0.05,-0.024499999999999966,0.032275132275132457,0.23951715374841176,4026000.0,267634679.0,0.03,0.060536097061172904,7.625524133799931,medium_factor_quality_value_momentum
CDR-PC,False,0.09257269915529857,IGNORE,excluded_sector_or_industry;market_cap_too_small;debt_too_high_or_invalid,18.11,"Cedar Realty Trust, Inc.",Real Estate,REIT - Retail,NYSE,False,False,False,True,-7604.172782509375,-420.88806087848565,0.060536097061172904,0.04868944802773246,-0.003596567359943163,-0.003596567359943163,0.12852948149930943,-0.21549567741224207,0.05,-0.07413087934560325,0.08119402985074631,0.22613405551794186,4026000.0,248436041.0,0.03,0.060536097061172904,7.625524133799931,medium_factor_quality_value_momentum
CCEC,False,0.09205699420901574,IGNORE,negative_or_zero_fcf;market_cap_too_small;roic_too_low,19.86,Capital Clean Energy Carriers Corp.,Industrials,Marine Shipping,NASDAQ,False,False,False,True,-97.99424112791792,-5.934251819129805,0.04926023582044458,0.04375596703468941,-0.0503923176789669,-0.0503923176789669,0.024785455115462485,0.05,-0.351336339786276,0.0020181634712410634,-0.0671676843588539,-0.1541737649063033,-73279000.0,1193852124.0,0.61,0.02353743830559934,1.6570293664687301,medium_factor_quality_value_momentum
AAP,False,0.08989796327846052,IGNORE,negative_or_zero_fcf;market_cap_too_small;roic_too_low,55.42,"Advance Auto Parts, Inc.",Consumer Cyclical,Specialty Retail,NYSE,False,False,False,True,-107.0993482362129,-2.932503576979663,0.029585950220981625,0.0676481443037115,-0.1,-0.1,-0.05960801994833287,-0.7252483308571386,-0.5756021619737388,0.1781462585034015,0.29516242112643143,0.1415036045314111,-298000000.0,3343444707.0,1.064,0.029585950220981625,2.3767060964513194,medium_factor_quality_value_momentum
CG,False,0.08738042364632466,IGNORE,excluded_sector_or_industry,44.57,The Carlyle Group Inc.,Financial Services,Asset Management,NASDAQ,False,False,False,True,10.145920453929001,-0.772359873144963,0.0635591801431536,0.083389995742737,-0.1,-0.1,-0.04236466895933466,-0.11720841210718314,-0.35699520175227284,-0.05431784426055597,-0.23181661496035855,-0.05311238580837052,1363500000.0,16044060211.0,1.825,0.0635591801431536,2.411385923804565,medium_factor_quality_value_momentum
AHRT,False,0.08333323240513767,IGNORE,excluded_sector_or_industry;market_cap_too_small;roic_too_low;debt_too_high_or_invalid,6.75,"AH Realty Trust, Inc.",Financial Services,REIT - Healthcare Facilities,NYSE,False,False,False,True,-15.066932493599552,-3.2321381471999335,0.05119527706715278,0.06104853137318557,0.024664828960235037,0.024664828960235037,0.0006000160598298443,-0.31423142125519454,0.5811388300841898,0.18213660245183894,-0.03295128939828085,-0.02737752161383289,16617000.0,656583354.0,1.11,0.026530448106917744,2.8643433326536853,medium_factor_quality_value_momentum
ARI,False,0.08291470282875447,IGNORE,excluded_sector_or_industry;market_cap_too_small;roic_too_low;debt_too_high_or_invalid,10.75,"Apollo Commercial Real Estate Finance, Inc.",Real Estate,REIT - Mortgage,NYSE,False,False,False,True,-49.515238371344765,-5.606068685706489,0.04807441113120107,0.057755934050327466,-0.08462488971322826,-0.08462488971322826,0.1396207453585645,-0.32116575972709205,-0.1783048548360181,0.06858846918489059,0.06120434353405724,0.09693877551020402,42311000.0,1407682948.0,1.407,0.04807441113120107,4.2659633961715215,medium_factor_quality_value_momentum
AY,False,0.08046314175264374,IGNORE,not_actively_trading;market_cap_too_small;debt_too_high_or_invalid,21.99,Atlantica Sustainable Infrastructure plc,Utilities,Renewable Utilities,NASDAQ,False,False,False,False,2.9116942953362477,-0.8675900729724307,0.05190133692865947,0.06937168064041002,-0.05436719015928768,-0.05436719015928768,0.021177856478028945,-0.043884002949976075,-0.22118206424788833,0.005946935041170942,0.002735978112174964,0.05975903614457834,303839000.0,2554578300.0,0.998,0.05190133692865947,3.854269510501399,medium_factor_quality_value_momentum
CIM,False,0.07655005910636628,IGNORE,excluded_sector_or_industry;negative_or_zero_fcf;market_cap_too_small;roic_too_low;debt_too_high_or_invalid,13.12,Chimera Investment Corporation,Real Estate,REIT - Mortgage,NYSE,False,False,False,True,-281.99715815127604,-22.49368583470092,0.049282012131489486,0.04223411843991946,-0.1,-0.1,-0.08086814269300291,-0.2655663754880341,0.04209858631494634,0.0387965162311954,0.024199843871974824,-0.040935672514619936,-248879000.0,1097435520.0,1.763,0.049282012131489486,5.080507436951304,medium_factor_quality_value_momentum
CIMP,False,0.07624180285859773,IGNORE,excluded_sector_or_industry;negative_or_zero_fcf;market_cap_too_small;roic_too_low;debt_too_high_or_invalid,25.1,Chimera Investment Corporation,Real Estate,REIT - Mortgage,NYSE,False,False,False,True,-539.3272026640834,-22.487139548369857,0.049282012131489486,0.03404617166021318,-0.1,-0.1,-0.08086814269300291,-0.2655663754880341,0.04209858631494634,0.023189585028478454,0.005597760895641679,0.0,-248879000.0,1110818873.0,0.0,0.049282012131489486,5.080507436951304,medium_factor_quality_value_momentum
CIMN,False,0.07605089286050168,IGNORE,excluded_sector_or_industry;negative_or_zero_fcf;market_cap_too_small;roic_too_low;debt_too_high_or_invalid,25.15,Chimera Investment Corporation,Real Estate,REIT - Mortgage,NYSE,False,False,False,True,-515.4658870275499,-21.49566151202982,0.049282012131489486,0.034313914971538795,-0.1,-0.1,-0.08086814269300291,-0.2655663754880341,0.04209858631494634,0.022754977651361363,-0.0019825535289451635,0.005191693290734989,-248879000.0,1111256296.0,0.05690992,0.049282012131489486,5.080507436951304,medium_factor_quality_value_momentum
AHAC,False,0.07556508664000001,IGNORE,not_actively_trading;excluded_sector_or_industry;negative_or_zero_fcf;market_cap_too_small;roic_too_low;debt_too_high_or_invalid,10.96,Alpha Healthcare Acquisition Corp.,Financial Services,Shell Companies,NASDAQ,False,False,False,False,-49.70320588961215,-5.534964041023006,0.05000000000000002,0.045266576117499964,0.05000000000000001,0.05000000000000001,0.05,0.05,0.05,0.0,0.0,0.0,-105926000.0,1130173280.0,0.0,0.0,20.857510453522032,medium_factor_quality_value_momentum
BXMT,False,0.0737585875678625,IGNORE,excluded_sector_or_industry;market_cap_too_small;debt_too_high_or_invalid,18.01,"Blackstone Mortgage Trust, Inc.",Real Estate,REIT - Mortgage,NYSE,False,False,False,True,-46.31807349280226,-3.5717975287508197,0.05488925209180006,0.055863729463742434,-0.04207475123501924,-0.04207475123501924,0.1573503797397,-0.07843862270523749,-0.38637920597913034,-0.011525795828759455,-0.11324470704086642,-0.06780538302277428,275873000.0,3037998840.0,0.932,0.05488925209180006,4.619610392950948,medium_factor_quality_value_momentum
ACRE,False,0.07303204535094288,IGNORE,excluded_sector_or_industry;market_cap_too_small;roic_too_low,4.52,Ares Commercial Real Estate Corporation,Real Estate,REIT - Mortgage,NYSE,False,False,False,True,-12.24056616700045,-3.708089859955852,0.03194933548728314,0.061308364955277805,-0.1,-0.1,-0.04373965979617367,-0.20022473282036035,-0.5985915492957747,-0.0382978723404257,-0.15514018691588782,-0.06418219461697727,19723000.0,250774572.0,1.202,0.03194933548728314,2.055578450766139,medium_factor_quality_value_momentum
ASTL,False,0.06827154855226254,IGNORE,negative_or_zero_fcf;market_cap_too_small;roic_too_low,4.29,Algoma Steel Group Inc.,Basic Materials,Steel,NASDAQ,False,False,False,True,-37.92433497987274,-9.840171323979659,0.01835675015271839,0.09807267264314368,-0.1,-0.1,-0.1396091873450087,0.05,-0.6525958331101744,0.20168067226890773,-0.013793103448275779,-0.3558558558558559,-394600000.0,452117176.0,1.598,0.0,1.755243331297088,medium_factor_quality_value_momentum
AHH,False,0.05679034243947897,IGNORE,not_actively_trading;excluded_sector_or_industry;market_cap_too_small;roic_too_low;debt_too_high_or_invalid,6.76,"AH Realty Trust, Inc.",Financial Services,REIT - Industrial,NYSE,False,False,False,False,-9.281813990151242,-2.373049406827107,0.028972396442365614,0.050601788024327625,-0.019622059743626487,-0.019622059743626487,-0.014640807548752077,-0.3154874774146068,0.41421356237309515,0.1079734219269104,-0.05255681818181823,-0.0176730486008837,16617000.0,541836930.0,1.09,0.028972396442365614,2.6296529335304313,medium_factor_quality_value_momentum
BRSP,False,0.055667986016623906,IGNORE,excluded_sector_or_industry;market_cap_too_small;roic_too_low;debt_too_high_or_invalid,5.5,"BrightSpire Capital, Inc.",Real Estate,REIT - Diversified,NYSE,False,False,False,True,-4.416794355067822,-1.8030535191032402,0.030751272348468514,0.05885826856731556,-0.0408741756217929,-0.0408741756217929,0.006523110162262036,-0.1646533404150614,0.05,0.005484460694698434,-0.0693739424703892,0.07421875,73025000.0,716529358.0,1.357,0.030751272348468514,2.6540143558616927,medium_factor_quality_value_momentum
APC,False,0.05103833140526772,IGNORE,roic_too_low;debt_too_high_or_invalid,18.48,ARKO Petroleum Corp. Class A Common Stock,Energy,Oil & Gas Refining & Marketing,NASDAQ,False,False,False,True,-59.69458470996567,-4.230226445344462,0.019975049847372427,0.07191934003585189,-0.1,-0.1,-0.13065452255317078,0.013555052551286195,-0.2579033461333847,0.010388190267905939,0.0,0.0,65299000.0,11087744089.0,0.6787627,0.019975049847372427,10.759856660104182,medium_factor_quality_value_momentum
BRT,False,0.04046813066182688,IGNORE,excluded_sector_or_industry;market_cap_too_small;roic_too_low;debt_too_high_or_invalid,14.86,BRT Apartments Corp.,Real Estate,REIT - Residential,NYSE,False,False,False,True,-13.938398825811317,-1.9379810784529825,0.013177233974892863,0.0511027295611576,-0.039592438452959414,-0.039592438452959414,0.3189962189095519,-0.08695206092318364,-0.6857303194726456,0.09911242603550297,-0.016545334215751106,-0.06658291457286436,6645000.0,279699675.0,0.626,0.013177233974892863,2.8676385958181467,medium_factor_quality_value_momentum
AYX,False,0.03910551734345702,IGNORE,not_actively_trading;market_cap_too_small;roic_too_low;debt_too_high_or_invalid,48.26,"Alteryx, Inc.",Technology,Software - Application,NYSE,False,False,False,False,-5.833185185406414,-1.1208699789765109,0.0,0.05827815661553881,-0.01689455139235396,-0.01689455139235396,0.23430430218767717,-0.3964227237606315,0.05,0.00920117105813456,0.38479196556671447,-0.1585004359197908,5000000.0,3527897839.0,0.485,0.0,6.7631578947368425,medium_factor_quality_value_momentum
ACI,False,0.03766236619237134,IGNORE,market_cap_too_small;roic_too_low;debt_too_high_or_invalid,13.62,"Albertsons Companies, Inc.",Consumer Defensive,Grocery Stores,NYSE,False,False,False,True,4.254901777086383,-0.6875989884664917,0.034294582842371336,0.0462811005375907,-0.1,-0.1,0.03712797516106514,-0.27484229982641506,-0.37959676059860026,-0.21226142278773863,-0.22963800904977383,-0.3541963015647227,527299999.0,6735566700.0,0.228,0.034294582842371336,8.330737392440911,medium_factor_quality_value_momentum
ATMR,False,0.03420120773836939,IGNORE,not_actively_trading;excluded_sector_or_industry;negative_or_zero_fcf;market_cap_too_small;roic_too_low,10.53,Altimar Acquisition Corp. II,Financial Services,Shell Companies,NYSE,False,False,False,False,-0.07357405872127903,-1.0069870900969875,0.0,0.04341066502603147,-0.0545490181476678,-0.0545490181476678,-0.18523529083225254,0.05,0.05,0.0,0.0,0.0,-6640000.0,1428742148.0,0.0,0.0,2.35855272226051,medium_factor_quality_value_momentum
BIGC,False,0.008145245137167878,IGNORE,not_actively_trading;market_cap_too_small;roic_too_low;debt_too_high_or_invalid,4.78,"BigCommerce Holdings, Inc.",Technology,Software - Application,NASDAQ,False,False,False,False,3.2896260278543856,-0.3117937180220951,0.08323480102982984,0.09094163391048327,0.007952288238667879,0.007952288238667879,0.1170771778939459,-0.16557937247592425,0.05,-0.09645669291338588,-0.3318777292576419,-0.19190140845070425,18802000.0,385913797.0,1.157,0.0,4.205849468923108,medium_factor_quality_value_momentum
